uniprot_id,arginine_fraction,aromatic_fraction,cc_motif_density,charge_asymmetry,charged_fraction,compactness_index,cxc_motif_density,cxxc_motif_density,cys_c_term_bias,cys_center_fraction,cys_context_aromatic,cys_context_charged,cys_context_hydrophobic,cys_context_polar,cys_n_term_bias,cys_spacing_cv,cys_spacing_max,cys_spacing_mean,cys_spacing_min,cys_spacing_std,cysteine_density,density_weighted_rg,density_weighted_ss,glycine_fraction,hydrophobic_fraction,kc_motif_density,log_mean_ss_distance,log_rg_cysteine_sulfur,lysine_fraction,max_consecutive_cys,mean_ss_distance,mean_ss_distance_sq,n_cys_sulfur_atoms,negative_fraction,net_charge_density,normalized_rg,normalized_ss,pc_motif_density,polar_fraction,positive_fraction,proline_fraction,rg_cysteine_sulfur,rg_cysteine_sulfur_sq,sc_motif_density,serine_fraction,small_fraction,ss_rg_ratio_sq,organism,habitat_type,metal_exposure,temperature_c,temperature_c_status,temperature_c_provenance,ph,ph_status,ph_provenance,salinity_psu,salinity_psu_status,salinity_psu_provenance,depth_m,depth_m_status,depth_m_provenance,latitude,latitude_status,latitude_provenance,longitude,longitude_status,longitude_provenance,metadata_match_mode,sst_mean_c,sst_mean_c_status,sst_mean_c_provenance,salinity_mean_psu,salinity_mean_psu_status,salinity_mean_psu_provenance,ph_mean,ph_mean_status,ph_mean_provenance,depth_mean_m,depth_mean_m_status,depth_mean_m_provenance,do_mean_mlL,do_mean_mlL_status,do_mean_mlL_provenance
A0A2U3YZV4,0.01639344262295082,0.0,0.04918032786885246,0.45454545454545453,0.18032786885245902,0.1419035331420942,0.11475409836065574,0.08196721311475409,0.3,0.4,0.0,0.19658119658119658,0.17094017094017094,0.26495726495726496,0.3,0.5478734244843404,7.0,2.8947368421052633,1.0,1.585949386665196,0.32786885245901637,3.483776520096827,4.34897409182228,0.09836065573770492,0.18032786885245902,0.11475409836065574,2.6577648883590577,2.4532025428487003,0.11475409836065574,2,13.264370980057954,175.94353749660362,20,0.04918032786885246,0.08196721311475409,2.3759381407930213,2.9660035190185092,0.01639344262295082,0.21311475409836064,0.13114754098360656,0.04918032786885246,10.625518386295324,112.9016409775,0.16393442622950818,0.13114754098360656,0.3770491803278688,1.558378921451347,Leptonychotes weddellii,open_ocean,,-1.3525,biooracle_sampled,biooracle:BO22_tempmean_ss,8.0392,biooracle_sampled,biooracle:BO22_phmean_ss,34.0846,biooracle_sampled,biooracle:BO22_salinitymean_ss,0,obis_aggregate,obis:depth_median,,missing,unavailable,,missing,unavailable,default_only,-1.3525,biooracle_sampled,biooracle:sst_mean_c,34.0846,biooracle_sampled,biooracle:salinity_mean_psu,8.0392,biooracle_sampled,biooracle:ph_mean,400.0,biooracle_sampled,biooracle:depth_mean_m,7.3836,biooracle_sampled,biooracle:do_mean_mlL
A0A2U3YZW4,0.0,0.0,0.04918032786885246,0.45454545454545453,0.18032786885245902,0.16206778863887344,0.11475409836065574,0.08196721311475409,0.3,0.4,0.0,0.19658119658119658,0.1623931623931624,0.27350427350427353,0.3,0.5478734244843404,7.0,2.8947368421052633,1.0,1.585949386665196,0.32786885245901637,3.223538195896415,4.115293270758786,0.09836065573770492,0.16393442622950818,0.14754098360655737,2.6065079034904834,2.382485467229496,0.13114754098360656,2,12.5516444758143,157.5437790472396,20,0.04918032786885246,0.08196721311475409,2.1984554128978826,2.806633027733049,0.01639344262295082,0.22950819672131148,0.13114754098360656,0.03278688524590164,9.831791497484067,96.66412405,0.18032786885245902,0.14754098360655737,0.36065573770491804,1.6298061002006219,Leptonychotes weddellii,open_ocean,,-1.3525,biooracle_sampled,biooracle:BO22_tempmean_ss,8.0392,biooracle_sampled,biooracle:BO22_phmean_ss,34.0846,biooracle_sampled,biooracle:BO22_salinitymean_ss,0,obis_aggregate,obis:depth_median,,missing,unavailable,,missing,unavailable,default_only,-1.3525,biooracle_sampled,biooracle:sst_mean_c,34.0846,biooracle_sampled,biooracle:salinity_mean_psu,8.0392,biooracle_sampled,biooracle:ph_mean,400.0,biooracle_sampled,biooracle:depth_mean_m,7.3836,biooracle_sampled,biooracle:do_mean_mlL
A0A384D193,0.0,0.0,0.04918032786885246,0.3333333333333333,0.19672131147540983,0.14600658259588878,0.11475409836065574,0.08196721311475409,0.3,0.4,0.0,0.20512820512820512,0.1623931623931624,0.27350427350427353,0.3,0.5478734244843404,7.0,2.8947368421052633,1.0,1.585949386665196,0.32786885245901637,3.3872487369415882,4.347211714781252,0.08196721311475409,0.16393442622950818,0.14754098360655737,2.6573879868457553,2.42755192088585,0.13114754098360656,2,13.25899573008282,175.80096777035445,20,0.06557377049180328,0.06557377049180328,2.310106121913017,2.9648015765844637,0.01639344262295082,0.22950819672131148,0.13114754098360656,0.03278688524590164,10.331108647671845,106.73180588999999,0.18032786885245902,0.14754098360655737,0.3442622950819672,1.6471282042350017,Ursus maritimus,open_ocean,,-0.6076,biooracle_sampled,biooracle:BO22_tempmean_ss,8.0411,biooracle_sampled,biooracle:BO22_phmean_ss,30.7127,biooracle_sampled,biooracle:BO22_salinitymean_ss,0.0,obis_aggregate,obis:depth_median,,missing,unavailable,,missing,unavailable,default_only,-0.6076,biooracle_sampled,biooracle:sst_mean_c,30.7127,biooracle_sampled,biooracle:salinity_mean_psu,8.0411,biooracle_sampled,biooracle:ph_mean,40.5833,biooracle_sampled,biooracle:depth_mean_m,8.174,biooracle_sampled,biooracle:do_mean_mlL
A0A384D1F2,0.0,0.0,0.04918032786885246,0.3333333333333333,0.19672131147540983,0.16398227562461787,0.11475409836065574,0.08196721311475409,0.3,0.4,0.0,0.20512820512820512,0.1623931623931624,0.27350427350427353,0.3,0.5478734244843404,7.0,2.8947368421052633,1.0,1.585949386665196,0.32786885245901637,3.2041593231328784,4.091846235322071,0.08196721311475409,0.16393442622950818,0.14754098360655737,2.601216824853272,2.3770138505636145,0.13114754098360656,2,12.480131017732317,155.75367021976427,20,0.06557377049180328,0.06557377049180328,2.1852390074657735,2.7906421323753094,0.01639344262295082,0.22950819672131148,0.13114754098360656,0.03278688524590164,9.77268593555528,95.50539039499999,0.18032786885245902,0.14754098360655737,0.36065573770491804,1.630836433164494,Ursus maritimus,open_ocean,,-0.6076,biooracle_sampled,biooracle:BO22_tempmean_ss,8.0411,biooracle_sampled,biooracle:BO22_phmean_ss,30.7127,biooracle_sampled,biooracle:BO22_salinitymean_ss,0.0,obis_aggregate,obis:depth_median,,missing,unavailable,,missing,unavailable,default_only,-0.6076,biooracle_sampled,biooracle:sst_mean_c,30.7127,biooracle_sampled,biooracle:salinity_mean_psu,8.0411,biooracle_sampled,biooracle:ph_mean,40.5833,biooracle_sampled,biooracle:depth_mean_m,8.174,biooracle_sampled,biooracle:do_mean_mlL
A0A384D251,0.01639344262295082,0.0,0.04918032786885246,0.45454545454545453,0.18032786885245902,0.16407146179024473,0.11475409836065574,0.08196721311475409,0.3,0.4,0.0,0.19658119658119658,0.20512820512820512,0.23076923076923078,0.3,0.5478734244843404,7.0,2.8947368421052633,1.0,1.585949386665196,0.32786885245901637,3.2290204389092745,4.0581348609554135,0.09836065573770492,0.19672131147540983,0.11475409836065574,2.593560087266375,2.384027958942793,0.11475409836065574,2,12.377311325914013,153.1978356585993,20,0.04918032786885246,0.08196721311475409,2.20219430665189,2.7676509503421785,0.01639344262295082,0.19672131147540983,0.13114754098360656,0.03278688524590164,9.848512338673288,96.993195285,0.16393442622950818,0.13114754098360656,0.39344262295081966,1.579469933003551,Ursus maritimus,open_ocean,,-0.6076,biooracle_sampled,biooracle:BO22_tempmean_ss,8.0411,biooracle_sampled,biooracle:BO22_phmean_ss,30.7127,biooracle_sampled,biooracle:BO22_salinitymean_ss,0.0,obis_aggregate,obis:depth_median,,missing,unavailable,,missing,unavailable,default_only,-0.6076,biooracle_sampled,biooracle:sst_mean_c,30.7127,biooracle_sampled,biooracle:salinity_mean_psu,8.0411,biooracle_sampled,biooracle:ph_mean,40.5833,biooracle_sampled,biooracle:depth_mean_m,8.174,biooracle_sampled,biooracle:do_mean_mlL
A0A452T0K9,0.0,0.0,0.04411764705882353,0.15789473684210525,0.27941176470588236,0.16764073151296285,0.10294117647058823,0.07352941176470588,0.25,0.45,0.0,0.27350427350427353,0.1282051282051282,0.23931623931623933,0.3,0.8183596048753234,13.0,3.210526315789474,1.0,2.6273650472313017,0.29411764705882354,2.852207730842705,3.6183573996252663,0.10294117647058823,0.1323529411764706,0.11764705882352941,2.5879456096237266,2.37001065681651,0.11764705882352941,2,12.302415158725905,151.34941873764893,20,0.16176470588235295,-0.04411764705882353,2.168428326519002,2.750903658233499,0.058823529411764705,0.19117647058823528,0.11764705882352941,0.04411764705882353,9.697506284865197,94.04162814499999,0.10294117647058823,0.07352941176470588,0.27941176470588236,1.6093874778974242,Ursus maritimus,open_ocean,,-0.6076,biooracle_sampled,biooracle:BO22_tempmean_ss,8.0411,biooracle_sampled,biooracle:BO22_phmean_ss,30.7127,biooracle_sampled,biooracle:BO22_salinitymean_ss,0.0,obis_aggregate,obis:depth_median,,missing,unavailable,,missing,unavailable,default_only,-0.6076,biooracle_sampled,biooracle:sst_mean_c,30.7127,biooracle_sampled,biooracle:salinity_mean_psu,8.0411,biooracle_sampled,biooracle:ph_mean,40.5833,biooracle_sampled,biooracle:depth_mean_m,8.174,biooracle_sampled,biooracle:do_mean_mlL
A0A452T0Q5,0.016129032258064516,0.0,0.04838709677419355,0.5555555555555556,0.14516129032258066,0.16236985631496267,0.0967741935483871,0.08064516129032258,0.3333333333333333,0.5,0.0,0.18095238095238095,0.20952380952380953,0.20952380952380953,0.16666666666666666,0.5340383148089843,7.0,2.764705882352941,1.0,1.476458870354251,0.2903225806451613,2.717389112352009,3.4385623129556957,0.12903225806451613,0.24193548387096775,0.0967741935483871,2.5528718599691755,2.3379421818999657,0.0967741935483871,2,11.843936855736285,140.2788402426683,18,0.03225806451612903,0.08064516129032258,2.2061486045357244,2.791642688878801,0.06451612903225806,0.1935483870967742,0.11290322580645161,0.06451612903225806,9.359895831434697,87.60764997530862,0.04838709677419355,0.08064516129032258,0.3225806451612903,1.6012167919377427,Ursus maritimus,open_ocean,,-0.6076,biooracle_sampled,biooracle:BO22_tempmean_ss,8.0411,biooracle_sampled,biooracle:BO22_phmean_ss,30.7127,biooracle_sampled,biooracle:BO22_salinitymean_ss,0.0,obis_aggregate,obis:depth_median,,missing,unavailable,,missing,unavailable,default_only,-0.6076,biooracle_sampled,biooracle:sst_mean_c,30.7127,biooracle_sampled,biooracle:salinity_mean_psu,8.0411,biooracle_sampled,biooracle:ph_mean,40.5833,biooracle_sampled,biooracle:depth_mean_m,8.174,biooracle_sampled,biooracle:do_mean_mlL
A0A6P8TQL5,0.0,0.0,0.05,0.3333333333333333,0.15,0.17728054248990927,0.1,0.06666666666666667,0.3,0.4,0.0,0.1452991452991453,0.11965811965811966,0.38461538461538464,0.3,0.47412381128746534,6.0,2.8947368421052633,1.0,1.372463664253189,0.3333333333333333,3.1302040349720905,4.0045504308705455,0.1,0.1,0.05,2.5659989059244737,2.340902716264798,0.1,2,12.013651292611637,144.32781738046927,20,0.05,0.05,2.099804701692517,2.6863340948257837,0.06666666666666667,0.31666666666666665,0.1,0.05,9.390612104916272,88.18359570500002,0.11666666666666667,0.15,0.31666666666666665,1.6366742161806165,Gymnodraco acuticeps,polar,low,-1.5,observed,metadata.csv:heuristic,8.2,observed,metadata.csv:heuristic,33.618,biooracle_sampled,biooracle:BO22_salinitymean_ss,40.0,obis_aggregate,obis:depth_median,,missing,unavailable,,missing,unavailable,organism_reuse,-1.5401,biooracle_sampled,biooracle:sst_mean_c,33.618,biooracle_sampled,biooracle:salinity_mean_psu,8.0738,biooracle_sampled,biooracle:ph_mean,123.0278,biooracle_sampled,biooracle:depth_mean_m,7.8424,biooracle_sampled,biooracle:do_mean_mlL
A0A6P8TQN4,0.0,0.0,0.05,0.4,0.16666666666666666,0.18225492891000203,0.1,0.06666666666666667,0.3,0.4,0.0,0.17094017094017094,0.11965811965811966,0.358974358974359,0.3,0.47412381128746534,6.0,2.8947368421052633,1.0,1.372463664253189,0.3333333333333333,3.0775154685954775,3.9619405950568325,0.1,0.1,0.06666666666666667,2.556127620508327,2.325573464510852,0.11666666666666667,2,11.885821785170497,141.2727595088336,20,0.05,0.06666666666666667,2.064460136875982,2.6577505480089134,0.06666666666666667,0.3,0.11666666666666667,0.05,9.232546405786433,85.23991313499998,0.11666666666666667,0.15,0.31666666666666665,1.6573545691569485,Gymnodraco acuticeps,polar,low,-1.5,observed,metadata.csv:heuristic,8.2,observed,metadata.csv:heuristic,33.618,biooracle_sampled,biooracle:BO22_salinitymean_ss,40.0,obis_aggregate,obis:depth_median,,missing,unavailable,,missing,unavailable,organism_reuse,-1.5401,biooracle_sampled,biooracle:sst_mean_c,33.618,biooracle_sampled,biooracle:salinity_mean_psu,8.0738,biooracle_sampled,biooracle:ph_mean,123.0278,biooracle_sampled,biooracle:depth_mean_m,7.8424,biooracle_sampled,biooracle:do_mean_mlL
A0A7F8Q4L6,0.03225806451612903,0.0,0.04838709677419355,0.3333333333333333,0.1935483870967742,0.15745537583671895,0.11290322580645161,0.08064516129032258,0.3,0.45,0.0,0.19658119658119658,0.21367521367521367,0.19658119658119658,0.25,0.5478734244843404,7.0,2.8947368421052633,1.0,1.585949386665196,0.3225806451612903,3.2499239589279214,4.067016323807481,0.12903225806451613,0.1935483870967742,0.0967741935483871,2.6106395277506595,2.4046690310705072,0.0967741935483871,2,12.607750603803192,158.95537528769975,20,0.06451612903225806,0.06451612903225806,2.252785777099101,2.8191787393467953,0.06451612903225806,0.16129032258064516,0.12903225806451613,0.08064516129032258,10.074764272676557,101.50087515,0.04838709677419355,0.06451612903225806,0.3064516129032258,1.5660493079768263,Leptonychotes weddellii,open_ocean,,-1.3525,biooracle_sampled,biooracle:BO22_tempmean_ss,8.0392,biooracle_sampled,biooracle:BO22_phmean_ss,34.0846,biooracle_sampled,biooracle:BO22_salinitymean_ss,0,obis_aggregate,obis:depth_median,,missing,unavailable,,missing,unavailable,default_only,-1.3525,biooracle_sampled,biooracle:sst_mean_c,34.0846,biooracle_sampled,biooracle:salinity_mean_psu,8.0392,biooracle_sampled,biooracle:ph_mean,400.0,biooracle_sampled,biooracle:depth_mean_m,7.3836,biooracle_sampled,biooracle:do_mean_mlL
A0A7K9EYQ1,0.07936507936507936,0.0,0.047619047619047616,0.5714285714285714,0.2222222222222222,0.15535707822163627,0.09523809523809523,0.07936507936507936,0.3333333333333333,0.5,0.0,0.21904761904761905,0.13333333333333333,0.2857142857142857,0.16666666666666666,0.5855612217731331,8.0,2.823529411764706,1.0,1.653349332065317,0.2857142857142857,2.737730588371031,3.454734389862122,0.06349206349206349,0.15873015873015872,0.07936507936507936,2.5719685394580356,2.3591598365765134,0.09523809523809523,2,12.091570364517427,146.2060738800761,18,0.047619047619047616,0.12698412698412698,2.258512508115492,2.850010466648189,0.015873015873015872,0.25396825396825395,0.1746031746031746,0.06349206349206349,9.58205705929861,91.81581748765431,0.1746031746031746,0.20634920634920634,0.4126984126984127,1.592384383003889,Stercorarius parasiticus,open_ocean,,10.6714,biooracle_sampled,biooracle:BO22_tempmean_ss,8.0743,biooracle_sampled,biooracle:BO22_phmean_ss,33.7252,biooracle_sampled,biooracle:BO22_salinitymean_ss,0.0,obis_aggregate,obis:depth_median,,missing,unavailable,,missing,unavailable,default_only,10.6714,biooracle_sampled,biooracle:sst_mean_c,33.7252,biooracle_sampled,biooracle:salinity_mean_psu,8.0743,biooracle_sampled,biooracle:ph_mean,34.9444,biooracle_sampled,biooracle:depth_mean_m,6.2581,biooracle_sampled,biooracle:do_mean_mlL
A0A8D2HQT0,0.0,0.0,0.04918032786885246,0.5,0.19672131147540983,0.1602195961227698,0.11475409836065574,0.08196721311475409,0.3,0.4,0.0,0.21367521367521367,0.18803418803418803,0.23076923076923078,0.3,0.5478734244843404,7.0,2.8947368421052633,1.0,1.585949386665196,0.32786885245901637,3.2499326479697532,4.128956653783545,0.09836065573770492,0.19672131147540983,0.14754098360655737,2.609578333322064,2.3898900963661065,0.14754098360655737,2,12.593317794039814,158.5916530616798,20,0.04918032786885246,0.09836065573770492,2.21645644856266,2.8159514649730717,0.01639344262295082,0.18032786885245902,0.14754098360655737,0.03278688524590164,9.912294576307747,98.25358376749999,0.16393442622950818,0.11475409836065574,0.36065573770491804,1.6141055316308806,Urocitellus parryii,open_ocean,,2.9619,biooracle_sampled,biooracle:BO22_tempmean_ss,8.0124,biooracle_sampled,biooracle:BO22_phmean_ss,29.7925,biooracle_sampled,biooracle:BO22_salinitymean_ss,0.0,biooracle_sampled,biooracle:BO_bathymean,,missing,unavailable,,missing,unavailable,default_only,2.9619,biooracle_sampled,biooracle:sst_mean_c,29.7925,biooracle_sampled,biooracle:salinity_mean_psu,8.0124,biooracle_sampled,biooracle:ph_mean,0.0,biooracle_sampled,biooracle:depth_mean_m,7.8063,biooracle_sampled,biooracle:do_mean_mlL
A0A8D2HQU7,0.03225806451612903,0.0,0.04838709677419355,0.3333333333333333,0.1935483870967742,0.14196098252269215,0.11290322580645161,0.08064516129032258,0.3,0.45,0.0,0.19658119658119658,0.21367521367521367,0.20512820512820512,0.25,0.5478734244843404,7.0,2.8947368421052633,1.0,1.585949386665196,0.3225806451612903,3.4203119172967975,4.286194729494548,0.11290322580645161,0.1935483870967742,0.0967741935483871,2.659364287798785,2.4512608364102233,0.0967741935483871,2,13.2872036614331,176.5497811404012,20,0.06451612903225806,0.06451612903225806,2.3708954849117663,2.9711090617848512,0.04838709677419355,0.1774193548387097,0.12903225806451613,0.06451612903225806,10.602966943620073,112.4229080075,0.04838709677419355,0.08064516129032258,0.3064516129032258,1.570407528762938,Urocitellus parryii,open_ocean,,2.9619,biooracle_sampled,biooracle:BO22_tempmean_ss,8.0124,biooracle_sampled,biooracle:BO22_phmean_ss,29.7925,biooracle_sampled,biooracle:BO22_salinitymean_ss,0.0,biooracle_sampled,biooracle:BO_bathymean,,missing,unavailable,,missing,unavailable,default_only,2.9619,biooracle_sampled,biooracle:sst_mean_c,29.7925,biooracle_sampled,biooracle:salinity_mean_psu,8.0124,biooracle_sampled,biooracle:ph_mean,0.0,biooracle_sampled,biooracle:depth_mean_m,7.8063,biooracle_sampled,biooracle:do_mean_mlL
A0A8D2KIM4,0.0,0.0,0.04918032786885246,0.2727272727272727,0.18032786885245902,0.15385266021257415,0.11475409836065574,0.08196721311475409,0.3,0.4,0.0,0.18803418803418803,0.18803418803418803,0.26495726495726496,0.3,0.5478734244843404,7.0,2.8947368421052633,1.0,1.585949386665196,0.32786885245901637,3.3268070491741524,4.20046813089064,0.08196721311475409,0.19672131147540983,0.11475409836065574,2.625496350868871,2.4111490072856303,0.11475409836065574,2,12.811427799216453,164.13268225453612,20,0.06557377049180328,0.04918032786885246,2.268884846543562,2.8647223447878516,0.01639344262295082,0.21311475409836064,0.11475409836065574,0.03278688524590164,10.146761499981165,102.95676893750003,0.16393442622950818,0.11475409836065574,0.32786885245901637,1.5941902989804677,Urocitellus parryii,open_ocean,,2.9619,biooracle_sampled,biooracle:BO22_tempmean_ss,8.0124,biooracle_sampled,biooracle:BO22_phmean_ss,29.7925,biooracle_sampled,biooracle:BO22_salinitymean_ss,0.0,biooracle_sampled,biooracle:BO_bathymean,,missing,unavailable,,missing,unavailable,default_only,2.9619,biooracle_sampled,biooracle:sst_mean_c,29.7925,biooracle_sampled,biooracle:salinity_mean_psu,8.0124,biooracle_sampled,biooracle:ph_mean,0.0,biooracle_sampled,biooracle:depth_mean_m,7.8063,biooracle_sampled,biooracle:do_mean_mlL
A0A8D2KIM5,0.0,0.0,0.04477611940298507,0.15789473684210525,0.2835820895522388,0.1613284765773488,0.1044776119402985,0.07462686567164178,0.25,0.45,0.0,0.27350427350427353,0.13675213675213677,0.23076923076923078,0.3,0.8299933065325821,13.0,3.1578947368421053,1.0,2.621031494313417,0.29850746268656714,2.9653708122479934,3.725206398699967,0.08955223880597014,0.14925373134328357,0.13432835820895522,2.601165668100785,2.391876489024848,0.11940298507462686,2,12.47944143564489,155.7364585456906,20,0.16417910447761194,-0.04477611940298507,2.221308189417894,2.790487937132954,0.05970149253731343,0.1791044776119403,0.11940298507462686,0.05970149253731343,9.93399222103078,98.68420144750004,0.08955223880597014,0.05970149253731343,0.26865671641791045,1.578129591782149,Urocitellus parryii,open_ocean,,2.9619,biooracle_sampled,biooracle:BO22_tempmean_ss,8.0124,biooracle_sampled,biooracle:BO22_phmean_ss,29.7925,biooracle_sampled,biooracle:BO22_salinitymean_ss,0.0,biooracle_sampled,biooracle:BO_bathymean,,missing,unavailable,,missing,unavailable,default_only,2.9619,biooracle_sampled,biooracle:sst_mean_c,29.7925,biooracle_sampled,biooracle:salinity_mean_psu,8.0124,biooracle_sampled,biooracle:ph_mean,0.0,biooracle_sampled,biooracle:depth_mean_m,7.8063,biooracle_sampled,biooracle:do_mean_mlL
A0A8M1G394,0.016129032258064516,0.0,0.04838709677419355,0.2727272727272727,0.1774193548387097,0.14267596665610108,0.11290322580645161,0.08064516129032258,0.3,0.45,0.0,0.1794871794871795,0.21367521367521367,0.21367521367521367,0.25,0.5478734244843404,7.0,2.8947368421052633,1.0,1.585949386665196,0.3225806451612903,3.423512915579925,4.260728034200649,0.12903225806451613,0.1935483870967742,0.0967741935483871,2.6538232678728,2.452115691373339,0.0967741935483871,2,13.208256906022012,174.45805049547818,20,0.06451612903225806,0.04838709677419355,2.373114356336415,2.953456030614627,0.06451612903225806,0.1774193548387097,0.11290322580645161,0.08064516129032258,10.612890038297767,112.63343496499998,0.04838709677419355,0.06451612903225806,0.3064516129032258,1.5489010927322755,Ursus maritimus,open_ocean,,-0.6076,biooracle_sampled,biooracle:BO22_tempmean_ss,8.0411,biooracle_sampled,biooracle:BO22_phmean_ss,30.7127,biooracle_sampled,biooracle:BO22_salinitymean_ss,0.0,obis_aggregate,obis:depth_median,,missing,unavailable,,missing,unavailable,default_only,-0.6076,biooracle_sampled,biooracle:sst_mean_c,30.7127,biooracle_sampled,biooracle:salinity_mean_psu,8.0411,biooracle_sampled,biooracle:ph_mean,40.5833,biooracle_sampled,biooracle:depth_mean_m,8.174,biooracle_sampled,biooracle:do_mean_mlL
A7DY24,0.017241379310344827,0.0,0.034482758620689655,0.17647058823529413,0.29310344827586204,0.23493804883330147,0.08620689655172414,0.05172413793103448,0.3333333333333333,0.3888888888888889,0.0,0.3333333333333333,0.12380952380952381,0.24761904761904763,0.2777777777777778,0.4410517285069121,6.0,3.0588235294117645,1.0,1.3490994048446723,0.3103448275862069,2.369515425433525,3.1142152731620674,0.06896551724137931,0.1206896551724138,0.15517241379310345,2.4010442783778805,2.155835901417831,0.15517241379310345,2,10.034693657966661,100.69507680923634,18,0.1206896551724138,0.05172413793103448,1.7996115680761116,2.3651999775592896,0.08620689655172414,0.20689655172413793,0.1724137931034483,0.10344827586206896,7.635105259730247,58.294832327160485,0.017241379310344827,0.05172413793103448,0.22413793103448276,1.7273413918427365,Bythograea thermydron,open_ocean,,28.1838,biooracle_sampled,biooracle:BO22_tempmean_ss,8.016,biooracle_sampled,biooracle:BO22_phmean_ss,33.6256,biooracle_sampled,biooracle:BO22_salinitymean_ss,2530.0,obis_aggregate,obis:depth_median,,missing,unavailable,,missing,unavailable,default_only,28.1838,biooracle_sampled,biooracle:sst_mean_c,33.6256,biooracle_sampled,biooracle:salinity_mean_psu,8.016,biooracle_sampled,biooracle:ph_mean,2708.375,biooracle_sampled,biooracle:depth_mean_m,4.6237,biooracle_sampled,biooracle:do_mean_mlL
A7DY25,0.034482758620689655,0.0,0.034482758620689655,0.2,0.3448275862068966,0.22199059396026122,0.08620689655172414,0.05172413793103448,0.3333333333333333,0.3888888888888889,0.0,0.4095238095238095,0.08571428571428572,0.23809523809523808,0.2777777777777778,0.4410517285069121,6.0,3.0588235294117645,1.0,1.3490994048446723,0.3103448275862069,2.44501165550208,3.194081704736227,0.05172413793103448,0.10344827586206896,0.13793103448275862,2.424098145577206,2.1836180818347044,0.1724137931034483,2,10.292041048594509,105.92610894595437,18,0.13793103448275862,0.06896551724137931,1.8569498269957172,2.425857339237161,0.05172413793103448,0.1896551724137931,0.20689655172413793,0.06896551724137931,7.878370889951147,62.06872787962963,0.06896551724137931,0.10344827586206896,0.2413793103448276,1.7065938446713085,Segonzacia mesatlantica,open_ocean,,20.1243,biooracle_sampled,biooracle:BO22_tempmean_ss,8.0658,biooracle_sampled,biooracle:BO22_phmean_ss,36.3482,biooracle_sampled,biooracle:BO22_salinitymean_ss,1693.0,obis_aggregate,obis:depth_median,,missing,unavailable,,missing,unavailable,default_only,20.1243,biooracle_sampled,biooracle:sst_mean_c,36.3482,biooracle_sampled,biooracle:salinity_mean_psu,8.0658,biooracle_sampled,biooracle:ph_mean,1771.7778,biooracle_sampled,biooracle:depth_mean_m,5.2086,biooracle_sampled,biooracle:do_mean_mlL
A7DY26,0.017241379310344827,0.0,0.034482758620689655,0.2631578947368421,0.3275862068965517,0.18311473761489536,0.08620689655172414,0.05172413793103448,0.3333333333333333,0.3888888888888889,0.0,0.37142857142857144,0.14285714285714285,0.19047619047619047,0.2777777777777778,0.4410517285069121,6.0,3.0588235294117645,1.0,1.3490994048446723,0.3103448275862069,2.680027306327959,3.5326369743866244,0.06896551724137931,0.13793103448275862,0.1724137931034483,2.516319828851682,2.265469091811474,0.1896551724137931,2,11.382941361912456,129.5713540487374,18,0.1206896551724138,0.08620689655172414,2.0354407029636623,2.682985008952378,0.10344827586206896,0.15517241379310345,0.20689655172413793,0.1206896551724138,8.635643542612312,74.57433939506173,0.05172413793103448,0.06896551724137931,0.25862068965517243,1.7374790725577318,Cyanagraea praedator,open_ocean,,28.2778,biooracle_sampled,biooracle:BO22_tempmean_ss,8.0184,biooracle_sampled,biooracle:BO22_phmean_ss,33.5473,biooracle_sampled,biooracle:BO22_salinitymean_ss,2600,obis_aggregate,obis:depth_median,,missing,unavailable,,missing,unavailable,default_only,28.2778,biooracle_sampled,biooracle:sst_mean_c,33.5473,biooracle_sampled,biooracle:salinity_mean_psu,8.0184,biooracle_sampled,biooracle:ph_mean,3076.0416,biooracle_sampled,biooracle:depth_mean_m,4.6145,biooracle_sampled,biooracle:do_mean_mlL
A7DY27,0.017241379310344827,0.0,0.034482758620689655,0.25,0.27586206896551724,0.2403759368020965,0.08620689655172414,0.05172413793103448,0.3333333333333333,0.3888888888888889,0.0,0.3047619047619048,0.18095238095238095,0.24761904761904763,0.2777777777777778,0.4410517285069121,6.0,3.0588235294117645,1.0,1.3490994048446723,0.3103448275862069,2.347349308129436,3.0725065457102763,0.05172413793103448,0.1724137931034483,0.13793103448275862,2.3887902080803807,2.1475301332257017,0.15517241379310345,2,9.90029886951089,98.0159177056386,18,0.10344827586206896,0.06896551724137931,1.782776733117199,2.333522822134887,0.10344827586206896,0.1896551724137931,0.1724137931034483,0.1206896551724138,7.563681103972628,57.209271842592585,0.10344827586206896,0.1206896551724138,0.3275862068965517,1.7132872792949143,Maja squinado,open_ocean,,12.7687,biooracle_sampled,biooracle:BO22_tempmean_ss,8.0621,biooracle_sampled,biooracle:BO22_phmean_ss,34.7077,biooracle_sampled,biooracle:BO22_salinitymean_ss,22.0,obis_aggregate,obis:depth_median,,missing,unavailable,,missing,unavailable,default_only,12.7687,biooracle_sampled,biooracle:sst_mean_c,34.7077,biooracle_sampled,biooracle:salinity_mean_psu,8.0621,biooracle_sampled,biooracle:ph_mean,38.0,biooracle_sampled,biooracle:depth_mean_m,6.0749,biooracle_sampled,biooracle:do_mean_mlL
A7DY28,0.017241379310344827,0.0,0.05172413793103448,0.17647058823529413,0.29310344827586204,0.2156864712367856,0.08620689655172414,0.06896551724137931,0.3684210526315789,0.3684210526315789,0.0,0.3333333333333333,0.13513513513513514,0.21621621621621623,0.2631578947368421,0.4741856925360752,6.0,2.888888888888889,1.0,1.3698697784375504,0.3275862068965517,2.6959772526138233,3.506434147438621,0.06896551724137931,0.13793103448275862,0.15517241379310345,2.459917984892619,2.2224401206490345,0.15517241379310345,2,10.703851607970527,114.57243924545325,19,0.1206896551724138,0.05172413793103448,1.8880514102416308,2.455631971884151,0.06896551724137931,0.1724137931034483,0.1724137931034483,0.08620689655172414,8.229825297452724,67.7300244265928,0.08620689655172414,0.08620689655172414,0.27586206896551724,1.6916048711842586,Necora puber,open_ocean,,12.2299,biooracle_sampled,biooracle:BO22_tempmean_ss,8.0648,biooracle_sampled,biooracle:BO22_phmean_ss,34.2218,biooracle_sampled,biooracle:BO22_salinitymean_ss,14,obis_aggregate,obis:depth_median,,missing,unavailable,,missing,unavailable,default_only,12.2299,biooracle_sampled,biooracle:sst_mean_c,34.2218,biooracle_sampled,biooracle:salinity_mean_psu,8.0648,biooracle_sampled,biooracle:ph_mean,9.0,biooracle_sampled,biooracle:depth_mean_m,6.134,biooracle_sampled,biooracle:do_mean_mlL
A7DY29,0.016666666666666666,0.0,0.05,0.1111111111111111,0.3,0.22923031857207787,0.06666666666666667,0.06666666666666667,0.3684210526315789,0.3684210526315789,0.0,0.3333333333333333,0.13513513513513514,0.23423423423423423,0.2631578947368421,0.4581228472908512,6.0,3.0,1.0,1.3743685418725535,0.31666666666666665,2.5178040434297326,3.3011428466186645,0.06666666666666667,0.13333333333333333,0.15,2.4357743189150596,2.1917608044263686,0.15,2,10.424661620901047,108.67356991028724,19,0.13333333333333333,0.03333333333333333,1.8240753548390523,2.3915813961112935,0.06666666666666667,0.18333333333333332,0.16666666666666666,0.08333333333333333,7.950960137146525,63.217767102493085,0.06666666666666667,0.08333333333333333,0.25,1.7190352473869885,Carcinus maenas,coastal_estuarine,moderate,12.8,observed,metadata.csv:curated_lookup,8.0,observed,metadata.csv:curated_lookup,30.2745,biooracle_sampled,biooracle:BO22_salinitymean_ss,4.7,obis_aggregate,obis:depth_median,,missing,unavailable,,missing,unavailable,organism_reuse,10.7561,biooracle_sampled,biooracle:sst_mean_c,30.2745,biooracle_sampled,biooracle:salinity_mean_psu,8.0646,biooracle_sampled,biooracle:ph_mean,4.3611,biooracle_sampled,biooracle:depth_mean_m,6.2636,biooracle_sampled,biooracle:do_mean_mlL
A7DY30,0.0,0.0,0.05172413793103448,0.17647058823529413,0.29310344827586204,0.2841288857384735,0.08620689655172414,0.05172413793103448,0.3157894736842105,0.42105263157894735,0.0,0.3153153153153153,0.15315315315315314,0.21621621621621623,0.2631578947368421,0.5014771080925113,6.0,2.888888888888889,1.0,1.4487116456005884,0.3275862068965517,2.328219320025566,3.0822335171570834,0.06896551724137931,0.13793103448275862,0.15517241379310345,2.342663454431462,2.092752040028083,0.1724137931034483,3,9.408923368163729,88.52783894797749,19,0.1206896551724138,0.05172413793103448,1.630502544583503,2.1585550594391596,0.06896551724137931,0.1724137931034483,0.1724137931034483,0.08620689655172414,7.107195819025412,50.51223240997229,0.08620689655172414,0.08620689655172414,0.27586206896551724,1.7526019881572295,Cancer pagurus,open_ocean,,11.4471,biooracle_sampled,biooracle:BO22_tempmean_ss,8.069,biooracle_sampled,biooracle:BO22_phmean_ss,33.9272,biooracle_sampled,biooracle:BO22_salinitymean_ss,15.5,obis_aggregate,obis:depth_median,,missing,unavailable,,missing,unavailable,default_only,11.4471,biooracle_sampled,biooracle:sst_mean_c,33.9272,biooracle_sampled,biooracle:salinity_mean_psu,8.069,biooracle_sampled,biooracle:ph_mean,25.3889,biooracle_sampled,biooracle:depth_mean_m,6.1798,biooracle_sampled,biooracle:do_mean_mlL
A7DY32,0.017241379310344827,0.0,0.034482758620689655,0.17647058823529413,0.29310344827586204,0.25506913612036464,0.08620689655172414,0.05172413793103448,0.3333333333333333,0.3888888888888889,0.0,0.3333333333333333,0.12380952380952381,0.24761904761904763,0.2777777777777778,0.4410517285069121,6.0,3.0588235294117645,1.0,1.3490994048446723,0.3103448275862069,2.2764744838247912,2.985663302066428,0.06896551724137931,0.1206896551724138,0.15517241379310345,2.3627833312152617,2.1205003085795515,0.15517241379310345,2,9.620470639991824,92.5534553349447,18,0.1206896551724138,0.05172413793103448,1.7289483628373707,2.267566675914768,0.08620689655172414,0.20689655172413793,0.1724137931034483,0.10344827586206896,7.3353066701021055,53.806723944444435,0.05172413793103448,0.06896551724137931,0.2413793103448276,1.72010946866987,Bythograea thermydron,open_ocean,,28.1838,biooracle_sampled,biooracle:BO22_tempmean_ss,8.016,biooracle_sampled,biooracle:BO22_phmean_ss,33.6256,biooracle_sampled,biooracle:BO22_salinitymean_ss,2530.0,obis_aggregate,obis:depth_median,,missing,unavailable,,missing,unavailable,default_only,28.1838,biooracle_sampled,biooracle:sst_mean_c,33.6256,biooracle_sampled,biooracle:salinity_mean_psu,8.016,biooracle_sampled,biooracle:ph_mean,2708.375,biooracle_sampled,biooracle:depth_mean_m,4.6237,biooracle_sampled,biooracle:do_mean_mlL
A7DY33,0.017241379310344827,0.0,0.034482758620689655,0.2631578947368421,0.3275862068965517,0.16939559036214605,0.08620689655172414,0.05172413793103448,0.3333333333333333,0.3888888888888889,0.0,0.37142857142857144,0.09523809523809523,0.23809523809523808,0.2777777777777778,0.4410517285069121,6.0,3.0588235294117645,1.0,1.3490994048446723,0.3103448275862069,2.8212194253684166,3.627626467794249,0.06896551724137931,0.10344827586206896,0.1724137931034483,2.5407369437041205,2.3116038936905716,0.1896551724137931,2,11.689018618448134,136.63315626242712,18,0.1206896551724138,0.08620689655172414,2.1426740081445725,2.7551281101734952,0.06896551724137931,0.1896551724137931,0.20689655172413793,0.08620689655172414,9.09059592618712,82.63893429320987,0.06896551724137931,0.08620689655172414,0.2413793103448276,1.6533751001391335,Cyanagraea praedator,open_ocean,,28.2778,biooracle_sampled,biooracle:BO22_tempmean_ss,8.0184,biooracle_sampled,biooracle:BO22_phmean_ss,33.5473,biooracle_sampled,biooracle:BO22_salinitymean_ss,2600,obis_aggregate,obis:depth_median,,missing,unavailable,,missing,unavailable,default_only,28.2778,biooracle_sampled,biooracle:sst_mean_c,33.5473,biooracle_sampled,biooracle:salinity_mean_psu,8.0184,biooracle_sampled,biooracle:ph_mean,3076.0416,biooracle_sampled,biooracle:depth_mean_m,4.6145,biooracle_sampled,biooracle:do_mean_mlL
A7DY34,0.017241379310344827,0.0,0.034482758620689655,0.15789473684210525,0.3275862068965517,0.22064818629628574,0.08620689655172414,0.05172413793103448,0.3333333333333333,0.3888888888888889,0.0,0.38095238095238093,0.11428571428571428,0.23809523809523808,0.2777777777777778,0.4410517285069121,6.0,3.0588235294117645,1.0,1.3490994048446723,0.3103448275862069,2.4549596886969915,3.2004924055075845,0.05172413793103448,0.1206896551724138,0.13793103448275862,2.4259257896317106,2.187222014031737,0.1724137931034483,2,10.312697751079995,106.35173490513039,18,0.13793103448275862,0.05172413793103448,1.8645052095963146,2.4307261707053076,0.06896551724137931,0.1896551724137931,0.1896551724137931,0.08620689655172414,7.910425663579194,62.574834179012335,0.06896551724137931,0.08620689655172414,0.2413793103448276,1.6995927564247681,Segonzacia mesatlantica,open_ocean,,20.1243,biooracle_sampled,biooracle:BO22_tempmean_ss,8.0658,biooracle_sampled,biooracle:BO22_phmean_ss,36.3482,biooracle_sampled,biooracle:BO22_salinitymean_ss,1693.0,obis_aggregate,obis:depth_median,,missing,unavailable,,missing,unavailable,default_only,20.1243,biooracle_sampled,biooracle:sst_mean_c,36.3482,biooracle_sampled,biooracle:salinity_mean_psu,8.0658,biooracle_sampled,biooracle:ph_mean,1771.7778,biooracle_sampled,biooracle:depth_mean_m,5.2086,biooracle_sampled,biooracle:do_mean_mlL
A7DY35,0.017241379310344827,0.0,0.034482758620689655,0.17647058823529413,0.29310344827586204,0.1880818281304276,0.08620689655172414,0.05172413793103448,0.3333333333333333,0.3888888888888889,0.0,0.34285714285714286,0.1523809523809524,0.20952380952380953,0.2777777777777778,0.4410517285069121,6.0,3.0588235294117645,1.0,1.3490994048446723,0.3103448275862069,2.683700889283141,3.434634916696518,0.06896551724137931,0.15517241379310345,0.1206896551724138,2.490487460868555,2.2666968080265537,0.15517241379310345,2,11.067156953799891,122.4819630400413,18,0.1206896551724138,0.05172413793103448,2.038230734339475,2.6085539101625863,0.06896551724137931,0.1724137931034483,0.1724137931034483,0.08620689655172414,8.647480643245675,74.77892147530864,0.08620689655172414,0.10344827586206896,0.27586206896551724,1.6379209625333229,Dromia personata,open_ocean,,15.6154,biooracle_sampled,biooracle:BO22_tempmean_ss,8.0696,biooracle_sampled,biooracle:BO22_phmean_ss,35.2302,biooracle_sampled,biooracle:BO22_salinitymean_ss,33.0,obis_aggregate,obis:depth_median,,missing,unavailable,,missing,unavailable,default_only,15.6154,biooracle_sampled,biooracle:sst_mean_c,35.2302,biooracle_sampled,biooracle:salinity_mean_psu,8.0696,biooracle_sampled,biooracle:ph_mean,29.3333,biooracle_sampled,biooracle:depth_mean_m,5.8813,biooracle_sampled,biooracle:do_mean_mlL
A7DY36,0.017241379310344827,0.0,0.034482758620689655,0.17647058823529413,0.29310344827586204,0.18471932644956723,0.08620689655172414,0.05172413793103448,0.3333333333333333,0.3888888888888889,0.0,0.34285714285714286,0.1523809523809524,0.20952380952380953,0.2777777777777778,0.4410517285069121,6.0,3.0588235294117645,1.0,1.3490994048446723,0.3103448275862069,2.7034357970001404,3.471627594568356,0.06896551724137931,0.15517241379310345,0.1206896551724138,2.50031693099176,2.2732665647332206,0.15517241379310345,2,11.186355582498036,125.13455121808498,18,0.1206896551724138,0.05172413793103448,2.053219101936166,2.636649296382785,0.06896551724137931,0.1724137931034483,0.1724137931034483,0.08620689655172414,8.711070901444897,75.88275625000001,0.05172413793103448,0.08620689655172414,0.27586206896551724,1.6490512127132304,Dromia personata,open_ocean,,15.6154,biooracle_sampled,biooracle:BO22_tempmean_ss,8.0696,biooracle_sampled,biooracle:BO22_phmean_ss,35.2302,biooracle_sampled,biooracle:BO22_salinitymean_ss,33.0,obis_aggregate,obis:depth_median,,missing,unavailable,,missing,unavailable,default_only,15.6154,biooracle_sampled,biooracle:sst_mean_c,35.2302,biooracle_sampled,biooracle:salinity_mean_psu,8.0696,biooracle_sampled,biooracle:ph_mean,29.3333,biooracle_sampled,biooracle:depth_mean_m,5.8813,biooracle_sampled,biooracle:do_mean_mlL
D3VN22,0.017241379310344827,0.0,0.034482758620689655,0.2,0.3448275862068966,0.22824476312203137,0.08620689655172414,0.05172413793103448,0.3333333333333333,0.3888888888888889,0.0,0.4,0.14285714285714285,0.19047619047619047,0.2777777777777778,0.4410517285069121,6.0,3.0588235294117645,1.0,1.3490994048446723,0.3103448275862069,2.4072988293901845,3.1552276690451606,0.05172413793103448,0.13793103448275862,0.1724137931034483,2.4129490943373906,2.1698364549190146,0.1896551724137931,2,10.16684471136774,103.36473138506616,18,0.13793103448275862,0.06896551724137931,1.8283074989452919,2.396348279559572,0.08620689655172414,0.15517241379310345,0.20689655172413793,0.10344827586206896,7.756851783590594,60.16874959259258,0.10344827586206896,0.10344827586206896,0.27586206896551724,1.7179139019001894,Allograea tomentosa,open_ocean,,20.7165,biooracle_sampled,biooracle:BO22_tempmean_ss,8.0667,biooracle_sampled,biooracle:BO22_phmean_ss,35.3169,biooracle_sampled,biooracle:BO22_salinitymean_ss,2335.0,obis_aggregate,obis:depth_median,,missing,unavailable,,missing,unavailable,default_only,20.7165,biooracle_sampled,biooracle:sst_mean_c,35.3169,biooracle_sampled,biooracle:salinity_mean_psu,8.0667,biooracle_sampled,biooracle:ph_mean,2385.6667,biooracle_sampled,biooracle:depth_mean_m,5.1184,biooracle_sampled,biooracle:do_mean_mlL
D3VN23,0.017241379310344827,0.0,0.034482758620689655,0.2,0.3448275862068966,0.2324558888458465,0.08620689655172414,0.05172413793103448,0.3333333333333333,0.3888888888888889,0.0,0.4,0.12380952380952381,0.20952380952380953,0.2777777777777778,0.4410517285069121,6.0,3.0588235294117645,1.0,1.3490994048446723,0.3103448275862069,2.3805451439163137,3.1328857241986334,0.05172413793103448,0.1206896551724138,0.1724137931034483,2.406481397234938,2.1599432359717827,0.1896551724137931,2,10.094854000195596,101.90607728526503,18,0.13793103448275862,0.06896551724137931,1.8079884744938521,2.3793799062088175,0.08620689655172414,0.1724137931034483,0.20689655172413793,0.10344827586206896,7.670645463730344,58.83880183024691,0.06896551724137931,0.10344827586206896,0.25862068965517243,1.7319536447949688,Gandalfus puia,open_ocean,,18.3114,biooracle_sampled,biooracle:BO22_tempmean_ss,8.0929,biooracle_sampled,biooracle:BO22_phmean_ss,35.5948,biooracle_sampled,biooracle:BO22_salinitymean_ss,406.5,obis_aggregate,obis:depth_median,,missing,unavailable,,missing,unavailable,default_only,18.3114,biooracle_sampled,biooracle:sst_mean_c,35.5948,biooracle_sampled,biooracle:salinity_mean_psu,8.0929,biooracle_sampled,biooracle:ph_mean,1267.1111,biooracle_sampled,biooracle:depth_mean_m,5.308,biooracle_sampled,biooracle:do_mean_mlL
D3VN24,0.017241379310344827,0.0,0.034482758620689655,0.1,0.3448275862068966,0.23609608392970746,0.08620689655172414,0.05172413793103448,0.3333333333333333,0.3888888888888889,0.0,0.4,0.12380952380952381,0.20952380952380953,0.2777777777777778,0.4410517285069121,6.0,3.0588235294117645,1.0,1.3490994048446723,0.3103448275862069,2.35976038329899,3.1117510076863506,0.05172413793103448,0.1206896551724138,0.13793103448275862,2.4003244333600633,2.1521891291119792,0.1724137931034483,2,10.026753246989351,100.5357806760115,18,0.15517241379310345,0.034482758620689655,1.7922027593028291,2.363328404743468,0.08620689655172414,0.1724137931034483,0.1896551724137931,0.10344827586206896,7.6036723461856335,57.81583314814814,0.06896551724137931,0.10344827586206896,0.25862068965517243,1.7388970322091033,Austinograea rodriguezensis,open_ocean,,23.5194,biooracle_sampled,biooracle:BO22_tempmean_ss,8.0855,biooracle_sampled,biooracle:BO22_phmean_ss,35.5229,biooracle_sampled,biooracle:BO22_salinitymean_ss,2444.0,obis_aggregate,obis:depth_median,,missing,unavailable,,missing,unavailable,default_only,23.5194,biooracle_sampled,biooracle:sst_mean_c,35.5229,biooracle_sampled,biooracle:salinity_mean_psu,8.0855,biooracle_sampled,biooracle:ph_mean,2798.1111,biooracle_sampled,biooracle:depth_mean_m,4.8584,biooracle_sampled,biooracle:do_mean_mlL
D5FXN8,0.0,0.0,0.05,0.3333333333333333,0.15,0.1520359238826217,0.1,0.06666666666666667,0.3,0.4,0.0,0.1452991452991453,0.13675213675213677,0.36752136752136755,0.3,0.47412381128746534,6.0,2.8947368421052633,1.0,1.372463664253189,0.3333333333333333,3.4053332376908756,4.292216812423719,0.1,0.11666666666666667,0.05,2.6302076029924137,2.417341304710264,0.1,2,12.87665043727116,165.80812648367555,20,0.05,0.05,2.2843669816548737,2.8793065700240703,0.06666666666666667,0.3,0.1,0.05,10.215999713072627,104.36665013749999,0.11666666666666667,0.13333333333333333,0.3,1.588707947081067,Trematomus lepidorhinus,open_ocean,,-1.4588,biooracle_sampled,biooracle:BO22_tempmean_ss,8.0355,biooracle_sampled,biooracle:BO22_phmean_ss,34.0091,biooracle_sampled,biooracle:BO22_salinitymean_ss,461,obis_aggregate,obis:depth_median,,missing,unavailable,,missing,unavailable,default_only,-1.4588,biooracle_sampled,biooracle:sst_mean_c,34.0091,biooracle_sampled,biooracle:salinity_mean_psu,8.0355,biooracle_sampled,biooracle:ph_mean,437.5278,biooracle_sampled,biooracle:depth_mean_m,7.4028,biooracle_sampled,biooracle:do_mean_mlL
D5FXP3,0.0,0.016666666666666666,0.05,0.4,0.16666666666666666,0.1739689309257812,0.08333333333333333,0.06666666666666667,0.3157894736842105,0.42105263157894735,0.009009009009009009,0.18018018018018017,0.13513513513513514,0.35135135135135137,0.2631578947368421,0.5055068645257398,6.0,3.0555555555555554,1.0,1.5446043082730938,0.31666666666666665,2.919761292183546,3.7509326021792044,0.1,0.11666666666666667,0.06666666666666667,2.5529585482397446,2.324375822843398,0.11666666666666667,2,11.845050322671172,140.30521714661245,19,0.05,0.06666666666666667,2.1152816197046778,2.7174409125093413,0.06666666666666667,0.3,0.11666666666666667,0.05,9.220298817421725,85.01391028254845,0.11666666666666667,0.15,0.31666666666666665,1.6503795282477918,Trematomus eulepidotus,open_ocean,,-1.4575,biooracle_sampled,biooracle:BO22_tempmean_ss,8.0319,biooracle_sampled,biooracle:BO22_phmean_ss,33.9873,biooracle_sampled,biooracle:BO22_salinitymean_ss,385,obis_aggregate,obis:depth_median,,missing,unavailable,,missing,unavailable,default_only,-1.4575,biooracle_sampled,biooracle:sst_mean_c,33.9873,biooracle_sampled,biooracle:salinity_mean_psu,8.0319,biooracle_sampled,biooracle:ph_mean,251.0972,biooracle_sampled,biooracle:depth_mean_m,7.3865,biooracle_sampled,biooracle:do_mean_mlL
D5FXP5,0.0,0.016666666666666666,0.05,0.4,0.16666666666666666,0.1633056026438248,0.08333333333333333,0.06666666666666667,0.3157894736842105,0.42105263157894735,0.009009009009009009,0.16216216216216217,0.11711711711711711,0.36936936936936937,0.2631578947368421,0.47320513977299816,6.0,2.9444444444444446,1.0,1.3933262448871613,0.31666666666666665,3.0101761875345434,3.875835190579699,0.1,0.11666666666666667,0.06666666666666667,2.5832032407633627,2.3519293454932084,0.11666666666666667,2,12.23947954919905,149.80485963526178,19,0.05,0.06666666666666667,2.180784565714506,2.8079291829732322,0.05,0.3,0.11666666666666667,0.05,9.505819539582768,90.36060511911356,0.11666666666666667,0.15,0.31666666666666665,1.6578558702411152,Trematomus pennellii,open_ocean,,-1.5487,biooracle_sampled,biooracle:BO22_tempmean_ss,8.047,biooracle_sampled,biooracle:BO22_phmean_ss,34.0066,biooracle_sampled,biooracle:BO22_salinitymean_ss,32,obis_aggregate,obis:depth_median,,missing,unavailable,,missing,unavailable,default_only,-1.5487,biooracle_sampled,biooracle:sst_mean_c,34.0066,biooracle_sampled,biooracle:salinity_mean_psu,8.047,biooracle_sampled,biooracle:ph_mean,214.3333,biooracle_sampled,biooracle:depth_mean_m,7.739,biooracle_sampled,biooracle:do_mean_mlL
D5FXP9,0.0,0.0,0.05,0.4,0.16666666666666666,0.17203244758144662,0.1,0.06666666666666667,0.3,0.4,0.0,0.17094017094017094,0.13675213675213677,0.3418803418803419,0.3,0.47412381128746534,6.0,2.8947368421052633,1.0,1.372463664253189,0.3333333333333333,3.164372119833218,4.08215572924912,0.1,0.11666666666666667,0.06666666666666667,2.583730889541021,2.350719457364232,0.11666666666666667,2,12.246467187747362,149.97595858057278,20,0.05,0.06666666666666667,2.122725349815656,2.738393311602378,0.06666666666666667,0.2833333333333333,0.11666666666666667,0.05,9.493116359499655,90.11925821499999,0.1,0.13333333333333333,0.31666666666666665,1.664194330392412,Histiodraco velifer,open_ocean,,-1.4637,biooracle_sampled,biooracle:BO22_tempmean_ss,8.042,biooracle_sampled,biooracle:BO22_phmean_ss,34.0037,biooracle_sampled,biooracle:BO22_salinitymean_ss,343,obis_aggregate,obis:depth_median,,missing,unavailable,,missing,unavailable,default_only,-1.4637,biooracle_sampled,biooracle:sst_mean_c,34.0037,biooracle_sampled,biooracle:salinity_mean_psu,8.042,biooracle_sampled,biooracle:ph_mean,441.8055,biooracle_sampled,biooracle:depth_mean_m,7.4002,biooracle_sampled,biooracle:do_mean_mlL
E4XKB4,0.013888888888888888,0.013888888888888888,0.027777777777777776,0.047619047619047616,0.2916666666666667,0.16734069144364933,0.027777777777777776,0.06944444444444445,0.3,0.35,0.025,0.35,0.25,0.15,0.35,0.34387175349841037,5.0,3.210526315789474,1.0,1.1040093138633176,0.2777777777777778,2.6750882248993904,3.4473495785973496,0.05555555555555555,0.2361111111111111,0.125,2.5960348863400418,2.36371007051877,0.125,2,12.410458482950459,154.019479757037,20,0.1527777777777778,-0.013888888888888888,2.1534044820063416,2.775062879981614,0.06944444444444445,0.1388888888888889,0.1388888888888889,0.09722222222222222,9.630317609637805,92.7430172625,0.027777777777777776,0.05555555555555555,0.25,1.6607124105214301,Oikopleura dioica,open_ocean,,15.0713,biooracle_sampled,biooracle:BO22_tempmean_ss,8.2235,biooracle_sampled,biooracle:BO22_phmean_ss,18.6482,biooracle_sampled,biooracle:BO22_salinitymean_ss,10.0,obis_aggregate,obis:depth_median,,missing,unavailable,,missing,unavailable,default_only,15.0713,biooracle_sampled,biooracle:sst_mean_c,18.6482,biooracle_sampled,biooracle:salinity_mean_psu,8.2235,biooracle_sampled,biooracle:ph_mean,51.5278,biooracle_sampled,biooracle:depth_mean_m,6.286,biooracle_sampled,biooracle:do_mean_mlL
Q0PHS7,0.0136986301369863,0.0,0.0136986301369863,0.058823529411764705,0.2328767123287671,0.12885910458403393,0.1232876712328767,0.0136986301369863,0.3181818181818182,0.36363636363636365,0.0,0.27692307692307694,0.14615384615384616,0.2,0.3181818181818182,0.4700900223290633,6.0,3.1904761904761907,1.0,1.4998110236212971,0.3013698630136986,3.558698068819245,4.357286036502281,0.1506849315068493,0.136986301369863,0.136986301369863,2.7381439607424025,2.5501017700324073,0.1095890410958904,3,14.45826730293939,209.04149340324628,22,0.1095890410958904,0.0136986301369863,2.517560880104005,3.0825129462475775,0.0136986301369863,0.1780821917808219,0.1232876712328767,0.0410958904109589,11.808407228354769,139.43848127066116,0.0684931506849315,0.0684931506849315,0.3150684931506849,1.499166453179307,Laternula elliptica,open_ocean,,-1.5505,biooracle_sampled,biooracle:BO22_tempmean_ss,8.0843,biooracle_sampled,biooracle:BO22_phmean_ss,33.5911,biooracle_sampled,biooracle:BO22_salinitymean_ss,30.2,obis_aggregate,obis:depth_median,,missing,unavailable,,missing,unavailable,default_only,-1.5505,biooracle_sampled,biooracle:sst_mean_c,33.5911,biooracle_sampled,biooracle:salinity_mean_psu,8.0843,biooracle_sampled,biooracle:ph_mean,17.2222,biooracle_sampled,biooracle:depth_mean_m,8.2808,biooracle_sampled,biooracle:do_mean_mlL
Q0PHS8,0.0136986301369863,0.0,0.0136986301369863,0.125,0.2191780821917808,0.12203223972142048,0.1232876712328767,0.0136986301369863,0.3181818181818182,0.36363636363636365,0.0,0.25384615384615383,0.16923076923076924,0.17692307692307693,0.3181818181818182,0.4700900223290633,6.0,3.1904761904761907,1.0,1.4998110236212971,0.3013698630136986,3.6675220029021554,4.464522458749639,0.1643835616438356,0.1506849315068493,0.136986301369863,2.7609017732116805,2.577903916552654,0.1095890410958904,3,14.814097249487439,219.4574773172713,22,0.0958904109589041,0.0273972602739726,2.5945471469825137,3.1583761457524,0.0273972602739726,0.1643835616438356,0.1232876712328767,0.0547945205479452,12.169504827811698,148.09684775413223,0.0684931506849315,0.0684931506849315,0.3424657534246575,1.4818511038236999,Laternula elliptica,open_ocean,,-1.5505,biooracle_sampled,biooracle:BO22_tempmean_ss,8.0843,biooracle_sampled,biooracle:BO22_phmean_ss,33.5911,biooracle_sampled,biooracle:BO22_salinitymean_ss,30.2,obis_aggregate,obis:depth_median,,missing,unavailable,,missing,unavailable,default_only,-1.5505,biooracle_sampled,biooracle:sst_mean_c,33.5911,biooracle_sampled,biooracle:salinity_mean_psu,8.0843,biooracle_sampled,biooracle:ph_mean,17.2222,biooracle_sampled,biooracle:depth_mean_m,8.2808,biooracle_sampled,biooracle:do_mean_mlL
Q5K4A5,0.014492753623188406,0.014492753623188406,0.014492753623188406,0.2727272727272727,0.15942028985507245,0.18039159805548444,0.14492753623188406,0.028985507246376812,0.34782608695652173,0.34782608695652173,0.015037593984962405,0.19548872180451127,0.15789473684210525,0.21804511278195488,0.30434782608695654,0.4494665749754947,6.0,3.0,1.0,1.348399724926484,0.3333333333333333,3.3479814535753576,4.231418467466632,0.17391304347826086,0.13043478260869565,0.14492753623188406,2.6169764312040713,2.4018822560912616,0.08695652173913043,2,12.694255402399897,161.14412022135895,23,0.057971014492753624,0.043478260869565216,2.094307173198658,2.6469352271222704,0.0,0.2028985507246377,0.10144927536231885,0.014492753623188406,10.043944360726073,100.88081832136108,0.07246376811594203,0.08695652173913043,0.30434782608695654,1.5973712634648345,Bathymodiolus thermophilus,open_ocean,,28.1838,biooracle_sampled,biooracle:BO22_tempmean_ss,8.016,biooracle_sampled,biooracle:BO22_phmean_ss,33.5678,biooracle_sampled,biooracle:BO22_salinitymean_ss,2505,obis_aggregate,obis:depth_median,,missing,unavailable,,missing,unavailable,default_only,28.1838,biooracle_sampled,biooracle:sst_mean_c,33.5678,biooracle_sampled,biooracle:salinity_mean_psu,8.016,biooracle_sampled,biooracle:ph_mean,2585.5833,biooracle_sampled,biooracle:depth_mean_m,4.613,biooracle_sampled,biooracle:do_mean_mlL
Q5K4A7,0.0136986301369863,0.0,0.0,0.07692307692307693,0.1780821917808219,0.1914820161839088,0.1232876712328767,0.0136986301369863,0.3333333333333333,0.38095238095238093,0.0,0.21774193548387097,0.23387096774193547,0.20161290322580644,0.2857142857142857,0.41443114557954686,6.0,3.35,2.0,1.388344337691482,0.2876712328767123,2.6809518823187943,3.3852843455658683,0.1506849315068493,0.2054794520547945,0.136986301369863,2.5469336761089343,2.334035251167725,0.0821917808219178,1,11.76789320125278,138.4833103960914,21,0.0821917808219178,0.0136986301369863,2.0336814972199453,2.5679648268998605,0.0136986301369863,0.1780821917808219,0.0958904109589041,0.0547945205479452,9.319499400441524,86.85306907482992,0.0958904109589041,0.0958904109589041,0.3835616438356164,1.5944550016623875,Bathymodiolus azoricus,open_ocean,,20.1243,biooracle_sampled,biooracle:BO22_tempmean_ss,8.0658,biooracle_sampled,biooracle:BO22_phmean_ss,36.3482,biooracle_sampled,biooracle:BO22_salinitymean_ss,1690.0,obis_aggregate,obis:depth_median,,missing,unavailable,,missing,unavailable,default_only,20.1243,biooracle_sampled,biooracle:sst_mean_c,36.3482,biooracle_sampled,biooracle:salinity_mean_psu,8.0658,biooracle_sampled,biooracle:ph_mean,1741.0278,biooracle_sampled,biooracle:depth_mean_m,5.2086,biooracle_sampled,biooracle:do_mean_mlL
Q5K4A9,0.0136986301369863,0.0,0.0,0.07692307692307693,0.1780821917808219,0.17713985456585257,0.1232876712328767,0.0136986301369863,0.3333333333333333,0.38095238095238093,0.0,0.21774193548387097,0.23387096774193547,0.20161290322580644,0.2857142857142857,0.41443114557954686,6.0,3.35,2.0,1.388344337691482,0.2876712328767123,2.7927202746036697,3.5129214767694497,0.1506849315068493,0.2054794520547945,0.136986301369863,2.581094034216956,2.370993705150607,0.0821917808219178,1,12.211584181150945,149.122788213336,21,0.0821917808219178,0.0136986301369863,2.1184653058600222,2.664786136449978,0.0136986301369863,0.1780821917808219,0.0958904109589041,0.0547945205479452,9.708027621241328,94.24580029478456,0.0958904109589041,0.0958904109589041,0.3698630136986301,1.582275154403758,Bathymodiolus azoricus,open_ocean,,20.1243,biooracle_sampled,biooracle:BO22_tempmean_ss,8.0658,biooracle_sampled,biooracle:BO22_phmean_ss,36.3482,biooracle_sampled,biooracle:BO22_salinitymean_ss,1690.0,obis_aggregate,obis:depth_median,,missing,unavailable,,missing,unavailable,default_only,20.1243,biooracle_sampled,biooracle:sst_mean_c,36.3482,biooracle_sampled,biooracle:salinity_mean_psu,8.0658,biooracle_sampled,biooracle:ph_mean,1741.0278,biooracle_sampled,biooracle:depth_mean_m,5.2086,biooracle_sampled,biooracle:do_mean_mlL
Q70JU7,0.02857142857142857,0.0,0.0,0.07692307692307693,0.18571428571428572,0.1631347771959006,0.12857142857142856,0.014285714285714285,0.3333333333333333,0.3333333333333333,0.0,0.21666666666666667,0.225,0.19166666666666668,0.3333333333333333,0.42008402520840293,6.0,3.4,2.0,1.42828568570857,0.3,3.055237575518006,3.7920168927152598,0.15714285714285714,0.17142857142857143,0.1,2.6130107806363307,2.4144953846174677,0.07142857142857142,1,12.640056309050866,159.7710234959766,21,0.08571428571428572,0.014285714285714285,2.222358326330893,2.758286420225225,0.014285714285714285,0.18571428571428572,0.1,0.04285714285714286,10.184125251726687,103.71640714285716,0.1,0.1,0.35714285714285715,1.5404604526640688,Bathymodiolus thermophilus,open_ocean,,28.1838,biooracle_sampled,biooracle:BO22_tempmean_ss,8.016,biooracle_sampled,biooracle:BO22_phmean_ss,33.5678,biooracle_sampled,biooracle:BO22_salinitymean_ss,2505,obis_aggregate,obis:depth_median,,missing,unavailable,,missing,unavailable,default_only,28.1838,biooracle_sampled,biooracle:sst_mean_c,33.5678,biooracle_sampled,biooracle:salinity_mean_psu,8.016,biooracle_sampled,biooracle:ph_mean,2585.5833,biooracle_sampled,biooracle:depth_mean_m,4.613,biooracle_sampled,biooracle:do_mean_mlL
Q70JU8,0.02857142857142857,0.0,0.0,0.07692307692307693,0.18571428571428572,0.21279302237433967,0.12857142857142856,0.014285714285714285,0.3333333333333333,0.3333333333333333,0.0,0.21666666666666667,0.25,0.19166666666666668,0.3333333333333333,0.42008402520840293,6.0,3.4,2.0,1.42828568570857,0.3,2.6382519003681053,3.3665739723521946,0.14285714285714285,0.18571428571428572,0.1,2.503230507869062,2.281787617125244,0.07142857142857142,1,11.221913241173983,125.93133679243597,21,0.08571428571428572,0.014285714285714285,1.919045878698085,2.448822231900334,0.014285714285714285,0.18571428571428572,0.1,0.04285714285714286,8.794173001227017,77.3374787755102,0.1,0.1,0.35714285714285715,1.6283351718509027,Bathymodiolus thermophilus,open_ocean,,28.1838,biooracle_sampled,biooracle:BO22_tempmean_ss,8.016,biooracle_sampled,biooracle:BO22_phmean_ss,33.5678,biooracle_sampled,biooracle:BO22_salinitymean_ss,2505,obis_aggregate,obis:depth_median,,missing,unavailable,,missing,unavailable,default_only,28.1838,biooracle_sampled,biooracle:sst_mean_c,33.5678,biooracle_sampled,biooracle:salinity_mean_psu,8.016,biooracle_sampled,biooracle:ph_mean,2585.5833,biooracle_sampled,biooracle:depth_mean_m,4.613,biooracle_sampled,biooracle:do_mean_mlL
Q70JV0,0.030303030303030304,0.0,0.0,0.2727272727272727,0.16666666666666666,0.14992835342779054,0.12121212121212122,0.030303030303030304,0.3684210526315789,0.3684210526315789,0.0,0.1875,0.22321428571428573,0.20535714285714285,0.2631578947368421,0.4242640687119285,6.0,3.3333333333333335,2.0,1.4142135623730951,0.2878787878787879,2.9032175361111796,3.6175086804312957,0.15151515151515152,0.21212121212121213,0.12121212121212122,2.6075727648682405,2.4055802958458976,0.07575757575757576,1,12.566082784656079,157.90643655082985,19,0.06060606060606061,0.045454545454545456,2.3136257677772,2.8828571039201063,0.015151515151515152,0.18181818181818182,0.10606060606060606,0.06060606060606061,10.084860914912518,101.70441967313015,0.09090909090909091,0.09090909090909091,0.36363636363636365,1.5526015197601886,Mytilus edulis,coastal_estuarine,high,10.2,observed,metadata.csv:curated_lookup,8.0,observed,metadata.csv:curated_lookup,7.0348,biooracle_sampled,biooracle:BO22_salinitymean_ss,5.0,obis_aggregate,obis:depth_median,,missing,unavailable,,missing,unavailable,organism_reuse,9.2046,biooracle_sampled,biooracle:sst_mean_c,7.0348,biooracle_sampled,biooracle:salinity_mean_psu,8.1065,biooracle_sampled,biooracle:ph_mean,10.8611,biooracle_sampled,biooracle:depth_mean_m,7.7909,biooracle_sampled,biooracle:do_mean_mlL
Q70JV1,0.013513513513513514,0.0,0.0,0.07692307692307693,0.17567567567567569,0.1593046059991938,0.12162162162162163,0.0,0.3333333333333333,0.38095238095238093,0.0,0.21774193548387097,0.21774193548387097,0.21774193548387097,0.2857142857142857,0.40965847874070943,6.0,3.4,2.0,1.392838827718412,0.28378378378378377,2.9111851322718807,3.6466685144433195,0.16216216216216217,0.1891891891891892,0.13513513513513514,2.6282971633471366,2.4211200143288543,0.08108108108108109,1,12.850165241371698,165.12674673055736,21,0.08108108108108109,0.013513513513513514,2.2385799117217196,2.8041359481560137,0.0,0.1891891891891892,0.0945945945945946,0.04054054054054054,10.258461894672342,105.23604044444446,0.10810810810810811,0.10810810810810811,0.3783783783783784,1.5691083210008268,Mytilus edulis,coastal_estuarine,high,10.2,observed,metadata.csv:curated_lookup,8.0,observed,metadata.csv:curated_lookup,7.0348,biooracle_sampled,biooracle:BO22_salinitymean_ss,5.0,obis_aggregate,obis:depth_median,,missing,unavailable,,missing,unavailable,organism_reuse,9.2046,biooracle_sampled,biooracle:sst_mean_c,7.0348,biooracle_sampled,biooracle:salinity_mean_psu,8.1065,biooracle_sampled,biooracle:ph_mean,10.8611,biooracle_sampled,biooracle:depth_mean_m,7.7909,biooracle_sampled,biooracle:do_mean_mlL
Q70JV2,0.013513513513513514,0.0,0.0,0.07692307692307693,0.17567567567567569,0.174456285799105,0.12162162162162163,0.0,0.3333333333333333,0.38095238095238093,0.0,0.21774193548387097,0.23387096774193547,0.20161290322580644,0.2857142857142857,0.40965847874070943,6.0,3.4,2.0,1.392838827718412,0.28378378378378377,2.7751218032744966,3.4932186739992037,0.16216216216216217,0.20270270270270271,0.13513513513513514,2.588473349934442,2.377599856184417,0.08108108108108109,1,12.30943723218767,151.52224497316806,21,0.08108108108108109,0.013513513513513514,2.133952888301252,2.686139422800367,0.013513513513513514,0.17567567567567569,0.0945945945945946,0.05405405405405406,9.779000640110132,95.62885351927437,0.0945945945945946,0.0945945945945946,0.3783783783783784,1.5844825008032557,Mytilus edulis,coastal_estuarine,high,10.2,observed,metadata.csv:curated_lookup,8.0,observed,metadata.csv:curated_lookup,7.0348,biooracle_sampled,biooracle:BO22_salinitymean_ss,5.0,obis_aggregate,obis:depth_median,,missing,unavailable,,missing,unavailable,organism_reuse,9.2046,biooracle_sampled,biooracle:sst_mean_c,7.0348,biooracle_sampled,biooracle:salinity_mean_psu,8.1065,biooracle_sampled,biooracle:ph_mean,10.8611,biooracle_sampled,biooracle:depth_mean_m,7.7909,biooracle_sampled,biooracle:do_mean_mlL
O02033,0.029411764705882353,0.014705882352941176,0.058823529411764705,0.058823529411764705,0.25,0.1786092224517034,0.08823529411764706,0.029411764705882353,0.4,0.35,0.02586206896551724,0.28448275862068967,0.1896551724137931,0.1206896551724138,0.25,0.5835713800003866,7.0,3.1578947368421053,1.0,1.842856989474905,0.29411764705882354,2.76697462716416,3.5007661822485066,0.16176470588235295,0.19117647058823528,0.11764705882352941,2.557429230487947,2.3425472362545197,0.10294117647058823,2,11.902605019644922,141.67200625367647,20,0.11764705882352941,0.014705882352941176,2.103628741841107,2.6615033933256265,0.0,0.10294117647058823,0.1323529411764706,0.029411764705882353,9.407713732358143,88.50507766999999,0.014705882352941176,0.014705882352941176,0.29411764705882354,1.6007217888889347,Lytechinus pictus,coastal_estuarine,moderate,14.0,observed,metadata.csv:heuristic,8.1,observed,metadata.csv:heuristic,33.4198,biooracle_sampled,biooracle:BO22_salinitymean_ss,12.2,obis_aggregate,obis:depth_median,,missing,unavailable,,missing,unavailable,organism_exact,14.8926,biooracle_sampled,biooracle:sst_mean_c,33.4198,biooracle_sampled,biooracle:salinity_mean_psu,8.005,biooracle_sampled,biooracle:ph_mean,52.75,biooracle_sampled,biooracle:depth_mean_m,5.9135,biooracle_sampled,biooracle:do_mean_mlL
O13257,0.0,0.0,0.05,0.4,0.16666666666666666,0.16605130096596682,0.1,0.06666666666666667,0.3,0.4,0.0,0.1623931623931624,0.11965811965811966,0.36752136752136755,0.3,0.47412381128746534,6.0,2.8947368421052633,1.0,1.372463664253189,0.3333333333333333,3.2349775899962236,4.136889562494238,0.1,0.1,0.06666666666666667,2.5960505608887603,2.37070464177799,0.11666666666666667,2,12.410668687482714,154.0246972704639,20,0.05,0.06666666666666667,2.170088939076,2.775109883143944,0.06666666666666667,0.3,0.11666666666666667,0.05,9.704932769988671,94.18572006999999,0.16666666666666666,0.16666666666666666,0.3333333333333333,1.6353296142556522,Chelon auratus,coastal_estuarine,moderate,20.0,observed,metadata.csv:heuristic,8.0,observed,metadata.csv:heuristic,30.2745,biooracle_sampled,biooracle:BO22_salinitymean_ss,10.0,obis_aggregate,obis:depth_median,,missing,unavailable,,missing,unavailable,organism_exact,12.0204,biooracle_sampled,biooracle:sst_mean_c,30.2745,biooracle_sampled,biooracle:salinity_mean_psu,8.058,biooracle_sampled,biooracle:ph_mean,9.7778,biooracle_sampled,biooracle:depth_mean_m,6.2636,biooracle_sampled,biooracle:do_mean_mlL
O13269,0.0,0.0,0.05,0.5555555555555556,0.15,0.17139630170262132,0.1,0.06666666666666667,0.3,0.4,0.0,0.15384615384615385,0.15384615384615385,0.3418803418803419,0.3,0.47412381128746534,6.0,2.8947368421052633,1.0,1.372463664253189,0.3333333333333333,3.1957606201202102,4.057063438914814,0.1,0.13333333333333333,0.1,2.5780318925932098,2.359653456258067,0.11666666666666667,2,12.171190316744443,148.13787372641372,20,0.03333333333333333,0.08333333333333333,2.143781395921702,2.721560891532777,0.06666666666666667,0.2833333333333333,0.11666666666666667,0.05,9.587281860360632,91.91597347000001,0.06666666666666667,0.11666666666666667,0.31666666666666665,1.6116662657635201,Cyprinus carpio,coastal_estuarine,moderate,18.0,observed,metadata.csv:heuristic,7.5,observed,metadata.csv:heuristic,9.0031,biooracle_sampled,biooracle:BO22_salinitymean_ss,12.8,obis_aggregate,obis:depth_median,,missing,unavailable,,missing,unavailable,organism_exact,13.7783,biooracle_sampled,biooracle:sst_mean_c,9.0031,biooracle_sampled,biooracle:salinity_mean_psu,8.116,biooracle_sampled,biooracle:ph_mean,0.0,biooracle_sampled,biooracle:depth_mean_m,6.2111,biooracle_sampled,biooracle:do_mean_mlL
O62554,0.0273972602739726,0.0,0.0,0.2,0.2054794520547945,0.1812903696018909,0.1232876712328767,0.0136986301369863,0.3333333333333333,0.38095238095238093,0.0,0.25,0.23387096774193547,0.16129032258064516,0.2857142857142857,0.41443114557954686,6.0,3.35,2.0,1.388344337691482,0.2876712328767123,2.7534001888778517,3.4815135654753084,0.1506849315068493,0.2054794520547945,0.136986301369863,2.5727957476440957,2.358146898116862,0.0958904109589041,1,12.102404299033216,146.46818981725767,21,0.0821917808219178,0.0410958904109589,2.088638388287546,2.640961132918033,0.0136986301369863,0.1506849315068493,0.1232876712328767,0.0547945205479452,9.571343513718247,91.61061665759637,0.0684931506849315,0.0684931506849315,0.3424657534246575,1.5988123992735128,Mytilus edulis,coastal_estuarine,high,10.2,observed,metadata.csv:curated_lookup,8.0,observed,metadata.csv:curated_lookup,7.0348,biooracle_sampled,biooracle:BO22_salinitymean_ss,5.0,obis_aggregate,obis:depth_median,,missing,unavailable,,missing,unavailable,organism_exact,9.2046,biooracle_sampled,biooracle:sst_mean_c,7.0348,biooracle_sampled,biooracle:salinity_mean_psu,8.1065,biooracle_sampled,biooracle:ph_mean,10.8611,biooracle_sampled,biooracle:depth_mean_m,7.7909,biooracle_sampled,biooracle:do_mean_mlL
O93450,0.0,0.0,0.05,0.4,0.16666666666666666,0.17158836320338583,0.1,0.06666666666666667,0.3,0.4,0.0,0.17094017094017094,0.11965811965811966,0.358974358974359,0.3,0.47412381128746534,6.0,2.8947368421052633,1.0,1.372463664253189,0.3333333333333333,3.1900556546869208,4.059769670866485,0.1,0.1,0.06666666666666667,2.57864810073488,2.358035595789629,0.11666666666666667,2,12.179309012599456,148.33556802438633,20,0.05,0.06666666666666667,2.139954388766265,2.7233762871148226,0.06666666666666667,0.3,0.11666666666666667,0.05,9.570166964060762,91.58809571999998,0.11666666666666667,0.15,0.31666666666666665,1.619594411896856,Parachaenichthys charcoti,polar,low,-1.5,observed,metadata.csv:heuristic,8.2,observed,metadata.csv:heuristic,33.79,biooracle_sampled,biooracle:BO22_salinitymean_ss,120.8,obis_aggregate,obis:depth_median,,missing,unavailable,,missing,unavailable,organism_exact,-0.1196,biooracle_sampled,biooracle:sst_mean_c,33.79,biooracle_sampled,biooracle:salinity_mean_psu,8.0868,biooracle_sampled,biooracle:ph_mean,206.3889,biooracle_sampled,biooracle:depth_mean_m,7.9948,biooracle_sampled,biooracle:do_mean_mlL
O93571,0.0,0.0,0.06666666666666667,0.2727272727272727,0.18333333333333332,0.16978216546458808,0.1,0.06666666666666667,0.2857142857142857,0.42857142857142855,0.0,0.1951219512195122,0.11382113821138211,0.34146341463414637,0.2857142857142857,0.5126498974498794,6.0,2.75,1.0,1.4097872179871684,0.35,3.4331574376463814,4.41336244644391,0.08333333333333333,0.1,0.1,2.6107759396733115,2.380381086425124,0.11666666666666667,2,12.609606989839742,159.00218843821528,21,0.06666666666666667,0.05,2.1405039225462827,2.7516418340278515,0.03333333333333333,0.2833333333333333,0.11666666666666667,0.03333333333333333,9.809021250418233,96.21689789115648,0.11666666666666667,0.15,0.3,1.6525391269429979,Ictalurus punctatus,coastal_estuarine,low,20.0,observed,metadata.csv:heuristic,7.5,observed,metadata.csv:heuristic,28,imputed,imputed:habitat_default:coastal_estuarine,30,imputed,imputed:habitat_default:coastal_estuarine,,missing,unavailable,,missing,unavailable,organism_exact,22.0,habitat_default,habitat_default:coastal_estuarine,32.0,habitat_default,habitat_default:coastal_estuarine,8.1,habitat_default,habitat_default:coastal_estuarine,30.0,habitat_default,habitat_default:coastal_estuarine,6.5,habitat_default,habitat_default:coastal_estuarine
O93593,0.0,0.0,0.05,0.3333333333333333,0.15,0.1867383081667302,0.1,0.06666666666666667,0.3,0.4,0.0,0.15384615384615385,0.13675213675213677,0.358974358974359,0.3,0.47412381128746534,6.0,2.8947368421052633,1.0,1.372463664253189,0.3333333333333333,3.0526309090593386,3.8983404934732873,0.1,0.11666666666666667,0.05,2.5412099071930094,2.3182510118958466,0.1,2,11.695021480419863,136.773527427482,20,0.05,0.05,2.047767066862098,2.6150863028539035,0.06666666666666667,0.3,0.1,0.05,9.157892727178016,83.8669992025,0.11666666666666667,0.15,0.31666666666666665,1.6308384552693629,Chaenocephalus aceratus,polar,low,-1.5,observed,metadata.csv:heuristic,8.2,observed,metadata.csv:heuristic,33.733,biooracle_sampled,biooracle:BO22_salinitymean_ss,183,obis_aggregate,obis:depth_median,,missing,unavailable,,missing,unavailable,organism_exact,-0.2388,biooracle_sampled,biooracle:sst_mean_c,33.733,biooracle_sampled,biooracle:salinity_mean_psu,8.0722,biooracle_sampled,biooracle:ph_mean,299.0,biooracle_sampled,biooracle:depth_mean_m,7.9433,biooracle_sampled,biooracle:do_mean_mlL
O93609,0.0,0.0,0.05,0.5555555555555556,0.15,0.16350812908054557,0.1,0.06666666666666667,0.3,0.4,0.0,0.15384615384615385,0.11965811965811966,0.37606837606837606,0.3,0.47412381128746534,6.0,2.8947368421052633,1.0,1.372463664253189,0.3333333333333333,3.267930598423276,4.158869684480665,0.1,0.1,0.06666666666666667,2.60095551994021,2.3798971646663594,0.11666666666666667,2,12.476609053441996,155.66577347243077,20,0.03333333333333333,0.08333333333333333,2.192194489147804,2.789854597218561,0.06666666666666667,0.31666666666666665,0.11666666666666667,0.05,9.803791795269829,96.11433356500002,0.11666666666666667,0.15,0.31666666666666665,1.6195895835573517,Trematomus bernacchii,polar,low,-1.8,observed,metadata.csv:curated_lookup,8.22,observed,metadata.csv:curated_lookup,33.5911,biooracle_sampled,biooracle:BO22_salinitymean_ss,20,obis_aggregate,obis:depth_median,,missing,unavailable,,missing,unavailable,organism_exact,-1.5236,biooracle_sampled,biooracle:sst_mean_c,33.5911,biooracle_sampled,biooracle:salinity_mean_psu,8.0843,biooracle_sampled,biooracle:ph_mean,17.2222,biooracle_sampled,biooracle:depth_mean_m,8.26,biooracle_sampled,biooracle:do_mean_mlL
P02805,0.017241379310344827,0.0,0.034482758620689655,0.2,0.25862068965517243,0.16095476520305835,0.08620689655172414,0.05172413793103448,0.2777777777777778,0.3888888888888889,0.0,0.2803738317757009,0.1308411214953271,0.2803738317757009,0.3333333333333333,0.4410517285069121,6.0,3.0588235294117645,1.0,1.3490994048446723,0.3103448275862069,2.902562759294087,3.7108728210572157,0.08620689655172414,0.1206896551724138,0.10344827586206896,2.5616560070894385,2.3372475701170803,0.13793103448275862,2,11.957256867851028,142.97599180377057,18,0.10344827586206896,0.05172413793103448,2.204453055095377,2.818352471882293,0.05172413793103448,0.22413793103448276,0.15517241379310345,0.06896551724137931,9.352702224392058,87.47303889814815,0.1206896551724138,0.1206896551724138,0.3103448275862069,1.6345149728963795,Scylla serrata,coastal_estuarine,moderate,26.0,observed,metadata.csv:heuristic,8.0,observed,metadata.csv:heuristic,35.4914,biooracle_sampled,biooracle:BO22_salinitymean_ss,3.6,obis_aggregate,obis:depth_median,,missing,unavailable,,missing,unavailable,organism_exact,23.0401,biooracle_sampled,biooracle:sst_mean_c,35.4914,biooracle_sampled,biooracle:salinity_mean_psu,8.1081,biooracle_sampled,biooracle:ph_mean,0.0,biooracle_sampled,biooracle:depth_mean_m,4.7944,biooracle_sampled,biooracle:do_mean_mlL
P02806,0.03508771929824561,0.0,0.03508771929824561,0.1111111111111111,0.3157894736842105,0.18678054560459548,0.08771929824561403,0.05263157894736842,0.2777777777777778,0.4444444444444444,0.0,0.3333333333333333,0.14285714285714285,0.23809523809523808,0.2777777777777778,0.4410517285069121,6.0,3.0588235294117645,1.0,1.3490994048446723,0.3157894736842105,2.733728243660615,3.5154491838321023,0.05263157894736842,0.12280701754385964,0.12280701754385964,2.4958676701186224,2.267662962593844,0.14035087719298245,2,11.132255748801658,123.92711805672756,18,0.14035087719298245,0.03508771929824561,2.0404287667365897,2.623897843293527,0.08771929824561403,0.19298245614035087,0.17543859649122806,0.10526315789473684,8.65680610492528,74.9402919382716,0.08771929824561403,0.08771929824561403,0.2631578947368421,1.6536780795944384,Scylla serrata,coastal_estuarine,moderate,26.0,observed,metadata.csv:heuristic,8.0,observed,metadata.csv:heuristic,35.4914,biooracle_sampled,biooracle:BO22_salinitymean_ss,3.6,obis_aggregate,obis:depth_median,,missing,unavailable,,missing,unavailable,organism_exact,23.0401,biooracle_sampled,biooracle:sst_mean_c,35.4914,biooracle_sampled,biooracle:salinity_mean_psu,8.1081,biooracle_sampled,biooracle:ph_mean,0.0,biooracle_sampled,biooracle:depth_mean_m,4.7944,biooracle_sampled,biooracle:do_mean_mlL
P04734,0.0,0.015625,0.0625,0.0,0.21875,0.22212007338098078,0.09375,0.03125,0.35,0.35,0.017241379310344827,0.23275862068965517,0.1724137931034483,0.1810344827586207,0.3,0.5468535009363347,6.0,3.0526315789473686,1.0,1.6693422660161796,0.3125,2.6061234232321273,3.374016881180617,0.140625,0.171875,0.125,2.4678328874318645,2.234262884527667,0.109375,2,10.796854019777975,116.57205672439581,20,0.109375,0.0,1.8647901222724772,2.4142499531365407,0.0,0.15625,0.109375,0.015625,8.339594954342807,69.54884400250002,0.03125,0.03125,0.265625,1.676117819013721,Strongylocentrotus purpuratus,coastal_estuarine,moderate,12.0,observed,metadata.csv:heuristic,8.1,observed,metadata.csv:heuristic,33.4273,biooracle_sampled,biooracle:BO22_salinitymean_ss,10.9,obis_aggregate,obis:depth_median,,missing,unavailable,,missing,unavailable,organism_exact,15.2589,biooracle_sampled,biooracle:sst_mean_c,33.4273,biooracle_sampled,biooracle:salinity_mean_psu,7.9948,biooracle_sampled,biooracle:ph_mean,56.6667,biooracle_sampled,biooracle:depth_mean_m,5.854,biooracle_sampled,biooracle:do_mean_mlL
P07216,0.0,0.0,0.05,0.3333333333333333,0.15,0.16536295518629363,0.1,0.06666666666666667,0.3,0.4,0.0,0.15384615384615385,0.13675213675213677,0.358974358974359,0.3,0.47412381128746534,6.0,2.8947368421052633,1.0,1.372463664253189,0.3333333333333333,3.222106273421505,4.170704310151153,0.1,0.11666666666666667,0.05,2.6035865372602016,2.367091002999678,0.1,2,12.512112930453462,156.5529699844207,20,0.05,0.05,2.161454597429703,2.7977935054648038,0.08333333333333333,0.3,0.1,0.06666666666666667,9.666318820264516,93.43771953499999,0.1,0.11666666666666667,0.3,1.6754793541999806,Pleuronectes platessa,coastal_estuarine,moderate,8.0,observed,metadata.csv:heuristic,8.0,observed,metadata.csv:heuristic,33.614,biooracle_sampled,biooracle:BO22_salinitymean_ss,24,obis_aggregate,obis:depth_median,,missing,unavailable,,missing,unavailable,organism_exact,11.3337,biooracle_sampled,biooracle:sst_mean_c,33.614,biooracle_sampled,biooracle:salinity_mean_psu,8.0695,biooracle_sampled,biooracle:ph_mean,33.6806,biooracle_sampled,biooracle:depth_mean_m,6.2364,biooracle_sampled,biooracle:do_mean_mlL
P23038,0.0,0.0,0.0,0.17647058823529413,0.22666666666666666,0.14566161792490817,0.12,0.013333333333333334,0.3333333333333333,0.38095238095238093,0.0,0.264,0.152,0.208,0.2857142857142857,0.43025702465669985,6.0,3.4,2.0,1.4628738838327795,0.28,2.9942321143306327,3.7748940244683467,0.16,0.14666666666666667,0.18666666666666668,2.6728902285056675,2.459049048501294,0.13333333333333333,1,13.481764373101237,181.7579706118218,21,0.09333333333333334,0.04,2.333553624521733,2.9419621781569183,0.02666666666666667,0.18666666666666668,0.13333333333333333,0.05333333333333334,10.693686122609401,114.3549228888889,0.08,0.09333333333333334,0.36,1.5894197295592074,Crassostrea virginica,coastal_estuarine,high,16.5,observed,metadata.csv:curated_lookup,8.05,observed,metadata.csv:curated_lookup,31.4848,biooracle_sampled,biooracle:BO22_salinitymean_ss,3.0,obis_aggregate,obis:depth_median,,missing,unavailable,,missing,unavailable,organism_exact,13.0653,biooracle_sampled,biooracle:sst_mean_c,31.4848,biooracle_sampled,biooracle:salinity_mean_psu,8.0463,biooracle_sampled,biooracle:ph_mean,3.4583,biooracle_sampled,biooracle:depth_mean_m,6.2338,biooracle_sampled,biooracle:do_mean_mlL
P25127,0.0,0.0,0.05,0.4,0.16666666666666666,0.18826475667307094,0.1,0.06666666666666667,0.3,0.4,0.0,0.1623931623931624,0.10256410256410256,0.38461538461538464,0.3,0.47412381128746534,6.0,2.8947368421052633,1.0,1.372463664253189,0.3333333333333333,3.0082727631021458,3.9237492643647145,0.1,0.1,0.08333333333333333,2.5471963781208307,2.3050638472733906,0.11666666666666667,2,11.771247793094144,138.56227460642376,20,0.05,0.06666666666666667,2.0180107179472557,2.6321310245352882,0.03333333333333333,0.3,0.11666666666666667,0.03333333333333333,9.024818289306438,81.44734515499998,0.16666666666666666,0.18333333333333332,0.35,1.7012497380084037,Esox lucius,coastal_estuarine,low,10.0,observed,metadata.csv:heuristic,7.5,observed,metadata.csv:heuristic,6.0544,biooracle_sampled,biooracle:BO22_salinitymean_ss,6.0,obis_aggregate,obis:depth_median,,missing,unavailable,,missing,unavailable,organism_exact,8.7569,biooracle_sampled,biooracle:sst_mean_c,6.0544,biooracle_sampled,biooracle:salinity_mean_psu,8.0891,biooracle_sampled,biooracle:ph_mean,10.8056,biooracle_sampled,biooracle:depth_mean_m,7.9344,biooracle_sampled,biooracle:do_mean_mlL
P25128,0.0,0.0,0.05,0.3333333333333333,0.15,0.17379275416774537,0.1,0.06666666666666667,0.3,0.4,0.0,0.1452991452991453,0.10256410256410256,0.4188034188034188,0.3,0.47412381128746534,6.0,2.8947368421052633,1.0,1.372463664253189,0.3333333333333333,3.158916627403909,4.047787050441835,0.08333333333333333,0.1,0.08333333333333333,2.5759167757288624,2.3491585050508075,0.1,2,12.143361151325507,147.46122005152154,20,0.05,0.05,2.119065694238855,2.715338100969394,0.03333333333333333,0.3333333333333333,0.1,0.03333333333333333,9.476749882211728,89.80878833,0.11666666666666667,0.15,0.3,1.641946437465332,Barbatula barbatula,coastal_estuarine,low,10.0,observed,metadata.csv:heuristic,7.5,observed,metadata.csv:heuristic,28,imputed,imputed:habitat_default:coastal_estuarine,30,imputed,imputed:habitat_default:coastal_estuarine,,missing,unavailable,,missing,unavailable,organism_exact,22.0,habitat_default,habitat_default:coastal_estuarine,32.0,habitat_default,habitat_default:coastal_estuarine,8.1,habitat_default,habitat_default:coastal_estuarine,30.0,habitat_default,habitat_default:coastal_estuarine,6.5,habitat_default,habitat_default:coastal_estuarine
P29499,0.017857142857142856,0.0,0.03571428571428571,0.25,0.2857142857142857,0.16646187254272699,0.08928571428571429,0.05357142857142857,0.3333333333333333,0.3888888888888889,0.0,0.32038834951456313,0.1650485436893204,0.1941747572815534,0.2777777777777778,0.4410517285069121,6.0,3.0588235294117645,1.0,1.3490994048446723,0.32142857142857145,2.952566741208108,3.7837894517437642,0.08928571428571429,0.14285714285714285,0.14285714285714285,2.5472387859462406,2.320990980093769,0.16071428571428573,2,11.771789405425043,138.57502580567729,18,0.10714285714285714,0.07142857142857142,2.1651051484887165,2.7746373717586685,0.07142857142857142,0.16071428571428573,0.17857142857142858,0.08928571428571429,9.185763194869669,84.37824547222222,0.07142857142857142,0.08928571428571429,0.32142857142857145,1.6423075050937976,Homarus americanus,coastal_estuarine,low,8.5,observed,metadata.csv:curated_lookup,8.0,observed,metadata.csv:curated_lookup,30.4709,biooracle_sampled,biooracle:BO22_salinitymean_ss,14.6,obis_aggregate,obis:depth_median,,missing,unavailable,,missing,unavailable,organism_exact,7.9349,biooracle_sampled,biooracle:sst_mean_c,30.4709,biooracle_sampled,biooracle:salinity_mean_psu,8.0262,biooracle_sampled,biooracle:ph_mean,7.3333,biooracle_sampled,biooracle:depth_mean_m,7.0843,biooracle_sampled,biooracle:do_mean_mlL
P33187,0.015151515151515152,0.0,0.0,0.25,0.24242424242424243,0.30997192289085784,0.10606060606060606,0.015151515151515152,0.3333333333333333,0.4444444444444444,0.0,0.2358490566037736,0.10377358490566038,0.3113207547169811,0.2222222222222222,0.3863090652282846,6.0,3.2941176470588234,2.0,1.2725475089872904,0.2727272727272727,1.8232207244097887,2.3690162406084987,0.15151515151515152,0.07575757575757576,0.12121212121212122,2.2707221050241264,2.039288939755059,0.13636363636363635,1,8.686392882231162,75.45342130447621,18,0.09090909090909091,0.06060606060606061,1.5757032351255693,2.047402437025405,0.015151515151515152,0.25757575757575757,0.15151515151515152,0.030303030303030304,6.6851426561692255,44.69113233333333,0.06060606060606061,0.13636363636363635,0.36363636363636365,1.6883309364752548,Helix pomatia,coastal_estuarine,low,12.0,observed,metadata.csv:heuristic,7.5,observed,metadata.csv:heuristic,12.0368,biooracle_sampled,biooracle:BO22_salinitymean_ss,8.4722,biooracle_sampled,biooracle:BO_bathymean,,missing,unavailable,,missing,unavailable,organism_exact,10.5322,biooracle_sampled,biooracle:sst_mean_c,12.0368,biooracle_sampled,biooracle:salinity_mean_psu,8.1184,biooracle_sampled,biooracle:ph_mean,8.4722,biooracle_sampled,biooracle:depth_mean_m,7.4911,biooracle_sampled,biooracle:do_mean_mlL
P51902,0.0,0.0,0.05,0.16666666666666666,0.2,0.16393684949316728,0.1,0.06666666666666667,0.3,0.4,0.0,0.21367521367521367,0.1282051282051282,0.3418803418803419,0.3,0.47412381128746534,6.0,2.8947368421052633,1.0,1.372463664253189,0.3333333333333333,3.2720168793285755,4.1428133415740795,0.06666666666666667,0.11666666666666667,0.06666666666666667,2.597374847773789,2.381031201056081,0.11666666666666667,2,12.42844002472224,154.46612144811778,20,0.08333333333333333,0.03333333333333333,2.1949356497116264,2.7790836749558094,0.03333333333333333,0.2833333333333333,0.11666666666666667,0.03333333333333333,9.816050637985727,96.3548501275,0.08333333333333333,0.1,0.26666666666666666,1.6030964839208712,Gadus morhua,coastal_estuarine,moderate,4.0,observed,metadata.csv:heuristic,8.0,observed,metadata.csv:heuristic,31.7722,biooracle_sampled,biooracle:BO22_salinitymean_ss,45.8,obis_aggregate,obis:depth_median,,missing,unavailable,,missing,unavailable,organism_exact,9.6531,biooracle_sampled,biooracle:sst_mean_c,31.7722,biooracle_sampled,biooracle:salinity_mean_psu,8.0729,biooracle_sampled,biooracle:ph_mean,90.5833,biooracle_sampled,biooracle:depth_mean_m,7.0288,biooracle_sampled,biooracle:do_mean_mlL
P52720,0.0,0.0,0.05,0.4,0.16666666666666666,0.17653759068060476,0.1,0.06666666666666667,0.3,0.4,0.0,0.1623931623931624,0.1623931623931624,0.3247863247863248,0.3,0.47412381128746534,6.0,2.8947368421052633,1.0,1.372463664253189,0.3333333333333333,3.1432158540259367,4.004756220909234,0.1,0.13333333333333333,0.08333333333333333,2.566046344991233,2.3446524776534385,0.11666666666666667,2,12.014268662727703,144.34265150020093,20,0.05,0.06666666666666667,2.108533295267115,2.6864721429804637,0.06666666666666667,0.26666666666666666,0.11666666666666667,0.05,9.429647562077811,88.91825314500001,0.11666666666666667,0.15,0.35,1.623318569527223,Salmo salar,coastal_estuarine,low,12.0,observed,metadata.csv:heuristic,8.0,observed,metadata.csv:heuristic,30.366,biooracle_sampled,biooracle:BO22_salinitymean_ss,876.2,obis_aggregate,obis:depth_median,,missing,unavailable,,missing,unavailable,organism_exact,8.1141,biooracle_sampled,biooracle:sst_mean_c,30.366,biooracle_sampled,biooracle:salinity_mean_psu,8.0272,biooracle_sampled,biooracle:ph_mean,22.6389,biooracle_sampled,biooracle:depth_mean_m,6.7804,biooracle_sampled,biooracle:do_mean_mlL
P52721,0.0,0.0,0.05,0.3333333333333333,0.2,0.13795457932835542,0.1,0.06666666666666667,0.3,0.4,0.0,0.19658119658119658,0.11965811965811966,0.3504273504273504,0.3,0.47412381128746534,6.0,2.8947368421052633,1.0,1.372463664253189,0.3333333333333333,3.581834651365445,4.497237583419441,0.08333333333333333,0.1,0.11666666666666667,2.6735769515735055,2.463470525159392,0.13333333333333333,2,13.491712750258325,182.02631293548305,20,0.06666666666666667,0.06666666666666667,2.4027677293852183,3.0168386842478254,0.06666666666666667,0.2833333333333333,0.13333333333333333,0.05,10.745503954096336,115.46585522749999,0.1,0.11666666666666667,0.26666666666666666,1.5764514329958443,Thermarces cerberus,hydrothermal_vent,high,12.0,observed,metadata.csv:heuristic,6.5,observed,metadata.csv:heuristic,33.6493,biooracle_sampled,biooracle:BO22_salinitymean_ss,2636,obis_aggregate,obis:depth_median,,missing,unavailable,,missing,unavailable,organism_exact,28.7857,biooracle_sampled,biooracle:sst_mean_c,33.6493,biooracle_sampled,biooracle:salinity_mean_psu,8.0175,biooracle_sampled,biooracle:ph_mean,2736.9167,biooracle_sampled,biooracle:depth_mean_m,4.6192,biooracle_sampled,biooracle:do_mean_mlL
P52722,0.0,0.0,0.05,0.5,0.13333333333333333,0.17629273059691206,0.1,0.06666666666666667,0.3,0.4,0.0,0.1282051282051282,0.13675213675213677,0.38461538461538464,0.3,0.47412381128746534,6.0,2.8947368421052633,1.0,1.372463664253189,0.3333333333333333,3.1488081243367128,4.003196278982165,0.1,0.13333333333333333,0.08333333333333333,2.5656866884082907,2.3462597545967423,0.1,2,12.009588836946497,144.2302240325099,20,0.03333333333333333,0.06666666666666667,2.1122847042361497,2.6854257021235,0.03333333333333333,0.3,0.1,0.03333333333333333,9.446424373010139,89.23493343499999,0.1,0.11666666666666667,0.31666666666666665,1.6162977712934508,Danio rerio,coastal_estuarine,low,27.0,observed,metadata.csv:heuristic,7.8,observed,metadata.csv:heuristic,34.6714,biooracle_sampled,biooracle:BO22_salinitymean_ss,9.2,obis_aggregate,obis:depth_median,,missing,unavailable,,missing,unavailable,organism_exact,25.1828,biooracle_sampled,biooracle:sst_mean_c,34.6714,biooracle_sampled,biooracle:salinity_mean_psu,8.1,habitat_default,habitat_default:coastal_estuarine,9.2,obis_aggregate,obis:depth_median_m,6.5,habitat_default,habitat_default:coastal_estuarine
P52722,0.0,0.0,0.05,0.5,0.13333333333333333,0.17231462751644436,0.1,0.06666666666666667,0.3,0.4,0.0,0.1282051282051282,0.13675213675213677,0.38461538461538464,0.3,0.47412381128746534,6.0,2.8947368421052633,1.0,1.372463664253189,0.3333333333333333,3.181217059860022,4.053890725150754,0.1,0.13333333333333333,0.08333333333333333,2.5773089828290687,2.355523894851392,0.1,2,12.161672175452262,147.90627010316976,20,0.03333333333333333,0.06666666666666667,2.134025279108708,2.7194325704379003,0.03333333333333333,0.3,0.1,0.03333333333333333,9.543651179580067,91.0812778375,0.1,0.11666666666666667,0.31666666666666665,1.6238932260815706,Danio rerio,coastal_estuarine,low,27.0,observed,metadata.csv:heuristic,7.8,observed,metadata.csv:heuristic,34.6714,biooracle_sampled,biooracle:BO22_salinitymean_ss,9.2,obis_aggregate,obis:depth_median,,missing,unavailable,,missing,unavailable,organism_exact,25.1828,biooracle_sampled,biooracle:sst_mean_c,34.6714,biooracle_sampled,biooracle:salinity_mean_psu,8.1,habitat_default,habitat_default:coastal_estuarine,9.2,obis_aggregate,obis:depth_median_m,6.5,habitat_default,habitat_default:coastal_estuarine
P52723,0.0,0.0,0.05,0.5,0.13333333333333333,0.17911053208568417,0.1,0.06666666666666667,0.3,0.4,0.0,0.1282051282051282,0.13675213675213677,0.38461538461538464,0.3,0.47412381128746534,6.0,2.8947368421052633,1.0,1.372463664253189,0.3333333333333333,3.111410253584556,3.9875770112576725,0.1,0.13333333333333333,0.08333333333333333,2.562078396638705,2.3354617598608547,0.1,2,11.962731033773018,143.10693378639607,20,0.03333333333333333,0.06666666666666667,2.0871974498714776,2.67494797880628,0.03333333333333333,0.3,0.1,0.03333333333333333,9.334230760753668,87.12786389499999,0.1,0.13333333333333333,0.3333333333333333,1.6424933125740102,Carassius auratus,coastal_estuarine,low,18.0,observed,metadata.csv:heuristic,7.5,observed,metadata.csv:heuristic,28,imputed,imputed:habitat_default:coastal_estuarine,15,obis_aggregate,obis:depth_median,,missing,unavailable,,missing,unavailable,organism_exact,22.0,habitat_default,habitat_default:coastal_estuarine,32.0,habitat_default,habitat_default:coastal_estuarine,8.1,habitat_default,habitat_default:coastal_estuarine,15,obis_aggregate,obis:depth_median_m,6.5,habitat_default,habitat_default:coastal_estuarine
P52724,0.0,0.0,0.05,0.3333333333333333,0.15,0.1623202973999584,0.1,0.06666666666666667,0.3,0.4,0.0,0.1452991452991453,0.11965811965811966,0.38461538461538464,0.3,0.47412381128746534,6.0,2.8947368421052633,1.0,1.372463664253189,0.3333333333333333,3.277687441288107,4.1768330763854165,0.1,0.1,0.05,2.6049463394440577,2.3826027840959925,0.1,2,12.53049922915625,157.01341093188537,20,0.05,0.05,2.1987395783152675,2.801904806840209,0.06666666666666667,0.31666666666666665,0.1,0.05,9.833062323864322,96.68911466500002,0.1,0.13333333333333333,0.3,1.6238995617644414,Chaenocephalus aceratus,polar,low,-1.5,observed,metadata.csv:heuristic,8.2,observed,metadata.csv:heuristic,33.733,biooracle_sampled,biooracle:BO22_salinitymean_ss,183,obis_aggregate,obis:depth_median,,missing,unavailable,,missing,unavailable,organism_exact,-0.2388,biooracle_sampled,biooracle:sst_mean_c,33.733,biooracle_sampled,biooracle:salinity_mean_psu,8.0722,biooracle_sampled,biooracle:ph_mean,299.0,biooracle_sampled,biooracle:depth_mean_m,7.9433,biooracle_sampled,biooracle:do_mean_mlL
P52725,0.0,0.0,0.05,0.3333333333333333,0.15,0.17087217948614614,0.1,0.06666666666666667,0.3,0.4,0.0,0.1452991452991453,0.18803418803418803,0.29914529914529914,0.3,0.47412381128746534,6.0,2.8947368421052633,1.0,1.372463664253189,0.3333333333333333,3.19873862188068,4.065719130222808,0.11666666666666667,0.15,0.05,2.5800014572095726,2.360496943573208,0.1,2,12.197157390668426,148.77064841273742,20,0.05,0.05,2.145779100233759,2.7273673057798558,0.08333333333333333,0.25,0.1,0.06666666666666667,9.59621586564204,92.08735894000002,0.08333333333333333,0.1,0.3333333333333333,1.6155382250637644,Perca fluviatilis,coastal_estuarine,low,12.0,observed,metadata.csv:heuristic,7.5,observed,metadata.csv:heuristic,5.6758,biooracle_sampled,biooracle:BO22_salinitymean_ss,6.0,obis_aggregate,obis:depth_median,,missing,unavailable,,missing,unavailable,organism_exact,8.3556,biooracle_sampled,biooracle:sst_mean_c,5.6758,biooracle_sampled,biooracle:salinity_mean_psu,8.09,biooracle_sampled,biooracle:ph_mean,1.625,biooracle_sampled,biooracle:depth_mean_m,8.02,biooracle_sampled,biooracle:do_mean_mlL
P52726,0.0,0.0,0.05,0.3333333333333333,0.2,0.21071414587150256,0.1,0.06666666666666667,0.3,0.4,0.0,0.23076923076923078,0.10256410256410256,0.3162393162393162,0.3,0.47412381128746534,6.0,2.8947368421052633,1.0,1.372463664253189,0.3333333333333333,2.8461736361199828,3.7053770103563046,0.1,0.1,0.08333333333333333,2.4945377078200246,2.2553384323876724,0.13333333333333333,2,11.116131031068914,123.56836909989323,20,0.06666666666666667,0.06666666666666667,1.9092713178396097,2.4856424632264917,0.03333333333333333,0.26666666666666666,0.13333333333333333,0.03333333333333333,8.53852090835995,72.90633930250002,0.15,0.15,0.31666666666666665,1.6948919707405468,Oreochromis mossambicus,coastal_estuarine,moderate,25.0,observed,metadata.csv:heuristic,7.5,observed,metadata.csv:heuristic,28,imputed,imputed:habitat_default:coastal_estuarine,0.6,obis_aggregate,obis:depth_median,,missing,unavailable,,missing,unavailable,organism_exact,22.0,habitat_default,habitat_default:coastal_estuarine,32.0,habitat_default,habitat_default:coastal_estuarine,8.1,habitat_default,habitat_default:coastal_estuarine,0.6,obis_aggregate,obis:depth_median_m,6.5,habitat_default,habitat_default:coastal_estuarine
P52727,0.0,0.0,0.05,0.3333333333333333,0.15,0.18459402567355243,0.1,0.06666666666666667,0.3,0.4,0.0,0.1452991452991453,0.1111111111111111,0.39316239316239315,0.3,0.47412381128746534,6.0,2.8947368421052633,1.0,1.372463664253189,0.3333333333333333,3.061957882267125,3.931611823952302,0.1,0.1,0.05,2.5490416107449354,2.321001823791069,0.1,2,11.794835471856906,139.11814380817393,20,0.05,0.05,2.054023790697177,2.637405389849785,0.03333333333333333,0.31666666666666665,0.1,0.03333333333333333,9.185873646801376,84.38027465500001,0.16666666666666666,0.15,0.31666666666666665,1.648704562493746,Sparus aurata,coastal_estuarine,moderate,18.3,observed,metadata.csv:curated_lookup,8.2,observed,metadata.csv:curated_lookup,36.3528,biooracle_sampled,biooracle:BO22_salinitymean_ss,26.5,obis_aggregate,obis:depth_median,,missing,unavailable,,missing,unavailable,organism_exact,22.2818,biooracle_sampled,biooracle:sst_mean_c,36.3528,biooracle_sampled,biooracle:salinity_mean_psu,8.0524,biooracle_sampled,biooracle:ph_mean,2.1389,biooracle_sampled,biooracle:depth_mean_m,5.059,biooracle_sampled,biooracle:do_mean_mlL
P52728,0.0,0.0,0.05,0.4,0.16666666666666666,0.15477535880871707,0.1,0.06666666666666667,0.3,0.4,0.0,0.1623931623931624,0.11965811965811966,0.36752136752136755,0.3,0.47412381128746534,6.0,2.8947368421052633,1.0,1.372463664253189,0.3333333333333333,3.385152948948951,4.241381823278522,0.1,0.1,0.08333333333333333,2.6191567246074396,2.411928960776479,0.11666666666666667,2,12.724145469835568,161.903877937537,20,0.05,0.06666666666666667,2.270829632425119,2.845205422614833,0.06666666666666667,0.3,0.11666666666666667,0.05,10.155458846846853,103.13334439000002,0.1,0.11666666666666667,0.2833333333333333,1.5698499733053888,Zoarces viviparus,coastal_estuarine,low,6.0,observed,metadata.csv:heuristic,8.0,observed,metadata.csv:heuristic,20.6849,biooracle_sampled,biooracle:BO22_salinitymean_ss,9,obis_aggregate,obis:depth_median,,missing,unavailable,,missing,unavailable,organism_exact,10.0137,biooracle_sampled,biooracle:sst_mean_c,20.6849,biooracle_sampled,biooracle:salinity_mean_psu,8.0744,biooracle_sampled,biooracle:ph_mean,9.7778,biooracle_sampled,biooracle:depth_mean_m,6.8574,biooracle_sampled,biooracle:do_mean_mlL
P55945,0.0,0.0,0.05,0.3333333333333333,0.15,0.17811596615275535,0.1,0.06666666666666667,0.3,0.4,0.0,0.15384615384615385,0.13675213675213677,0.358974358974359,0.3,0.47412381128746534,6.0,2.8947368421052633,1.0,1.372463664253189,0.3333333333333333,3.1016446229290104,4.0224680114991695,0.1,0.11666666666666667,0.05,2.5701208877476702,2.3326227969309556,0.1,2,12.067404034497509,145.62224013180676,20,0.05,0.05,2.080646465674791,2.6983535733091646,0.08333333333333333,0.3,0.1,0.06666666666666667,9.304933868787032,86.5817943025,0.08333333333333333,0.1,0.2833333333333333,1.6819036993277237,Pseudopleuronectes americanus,coastal_estuarine,moderate,8.0,observed,metadata.csv:heuristic,8.0,observed,metadata.csv:heuristic,31.4516,biooracle_sampled,biooracle:BO22_salinitymean_ss,22,obis_aggregate,obis:depth_median,,missing,unavailable,,missing,unavailable,organism_exact,9.0906,biooracle_sampled,biooracle:sst_mean_c,31.4516,biooracle_sampled,biooracle:salinity_mean_psu,8.0286,biooracle_sampled,biooracle:ph_mean,58.5833,biooracle_sampled,biooracle:depth_mean_m,6.7169,biooracle_sampled,biooracle:do_mean_mlL
P55946,0.0,0.0,0.0,0.2857142857142857,0.21212121212121213,0.33678351627181297,0.10606060606060606,0.015151515151515152,0.3333333333333333,0.4444444444444444,0.0,0.2169811320754717,0.14150943396226415,0.32075471698113206,0.2222222222222222,0.3863090652282846,6.0,3.2941176470588234,2.0,1.2725475089872904,0.2727272727272727,1.7419443778619161,2.282151827235147,0.13636363636363635,0.12121212121212122,0.12121212121212122,2.2372878876692535,1.9997392136894996,0.13636363636363635,1,8.36789003319554,70.02158360765326,18,0.07575757575757576,0.06060606060606061,1.5054608335994857,1.972330595565297,0.015151515151515152,0.25757575757575757,0.13636363636363635,0.015151515151515152,6.387129385493693,40.795421787037036,0.07575757575757576,0.12121212121212122,0.36363636363636365,1.716407884521566,Arianta arbustorum,coastal_estuarine,low,10.0,observed,metadata.csv:heuristic,7.5,observed,metadata.csv:heuristic,28,imputed,imputed:habitat_default:coastal_estuarine,30,imputed,imputed:habitat_default:coastal_estuarine,,missing,unavailable,,missing,unavailable,organism_exact,22.0,habitat_default,habitat_default:coastal_estuarine,32.0,habitat_default,habitat_default:coastal_estuarine,8.1,habitat_default,habitat_default:coastal_estuarine,30.0,habitat_default,habitat_default:coastal_estuarine,6.5,habitat_default,habitat_default:coastal_estuarine
P55947,0.03125,0.0,0.0,0.2727272727272727,0.171875,0.28042420385637684,0.109375,0.015625,0.3333333333333333,0.3888888888888889,0.0,0.19811320754716982,0.08490566037735849,0.3018867924528302,0.2777777777777778,0.3863090652282846,6.0,3.2941176470588234,2.0,1.2725475089872904,0.28125,1.9658731351727023,2.5827750592746885,0.1875,0.0625,0.109375,2.3207393242703764,2.078162116975081,0.078125,1,9.183200210754448,84.33116611080054,18,0.0625,0.046875,1.6475048590614239,2.164501047339401,0.015625,0.28125,0.109375,0.015625,6.989771147280719,48.85690069135802,0.09375,0.15625,0.40625,1.726085054873678,Helix pomatia,coastal_estuarine,low,12.0,observed,metadata.csv:heuristic,7.5,observed,metadata.csv:heuristic,12.0368,biooracle_sampled,biooracle:BO22_salinitymean_ss,8.4722,biooracle_sampled,biooracle:BO_bathymean,,missing,unavailable,,missing,unavailable,organism_exact,10.5322,biooracle_sampled,biooracle:sst_mean_c,12.0368,biooracle_sampled,biooracle:salinity_mean_psu,8.1184,biooracle_sampled,biooracle:ph_mean,8.4722,biooracle_sampled,biooracle:depth_mean_m,7.4911,biooracle_sampled,biooracle:do_mean_mlL
P55948,0.017241379310344827,0.0,0.05172413793103448,0.17647058823529413,0.29310344827586204,0.1991950353042481,0.08620689655172414,0.06896551724137931,0.3684210526315789,0.3684210526315789,0.0,0.3333333333333333,0.13513513513513514,0.21621621621621623,0.2631578947368421,0.4741856925360752,6.0,2.888888888888889,1.0,1.3698697784375504,0.3275862068965517,2.8033349126674576,3.6513319726018993,0.06896551724137931,0.13793103448275862,0.15517241379310345,2.497013999531782,2.257331280038639,0.15517241379310345,2,11.146171284784746,124.23713430976004,19,0.1206896551724138,0.05172413793103448,1.9632363107329036,2.5571070651458747,0.06896551724137931,0.1724137931034483,0.1724137931034483,0.08620689655172414,8.557548680774344,73.23163942382271,0.06896551724137931,0.06896551724137931,0.2413793103448276,1.6964953302594632,Carcinus maenas,coastal_estuarine,moderate,12.8,observed,metadata.csv:curated_lookup,8.0,observed,metadata.csv:curated_lookup,30.2745,biooracle_sampled,biooracle:BO22_salinitymean_ss,4.7,obis_aggregate,obis:depth_median,,missing,unavailable,,missing,unavailable,organism_exact,10.7561,biooracle_sampled,biooracle:sst_mean_c,30.2745,biooracle_sampled,biooracle:salinity_mean_psu,8.0646,biooracle_sampled,biooracle:ph_mean,4.3611,biooracle_sampled,biooracle:depth_mean_m,6.2636,biooracle_sampled,biooracle:do_mean_mlL
P55949,0.01694915254237288,0.0,0.03389830508474576,0.38461538461538464,0.22033898305084745,0.23679316399698194,0.0847457627118644,0.05084745762711865,0.2777777777777778,0.4444444444444444,0.0,0.24299065420560748,0.14953271028037382,0.29906542056074764,0.2777777777777778,0.4410517285069121,6.0,3.0588235294117645,1.0,1.3490994048446723,0.3050847457627119,2.3258211656961816,3.0420616633509256,0.0847457627118644,0.15254237288135594,0.0847457627118644,2.395273850668238,2.154493925915099,0.13559322033898305,2,9.971202118761367,99.42487169319118,18,0.06779661016949153,0.0847457627118644,1.7968820586549494,2.350234878252611,0.06779661016949153,0.23728813559322035,0.15254237288135594,0.0847457627118644,7.62352493200415,58.11813238888888,0.0847457627118644,0.0847457627118644,0.288135593220339,1.7107375548117127,Callinectes sapidus,coastal_estuarine,moderate,19.2,observed,metadata.csv:curated_lookup,8.0,observed,metadata.csv:curated_lookup,31.8816,biooracle_sampled,biooracle:BO22_salinitymean_ss,1.3,obis_aggregate,obis:depth_median,,missing,unavailable,,missing,unavailable,organism_exact,23.6976,biooracle_sampled,biooracle:sst_mean_c,31.8816,biooracle_sampled,biooracle:salinity_mean_psu,8.0711,biooracle_sampled,biooracle:ph_mean,0.3889,biooracle_sampled,biooracle:depth_mean_m,4.9317,biooracle_sampled,biooracle:do_mean_mlL
P55950,0.017241379310344827,0.0,0.034482758620689655,0.1,0.3448275862068966,0.19006756074889858,0.08620689655172414,0.05172413793103448,0.3333333333333333,0.3888888888888889,0.0,0.3904761904761905,0.12380952380952381,0.22857142857142856,0.2777777777777778,0.4410517285069121,6.0,3.0588235294117645,1.0,1.3490994048446723,0.3103448275862069,2.65649003614326,3.433565492915409,0.034482758620689655,0.1206896551724138,0.15517241379310345,2.4902018581212517,2.2575669347522482,0.1724137931034483,2,11.06371103272743,122.40570181569464,18,0.15517241379310345,0.034482758620689655,2.0175644978752034,2.607741698776662,0.08620689655172414,0.1896551724137931,0.1896551724137931,0.10344827586206896,8.559801227572727,73.27019705555557,0.10344827586206896,0.1206896551724138,0.25862068965517243,1.6706069689273955,Callinectes sapidus,coastal_estuarine,moderate,19.2,observed,metadata.csv:curated_lookup,8.0,observed,metadata.csv:curated_lookup,31.8816,biooracle_sampled,biooracle:BO22_salinitymean_ss,1.3,obis_aggregate,obis:depth_median,,missing,unavailable,,missing,unavailable,organism_exact,23.6976,biooracle_sampled,biooracle:sst_mean_c,31.8816,biooracle_sampled,biooracle:salinity_mean_psu,8.0711,biooracle_sampled,biooracle:ph_mean,0.3889,biooracle_sampled,biooracle:depth_mean_m,4.9317,biooracle_sampled,biooracle:do_mean_mlL
P55951,0.017241379310344827,0.0,0.034482758620689655,0.07692307692307693,0.22413793103448276,0.1660754335924302,0.08620689655172414,0.05172413793103448,0.3333333333333333,0.3888888888888889,0.0,0.24761904761904763,0.21904761904761905,0.21904761904761905,0.2777777777777778,0.4410517285069121,6.0,3.0588235294117645,1.0,1.3490994048446723,0.3103448275862069,2.8455163198679707,3.6685551514151515,0.08620689655172414,0.20689655172413793,0.06896551724137931,2.5510766465590353,2.3193326582953477,0.10344827586206896,2,11.82089993233771,139.7336752103417,18,0.10344827586206896,0.017241379310344827,2.1611271365523446,2.7862128339611987,0.08620689655172414,0.1724137931034483,0.1206896551724138,0.10344827586206896,9.168885919574572,84.06846900617285,0.05172413793103448,0.08620689655172414,0.3275862068965517,1.6621413100800195,Astacus astacus,coastal_estuarine,low,10.0,observed,metadata.csv:heuristic,7.8,observed,metadata.csv:heuristic,28,imputed,imputed:habitat_default:coastal_estuarine,30,imputed,imputed:habitat_default:coastal_estuarine,,missing,unavailable,,missing,unavailable,organism_exact,22.0,habitat_default,habitat_default:coastal_estuarine,32.0,habitat_default,habitat_default:coastal_estuarine,8.1,habitat_default,habitat_default:coastal_estuarine,30.0,habitat_default,habitat_default:coastal_estuarine,6.5,habitat_default,habitat_default:coastal_estuarine
P55952,0.017241379310344827,0.0,0.034482758620689655,0.05263157894736842,0.3275862068965517,0.18249073651873032,0.08620689655172414,0.05172413793103448,0.3333333333333333,0.3888888888888889,0.0,0.3523809523809524,0.1523809523809524,0.21904761904761905,0.2777777777777778,0.45204334153626186,6.0,3.1176470588235294,1.0,1.409311594201287,0.3103448275862069,2.721827494957529,3.4902787036200262,0.05172413793103448,0.13793103448275862,0.10344827586206896,2.5052363930813044,2.2793505534274043,0.13793103448275862,2,11.246453600553417,126.48271858940093,18,0.1724137931034483,-0.017241379310344827,2.067187321786274,2.6508145350837284,0.06896551724137931,0.1724137931034483,0.15517241379310345,0.08620689655172414,8.770333039307593,76.91874162037035,0.06896551724137931,0.08620689655172414,0.27586206896551724,1.6443680164926748,Potamon potamios,coastal_estuarine,low,15.0,observed,metadata.csv:heuristic,7.5,observed,metadata.csv:heuristic,28,imputed,imputed:habitat_default:coastal_estuarine,30,imputed,imputed:habitat_default:coastal_estuarine,,missing,unavailable,,missing,unavailable,organism_exact,22.0,habitat_default,habitat_default:coastal_estuarine,32.0,habitat_default,habitat_default:coastal_estuarine,8.1,habitat_default,habitat_default:coastal_estuarine,30.0,habitat_default,habitat_default:coastal_estuarine,6.5,habitat_default,habitat_default:coastal_estuarine
P55953,0.0,0.0,0.0625,0.058823529411764705,0.265625,0.2159311221556611,0.09375,0.03125,0.35,0.35,0.0,0.3017241379310345,0.12931034482758622,0.15517241379310345,0.3,0.5468535009363347,6.0,3.0526315789473686,1.0,1.6693422660161796,0.3125,2.6546598501815666,3.4072650290141344,0.140625,0.140625,0.140625,2.4768113118522788,2.250756025693292,0.140625,2,10.90324809284523,118.88081897413313,20,0.125,0.015625,1.8995199622865249,2.4380403911146873,0.0,0.140625,0.140625,0.015625,8.494911520581013,72.16352174250002,0.03125,0.03125,0.265625,1.6473810604523118,Sterechinus neumayeri,polar,low,-1.5,observed,metadata.csv:heuristic,8.2,observed,metadata.csv:heuristic,33.7136,biooracle_sampled,biooracle:BO22_salinitymean_ss,40,obis_aggregate,obis:depth_median,,missing,unavailable,,missing,unavailable,organism_exact,-0.5185,biooracle_sampled,biooracle:sst_mean_c,33.7136,biooracle_sampled,biooracle:salinity_mean_psu,8.0768,biooracle_sampled,biooracle:ph_mean,48.7778,biooracle_sampled,biooracle:depth_mean_m,7.5269,biooracle_sampled,biooracle:do_mean_mlL
P62338,0.0,0.0,0.05,0.4,0.16666666666666666,0.163136231204327,0.1,0.06666666666666667,0.3,0.4,0.0,0.17094017094017094,0.11965811965811966,0.358974358974359,0.3,0.47412381128746534,6.0,2.8947368421052633,1.0,1.372463664253189,0.3333333333333333,3.270683480771089,4.164842128603375,0.1,0.1,0.06666666666666667,2.6022841503231775,2.3806612938041014,0.11666666666666667,2,12.494526385810127,156.1131896057055,20,0.05,0.06666666666666667,2.1940411787669345,2.7938610345336206,0.06666666666666667,0.3,0.11666666666666667,0.05,9.812050442313268,96.2763338825,0.11666666666666667,0.15,0.31666666666666665,1.6215115730957634,Chionodraco rastrospinosus,polar,low,-1.5,observed,metadata.csv:curated_lookup,8.2,observed,metadata.csv:curated_lookup,33.6623,biooracle_sampled,biooracle:BO22_salinitymean_ss,238.8,obis_aggregate,obis:depth_median,,missing,unavailable,,missing,unavailable,organism_exact,-0.2395,biooracle_sampled,biooracle:sst_mean_c,33.6623,biooracle_sampled,biooracle:salinity_mean_psu,8.0808,biooracle_sampled,biooracle:ph_mean,287.3194,biooracle_sampled,biooracle:depth_mean_m,7.9371,biooracle_sampled,biooracle:do_mean_mlL
P62339,0.0,0.0,0.05,0.4,0.16666666666666666,0.163136231204327,0.1,0.06666666666666667,0.3,0.4,0.0,0.17094017094017094,0.11965811965811966,0.358974358974359,0.3,0.47412381128746534,6.0,2.8947368421052633,1.0,1.372463664253189,0.3333333333333333,3.270683480771089,4.164842128603375,0.1,0.1,0.06666666666666667,2.6022841503231775,2.3806612938041014,0.11666666666666667,2,12.494526385810127,156.1131896057055,20,0.05,0.06666666666666667,2.1940411787669345,2.7938610345336206,0.06666666666666667,0.3,0.11666666666666667,0.05,9.812050442313268,96.2763338825,0.11666666666666667,0.15,0.31666666666666665,1.6215115730957634,Notothenia neglecta,polar,low,-1.5,observed,metadata.csv:heuristic,8.2,observed,metadata.csv:heuristic,33.7465,biooracle_sampled,biooracle:BO22_salinitymean_ss,170.0,obis_aggregate,obis:depth_median,,missing,unavailable,,missing,unavailable,organism_exact,-0.4662,biooracle_sampled,biooracle:sst_mean_c,33.7465,biooracle_sampled,biooracle:salinity_mean_psu,8.0825,biooracle_sampled,biooracle:ph_mean,903.3056,biooracle_sampled,biooracle:depth_mean_m,7.9359,biooracle_sampled,biooracle:do_mean_mlL
P62678,0.0,0.0,0.05,0.3333333333333333,0.15,0.15787370712038137,0.1,0.06666666666666667,0.3,0.4,0.0,0.1452991452991453,0.11965811965811966,0.38461538461538464,0.3,0.47412381128746534,6.0,2.8947368421052633,1.0,1.372463664253189,0.3333333333333333,3.3249825502883796,4.233390284610536,0.1,0.1,0.05,2.617408303838915,2.3956151890970245,0.1,2,12.70017085383161,161.29433971651392,20,0.05,0.05,2.230466101933629,2.8398445355029023,0.06666666666666667,0.31666666666666665,0.1,0.05,9.97494765086514,99.49958063749997,0.11666666666666667,0.15,0.31666666666666665,1.6210554726270312,Trematomus bernacchii,polar,low,-1.8,observed,metadata.csv:curated_lookup,8.22,observed,metadata.csv:curated_lookup,33.5911,biooracle_sampled,biooracle:BO22_salinitymean_ss,20,obis_aggregate,obis:depth_median,,missing,unavailable,,missing,unavailable,organism_exact,-1.5236,biooracle_sampled,biooracle:sst_mean_c,33.5911,biooracle_sampled,biooracle:salinity_mean_psu,8.0843,biooracle_sampled,biooracle:ph_mean,17.2222,biooracle_sampled,biooracle:depth_mean_m,8.26,biooracle_sampled,biooracle:do_mean_mlL
P62679,0.0,0.0,0.05,0.3333333333333333,0.15,0.15787370712038137,0.1,0.06666666666666667,0.3,0.4,0.0,0.1452991452991453,0.11965811965811966,0.38461538461538464,0.3,0.47412381128746534,6.0,2.8947368421052633,1.0,1.372463664253189,0.3333333333333333,3.3249825502883796,4.233390284610536,0.1,0.1,0.05,2.617408303838915,2.3956151890970245,0.1,2,12.70017085383161,161.29433971651392,20,0.05,0.05,2.230466101933629,2.8398445355029023,0.06666666666666667,0.31666666666666665,0.1,0.05,9.97494765086514,99.49958063749997,0.11666666666666667,0.15,0.31666666666666665,1.6210554726270312,Chionodraco rastrospinosus,polar,low,-1.5,observed,metadata.csv:curated_lookup,8.2,observed,metadata.csv:curated_lookup,33.6623,biooracle_sampled,biooracle:BO22_salinitymean_ss,238.8,obis_aggregate,obis:depth_median,,missing,unavailable,,missing,unavailable,organism_exact,-0.2395,biooracle_sampled,biooracle:sst_mean_c,33.6623,biooracle_sampled,biooracle:salinity_mean_psu,8.0808,biooracle_sampled,biooracle:ph_mean,287.3194,biooracle_sampled,biooracle:depth_mean_m,7.9371,biooracle_sampled,biooracle:do_mean_mlL
P62680,0.0,0.0,0.05,0.3333333333333333,0.15,0.15787370712038137,0.1,0.06666666666666667,0.3,0.4,0.0,0.1452991452991453,0.11965811965811966,0.38461538461538464,0.3,0.47412381128746534,6.0,2.8947368421052633,1.0,1.372463664253189,0.3333333333333333,3.3249825502883796,4.233390284610536,0.1,0.1,0.05,2.617408303838915,2.3956151890970245,0.1,2,12.70017085383161,161.29433971651392,20,0.05,0.05,2.230466101933629,2.8398445355029023,0.06666666666666667,0.31666666666666665,0.1,0.05,9.97494765086514,99.49958063749997,0.11666666666666667,0.15,0.31666666666666665,1.6210554726270312,Notothenia neglecta,polar,low,-1.5,observed,metadata.csv:heuristic,8.2,observed,metadata.csv:heuristic,33.7465,biooracle_sampled,biooracle:BO22_salinitymean_ss,170.0,obis_aggregate,obis:depth_median,,missing,unavailable,,missing,unavailable,organism_exact,-0.4662,biooracle_sampled,biooracle:sst_mean_c,33.7465,biooracle_sampled,biooracle:salinity_mean_psu,8.0825,biooracle_sampled,biooracle:ph_mean,903.3056,biooracle_sampled,biooracle:depth_mean_m,7.9359,biooracle_sampled,biooracle:do_mean_mlL
P62681,0.0,0.0,0.05,0.3333333333333333,0.15,0.15787370712038137,0.1,0.06666666666666667,0.3,0.4,0.0,0.1452991452991453,0.11965811965811966,0.38461538461538464,0.3,0.47412381128746534,6.0,2.8947368421052633,1.0,1.372463664253189,0.3333333333333333,3.3249825502883796,4.233390284610536,0.1,0.1,0.05,2.617408303838915,2.3956151890970245,0.1,2,12.70017085383161,161.29433971651392,20,0.05,0.05,2.230466101933629,2.8398445355029023,0.06666666666666667,0.31666666666666665,0.1,0.05,9.97494765086514,99.49958063749997,0.11666666666666667,0.15,0.31666666666666665,1.6210554726270312,Pagothenia borchgrevinki,polar,low,-1.5,observed,metadata.csv:heuristic,8.2,observed,metadata.csv:heuristic,33.5911,biooracle_sampled,biooracle:BO22_salinitymean_ss,12,obis_aggregate,obis:depth_median,,missing,unavailable,,missing,unavailable,organism_exact,-1.5505,biooracle_sampled,biooracle:sst_mean_c,33.5911,biooracle_sampled,biooracle:salinity_mean_psu,8.0843,biooracle_sampled,biooracle:ph_mean,17.2222,biooracle_sampled,biooracle:depth_mean_m,8.2872,biooracle_sampled,biooracle:do_mean_mlL
P62682,0.0,0.0,0.05,0.3333333333333333,0.15,0.15787370712038137,0.1,0.06666666666666667,0.3,0.4,0.0,0.1452991452991453,0.11965811965811966,0.38461538461538464,0.3,0.47412381128746534,6.0,2.8947368421052633,1.0,1.372463664253189,0.3333333333333333,3.3249825502883796,4.233390284610536,0.1,0.1,0.05,2.617408303838915,2.3956151890970245,0.1,2,12.70017085383161,161.29433971651392,20,0.05,0.05,2.230466101933629,2.8398445355029023,0.06666666666666667,0.31666666666666665,0.1,0.05,9.97494765086514,99.49958063749997,0.11666666666666667,0.15,0.31666666666666665,1.6210554726270312,Parachaenichthys charcoti,polar,low,-1.5,observed,metadata.csv:heuristic,8.2,observed,metadata.csv:heuristic,33.79,biooracle_sampled,biooracle:BO22_salinitymean_ss,120.8,obis_aggregate,obis:depth_median,,missing,unavailable,,missing,unavailable,organism_exact,-0.1196,biooracle_sampled,biooracle:sst_mean_c,33.79,biooracle_sampled,biooracle:salinity_mean_psu,8.0868,biooracle_sampled,biooracle:ph_mean,206.3889,biooracle_sampled,biooracle:depth_mean_m,7.9948,biooracle_sampled,biooracle:do_mean_mlL
P62711,0.0,0.0,0.05,0.3333333333333333,0.15,0.17195298536036113,0.1,0.06666666666666667,0.3,0.4,0.0,0.1452991452991453,0.11965811965811966,0.38461538461538464,0.3,0.47412381128746534,6.0,2.8947368421052633,1.0,1.372463664253189,0.3333333333333333,3.1732787423525632,4.072579244444963,0.1,0.1,0.05,2.5815596952214306,2.3532626394182032,0.1,2,12.21773773333489,149.27311532055515,20,0.05,0.05,2.1287000938366116,2.7319692103001008,0.06666666666666667,0.31666666666666665,0.1,0.05,9.51983622705769,90.62728178999998,0.11666666666666667,0.15,0.31666666666666665,1.647110145777607,Chionodraco hamatus,polar,low,-1.5,observed,metadata.csv:curated_lookup,8.2,observed,metadata.csv:curated_lookup,33.971,biooracle_sampled,biooracle:BO22_salinitymean_ss,178,obis_aggregate,obis:depth_median,,missing,unavailable,,missing,unavailable,organism_exact,-1.446,biooracle_sampled,biooracle:sst_mean_c,33.971,biooracle_sampled,biooracle:salinity_mean_psu,8.0498,biooracle_sampled,biooracle:ph_mean,299.1111,biooracle_sampled,biooracle:depth_mean_m,7.7189,biooracle_sampled,biooracle:do_mean_mlL
P62712,0.0,0.0,0.05,0.3333333333333333,0.15,0.17195298536036113,0.1,0.06666666666666667,0.3,0.4,0.0,0.1452991452991453,0.11965811965811966,0.38461538461538464,0.3,0.47412381128746534,6.0,2.8947368421052633,1.0,1.372463664253189,0.3333333333333333,3.1732787423525632,4.072579244444963,0.1,0.1,0.05,2.5815596952214306,2.3532626394182032,0.1,2,12.21773773333489,149.27311532055515,20,0.05,0.05,2.1287000938366116,2.7319692103001008,0.06666666666666667,0.31666666666666665,0.1,0.05,9.51983622705769,90.62728178999998,0.11666666666666667,0.15,0.31666666666666665,1.647110145777607,Morone saxatilis,coastal_estuarine,moderate,15.0,observed,metadata.csv:heuristic,8.0,observed,metadata.csv:heuristic,9.0031,biooracle_sampled,biooracle:BO22_salinitymean_ss,39.5,obis_aggregate,obis:depth_median,,missing,unavailable,,missing,unavailable,organism_exact,13.7783,biooracle_sampled,biooracle:sst_mean_c,9.0031,biooracle_sampled,biooracle:salinity_mean_psu,8.116,biooracle_sampled,biooracle:ph_mean,0.0,biooracle_sampled,biooracle:depth_mean_m,6.2111,biooracle_sampled,biooracle:do_mean_mlL
P62713,0.0,0.0,0.05,0.3333333333333333,0.15,0.17195298536036113,0.1,0.06666666666666667,0.3,0.4,0.0,0.1452991452991453,0.11965811965811966,0.38461538461538464,0.3,0.47412381128746534,6.0,2.8947368421052633,1.0,1.372463664253189,0.3333333333333333,3.1732787423525632,4.072579244444963,0.1,0.1,0.05,2.5815596952214306,2.3532626394182032,0.1,2,12.21773773333489,149.27311532055515,20,0.05,0.05,2.1287000938366116,2.7319692103001008,0.06666666666666667,0.31666666666666665,0.1,0.05,9.51983622705769,90.62728178999998,0.11666666666666667,0.15,0.31666666666666665,1.647110145777607,Gymnodraco acuticeps,polar,low,-1.5,observed,metadata.csv:heuristic,8.2,observed,metadata.csv:heuristic,33.618,biooracle_sampled,biooracle:BO22_salinitymean_ss,40.0,obis_aggregate,obis:depth_median,,missing,unavailable,,missing,unavailable,organism_exact,-1.5401,biooracle_sampled,biooracle:sst_mean_c,33.618,biooracle_sampled,biooracle:salinity_mean_psu,8.0738,biooracle_sampled,biooracle:ph_mean,123.0278,biooracle_sampled,biooracle:depth_mean_m,7.8424,biooracle_sampled,biooracle:do_mean_mlL
P68501,0.0,0.0,0.05,0.2727272727272727,0.18333333333333332,0.16093290268965435,0.1,0.06666666666666667,0.3,0.4,0.0,0.1794871794871795,0.13675213675213677,0.3504273504273504,0.3,0.47412381128746534,6.0,2.8947368421052633,1.0,1.372463664253189,0.3333333333333333,3.308913235615787,4.17308530151188,0.08333333333333333,0.11666666666666667,0.08333333333333333,2.604115032453474,2.3912129692055277,0.11666666666666667,2,12.51925590453564,156.7317684032505,20,0.06666666666666667,0.05,2.2196864779457033,2.7993907230257307,0.06666666666666667,0.2833333333333333,0.11666666666666667,0.05,9.92673970684736,98.54016120750002,0.13333333333333333,0.16666666666666666,0.3333333333333333,1.5905369595774665,Oncorhynchus mykiss,open_ocean,low,10.5,observed,metadata.csv:curated_lookup,8.15,observed,metadata.csv:curated_lookup,35,imputed,imputed:habitat_default:open_ocean,16.2,obis_aggregate,obis:depth_median,,missing,unavailable,,missing,unavailable,organism_exact,15.0,habitat_default,habitat_default:open_ocean,35.0,habitat_default,habitat_default:open_ocean,8.1,habitat_default,habitat_default:open_ocean,16.2,obis_aggregate,obis:depth_median_m,7.0,habitat_default,habitat_default:open_ocean
P68502,0.0,0.0,0.05,0.2727272727272727,0.18333333333333332,0.16093290268965435,0.1,0.06666666666666667,0.3,0.4,0.0,0.1794871794871795,0.13675213675213677,0.3504273504273504,0.3,0.47412381128746534,6.0,2.8947368421052633,1.0,1.372463664253189,0.3333333333333333,3.308913235615787,4.17308530151188,0.08333333333333333,0.11666666666666667,0.08333333333333333,2.604115032453474,2.3912129692055277,0.11666666666666667,2,12.51925590453564,156.7317684032505,20,0.06666666666666667,0.05,2.2196864779457033,2.7993907230257307,0.06666666666666667,0.2833333333333333,0.11666666666666667,0.05,9.92673970684736,98.54016120750002,0.13333333333333333,0.16666666666666666,0.3333333333333333,1.5905369595774665,Salvelinus alpinus,coastal_estuarine,low,8.0,observed,metadata.csv:heuristic,7.5,observed,metadata.csv:heuristic,28,imputed,imputed:habitat_default:coastal_estuarine,2.5,obis_aggregate,obis:depth_median,,missing,unavailable,,missing,unavailable,organism_exact,22.0,habitat_default,habitat_default:coastal_estuarine,32.0,habitat_default,habitat_default:coastal_estuarine,8.1,habitat_default,habitat_default:coastal_estuarine,2.5,obis_aggregate,obis:depth_median_m,6.5,habitat_default,habitat_default:coastal_estuarine
P68503,0.0,0.0,0.04918032786885246,0.2727272727272727,0.18032786885245902,0.18011904744107798,0.09836065573770492,0.06557377049180328,0.3,0.4,0.0,0.1794871794871795,0.1282051282051282,0.3418803418803419,0.3,0.48576680388340876,6.0,2.9473684210526314,1.0,1.4317337377616257,0.32786885245901637,3.051625323719569,3.911465150639746,0.09836065573770492,0.11475409836065574,0.08196721311475409,2.5595477727848,2.332867636897097,0.11475409836065574,2,11.929968709451227,142.3241534084854,20,0.06557377049180328,0.04918032786885246,2.081210708037511,2.667622100377838,0.03278688524590164,0.2786885245901639,0.11475409836065574,0.03278688524590164,9.307457237344686,86.62876022499997,0.13114754098360656,0.16393442622950818,0.3442622950819672,1.642920353919742,Oncorhynchus mykiss,open_ocean,low,10.5,observed,metadata.csv:curated_lookup,8.15,observed,metadata.csv:curated_lookup,35,imputed,imputed:habitat_default:open_ocean,16.2,obis_aggregate,obis:depth_median,,missing,unavailable,,missing,unavailable,organism_exact,15.0,habitat_default,habitat_default:open_ocean,35.0,habitat_default,habitat_default:open_ocean,8.1,habitat_default,habitat_default:open_ocean,16.2,obis_aggregate,obis:depth_median_m,7.0,habitat_default,habitat_default:open_ocean
P68503,0.0,0.0,0.04918032786885246,0.2727272727272727,0.18032786885245902,0.17396056585959951,0.09836065573770492,0.06557377049180328,0.3,0.4,0.0,0.1794871794871795,0.1282051282051282,0.3418803418803419,0.3,0.48576680388340876,6.0,2.9473684210526314,1.0,1.4317337377616257,0.32786885245901637,3.1121342125450355,3.9711947656444315,0.09836065573770492,0.11475409836065574,0.08196721311475409,2.5735388263732255,2.3506139529937804,0.11475409836065574,2,12.112144035215517,146.70403312980682,20,0.06557377049180328,0.04918032786885246,2.122477814577811,2.70835774160105,0.03278688524590164,0.2786885245901639,0.11475409836065574,0.03278688524590164,9.492009348262359,90.09824146750002,0.13114754098360656,0.16393442622950818,0.3442622950819672,1.6282674416317602,Oncorhynchus mykiss,open_ocean,low,10.5,observed,metadata.csv:curated_lookup,8.15,observed,metadata.csv:curated_lookup,35,imputed,imputed:habitat_default:open_ocean,16.2,obis_aggregate,obis:depth_median,,missing,unavailable,,missing,unavailable,organism_exact,15.0,habitat_default,habitat_default:open_ocean,35.0,habitat_default,habitat_default:open_ocean,8.1,habitat_default,habitat_default:open_ocean,16.2,obis_aggregate,obis:depth_median_m,7.0,habitat_default,habitat_default:open_ocean
P68504,0.0,0.0,0.04918032786885246,0.2727272727272727,0.18032786885245902,0.18011904744107798,0.09836065573770492,0.06557377049180328,0.3,0.4,0.0,0.1794871794871795,0.1282051282051282,0.3418803418803419,0.3,0.48576680388340876,6.0,2.9473684210526314,1.0,1.4317337377616257,0.32786885245901637,3.051625323719569,3.911465150639746,0.09836065573770492,0.11475409836065574,0.08196721311475409,2.5595477727848,2.332867636897097,0.11475409836065574,2,11.929968709451227,142.3241534084854,20,0.06557377049180328,0.04918032786885246,2.081210708037511,2.667622100377838,0.03278688524590164,0.2786885245901639,0.11475409836065574,0.03278688524590164,9.307457237344686,86.62876022499997,0.13114754098360656,0.16393442622950818,0.3442622950819672,1.642920353919742,Salmo salar,coastal_estuarine,low,12.0,observed,metadata.csv:heuristic,8.0,observed,metadata.csv:heuristic,30.366,biooracle_sampled,biooracle:BO22_salinitymean_ss,876.2,obis_aggregate,obis:depth_median,,missing,unavailable,,missing,unavailable,organism_exact,8.1141,biooracle_sampled,biooracle:sst_mean_c,30.366,biooracle_sampled,biooracle:salinity_mean_psu,8.0272,biooracle_sampled,biooracle:ph_mean,22.6389,biooracle_sampled,biooracle:depth_mean_m,6.7804,biooracle_sampled,biooracle:do_mean_mlL
P68505,0.0,0.0,0.04918032786885246,0.2727272727272727,0.18032786885245902,0.18011904744107798,0.09836065573770492,0.06557377049180328,0.3,0.4,0.0,0.1794871794871795,0.1282051282051282,0.3418803418803419,0.3,0.48576680388340876,6.0,2.9473684210526314,1.0,1.4317337377616257,0.32786885245901637,3.051625323719569,3.911465150639746,0.09836065573770492,0.11475409836065574,0.08196721311475409,2.5595477727848,2.332867636897097,0.11475409836065574,2,11.929968709451227,142.3241534084854,20,0.06557377049180328,0.04918032786885246,2.081210708037511,2.667622100377838,0.03278688524590164,0.2786885245901639,0.11475409836065574,0.03278688524590164,9.307457237344686,86.62876022499997,0.13114754098360656,0.16393442622950818,0.3442622950819672,1.642920353919742,Salvelinus alpinus,coastal_estuarine,low,8.0,observed,metadata.csv:heuristic,7.5,observed,metadata.csv:heuristic,28,imputed,imputed:habitat_default:coastal_estuarine,2.5,obis_aggregate,obis:depth_median,,missing,unavailable,,missing,unavailable,organism_exact,22.0,habitat_default,habitat_default:coastal_estuarine,32.0,habitat_default,habitat_default:coastal_estuarine,8.1,habitat_default,habitat_default:coastal_estuarine,2.5,obis_aggregate,obis:depth_median_m,6.5,habitat_default,habitat_default:coastal_estuarine
P68506,0.0,0.0,0.05,0.4,0.16666666666666666,0.17209120474792336,0.1,0.06666666666666667,0.3,0.4,0.0,0.17094017094017094,0.11965811965811966,0.358974358974359,0.3,0.47412381128746534,6.0,2.8947368421052633,1.0,1.372463664253189,0.3333333333333333,3.1769139481403785,4.064651915653188,0.1,0.1,0.06666666666666667,2.579758826767433,2.3542987742266708,0.11666666666666667,2,12.193955746959565,148.6925567588082,20,0.05,0.06666666666666667,2.1311386640127385,2.726651396482581,0.06666666666666667,0.3,0.11666666666666667,0.05,9.530741844421136,90.835040105,0.11666666666666667,0.15,0.31666666666666665,1.636951517684456,Chionodraco hamatus,polar,low,-1.5,observed,metadata.csv:curated_lookup,8.2,observed,metadata.csv:curated_lookup,33.971,biooracle_sampled,biooracle:BO22_salinitymean_ss,178,obis_aggregate,obis:depth_median,,missing,unavailable,,missing,unavailable,organism_exact,-1.446,biooracle_sampled,biooracle:sst_mean_c,33.971,biooracle_sampled,biooracle:salinity_mean_psu,8.0498,biooracle_sampled,biooracle:ph_mean,299.1111,biooracle_sampled,biooracle:depth_mean_m,7.7189,biooracle_sampled,biooracle:do_mean_mlL
P68507,0.0,0.0,0.05,0.4,0.16666666666666666,0.17209120474792336,0.1,0.06666666666666667,0.3,0.4,0.0,0.17094017094017094,0.11965811965811966,0.358974358974359,0.3,0.47412381128746534,6.0,2.8947368421052633,1.0,1.372463664253189,0.3333333333333333,3.1769139481403785,4.064651915653188,0.1,0.1,0.06666666666666667,2.579758826767433,2.3542987742266708,0.11666666666666667,2,12.193955746959565,148.6925567588082,20,0.05,0.06666666666666667,2.1311386640127385,2.726651396482581,0.06666666666666667,0.3,0.11666666666666667,0.05,9.530741844421136,90.835040105,0.11666666666666667,0.15,0.31666666666666665,1.636951517684456,Gymnodraco acuticeps,polar,low,-1.5,observed,metadata.csv:heuristic,8.2,observed,metadata.csv:heuristic,33.618,biooracle_sampled,biooracle:BO22_salinitymean_ss,40.0,obis_aggregate,obis:depth_median,,missing,unavailable,,missing,unavailable,organism_exact,-1.5401,biooracle_sampled,biooracle:sst_mean_c,33.618,biooracle_sampled,biooracle:salinity_mean_psu,8.0738,biooracle_sampled,biooracle:ph_mean,123.0278,biooracle_sampled,biooracle:depth_mean_m,7.8424,biooracle_sampled,biooracle:do_mean_mlL
P68508,0.0,0.0,0.05,0.4,0.16666666666666666,0.17209120474792336,0.1,0.06666666666666667,0.3,0.4,0.0,0.17094017094017094,0.11965811965811966,0.358974358974359,0.3,0.47412381128746534,6.0,2.8947368421052633,1.0,1.372463664253189,0.3333333333333333,3.1769139481403785,4.064651915653188,0.1,0.1,0.06666666666666667,2.579758826767433,2.3542987742266708,0.11666666666666667,2,12.193955746959565,148.6925567588082,20,0.05,0.06666666666666667,2.1311386640127385,2.726651396482581,0.06666666666666667,0.3,0.11666666666666667,0.05,9.530741844421136,90.835040105,0.11666666666666667,0.15,0.31666666666666665,1.636951517684456,Pagothenia borchgrevinki,polar,low,-1.5,observed,metadata.csv:heuristic,8.2,observed,metadata.csv:heuristic,33.5911,biooracle_sampled,biooracle:BO22_salinitymean_ss,12,obis_aggregate,obis:depth_median,,missing,unavailable,,missing,unavailable,organism_exact,-1.5505,biooracle_sampled,biooracle:sst_mean_c,33.5911,biooracle_sampled,biooracle:salinity_mean_psu,8.0843,biooracle_sampled,biooracle:ph_mean,17.2222,biooracle_sampled,biooracle:depth_mean_m,8.2872,biooracle_sampled,biooracle:do_mean_mlL
P69153,0.013888888888888888,0.0,0.013888888888888888,0.2,0.1388888888888889,0.17180493680167241,0.1388888888888889,0.027777777777777776,0.34782608695652173,0.34782608695652173,0.0,0.16176470588235295,0.19117647058823528,0.22794117647058823,0.30434782608695654,0.4494665749754947,6.0,3.0,1.0,1.348399724926484,0.3194444444444444,3.3035314073949804,4.135275382074945,0.16666666666666666,0.18055555555555555,0.09722222222222222,2.6351360723618695,2.428467649738722,0.06944444444444445,2,12.945209891712873,167.5784591405008,23,0.05555555555555555,0.027777777777777776,2.156349649248338,2.6992628554163582,0.013888888888888888,0.19444444444444445,0.08333333333333333,0.041666666666666664,10.341489623149505,106.94640762570889,0.06944444444444445,0.08333333333333333,0.3333333333333333,1.5669386458214847,Mytilus edulis,coastal_estuarine,high,10.2,observed,metadata.csv:curated_lookup,8.0,observed,metadata.csv:curated_lookup,7.0348,biooracle_sampled,biooracle:BO22_salinitymean_ss,5.0,obis_aggregate,obis:depth_median,,missing,unavailable,,missing,unavailable,organism_exact,9.2046,biooracle_sampled,biooracle:sst_mean_c,7.0348,biooracle_sampled,biooracle:salinity_mean_psu,8.1065,biooracle_sampled,biooracle:ph_mean,10.8611,biooracle_sampled,biooracle:depth_mean_m,7.7909,biooracle_sampled,biooracle:do_mean_mlL
P69154,0.013888888888888888,0.0,0.013888888888888888,0.2,0.1388888888888889,0.17180493680167241,0.1388888888888889,0.027777777777777776,0.34782608695652173,0.34782608695652173,0.0,0.16176470588235295,0.19117647058823528,0.22794117647058823,0.30434782608695654,0.4494665749754947,6.0,3.0,1.0,1.348399724926484,0.3194444444444444,3.3035314073949804,4.135275382074945,0.16666666666666666,0.18055555555555555,0.09722222222222222,2.6351360723618695,2.428467649738722,0.06944444444444445,2,12.945209891712873,167.5784591405008,23,0.05555555555555555,0.027777777777777776,2.156349649248338,2.6992628554163582,0.013888888888888888,0.19444444444444445,0.08333333333333333,0.041666666666666664,10.341489623149505,106.94640762570889,0.06944444444444445,0.08333333333333333,0.3333333333333333,1.5669386458214847,Mytilus galloprovincialis,coastal_estuarine,high,15.8,observed,metadata.csv:curated_lookup,8.1,observed,metadata.csv:curated_lookup,38.0833,biooracle_sampled,biooracle:BO22_salinitymean_ss,14.5,obis_aggregate,obis:depth_median,,missing,unavailable,,missing,unavailable,organism_exact,18.4907,biooracle_sampled,biooracle:sst_mean_c,38.0833,biooracle_sampled,biooracle:salinity_mean_psu,8.0891,biooracle_sampled,biooracle:ph_mean,30.8611,biooracle_sampled,biooracle:depth_mean_m,5.2826,biooracle_sampled,biooracle:do_mean_mlL
P80246,0.0273972602739726,0.0,0.0,0.2,0.2054794520547945,0.19963033821106685,0.1232876712328767,0.0136986301369863,0.3333333333333333,0.38095238095238093,0.0,0.25,0.21774193548387097,0.1774193548387097,0.2857142857142857,0.41443114557954686,6.0,3.35,2.0,1.388344337691482,0.2876712328767123,2.615027865668893,3.328965546168084,0.1506849315068493,0.1917808219178082,0.136986301369863,2.5314815308505993,2.3115780311991263,0.0958904109589041,1,11.57211832715572,133.9139225776933,21,0.0821917808219178,0.0410958904109589,1.9836737168612144,2.525243246913183,0.0136986301369863,0.1643835616438356,0.1232876712328767,0.0547945205479452,9.090334961610914,82.6341897142857,0.0821917808219178,0.0821917808219178,0.3424657534246575,1.6205631475387052,Mytilus edulis,coastal_estuarine,high,10.2,observed,metadata.csv:curated_lookup,8.0,observed,metadata.csv:curated_lookup,7.0348,biooracle_sampled,biooracle:BO22_salinitymean_ss,5.0,obis_aggregate,obis:depth_median,,missing,unavailable,,missing,unavailable,organism_exact,9.2046,biooracle_sampled,biooracle:sst_mean_c,7.0348,biooracle_sampled,biooracle:salinity_mean_psu,8.1065,biooracle_sampled,biooracle:ph_mean,10.8611,biooracle_sampled,biooracle:depth_mean_m,7.7909,biooracle_sampled,biooracle:do_mean_mlL
P80247,0.0136986301369863,0.0,0.0,0.14285714285714285,0.1917808219178082,0.18407238035734422,0.1232876712328767,0.0136986301369863,0.3333333333333333,0.38095238095238093,0.0,0.22580645161290322,0.21774193548387097,0.20161290322580644,0.2857142857142857,0.41443114557954686,6.0,3.35,2.0,1.388344337691482,0.2876712328767123,2.7298126639632287,3.458523183951527,0.1506849315068493,0.1917808219178082,0.136986301369863,2.566677505947482,2.3503603408103664,0.0958904109589041,1,12.022485353736261,144.54015408080292,21,0.0821917808219178,0.0273972602739726,2.070745671413197,2.6235213892854454,0.0136986301369863,0.1780821917808219,0.1095890410958904,0.0547945205479452,9.48934878425313,90.04774034920635,0.0958904109589041,0.0958904109589041,0.3561643835616438,1.605150262741455,Mytilus edulis,coastal_estuarine,high,10.2,observed,metadata.csv:curated_lookup,8.0,observed,metadata.csv:curated_lookup,7.0348,biooracle_sampled,biooracle:BO22_salinitymean_ss,5.0,obis_aggregate,obis:depth_median,,missing,unavailable,,missing,unavailable,organism_exact,9.2046,biooracle_sampled,biooracle:sst_mean_c,7.0348,biooracle_sampled,biooracle:salinity_mean_psu,8.1065,biooracle_sampled,biooracle:ph_mean,10.8611,biooracle_sampled,biooracle:depth_mean_m,7.7909,biooracle_sampled,biooracle:do_mean_mlL
P80248,0.0273972602739726,0.0,0.0,0.16666666666666666,0.1643835616438356,0.16835881774968894,0.1232876712328767,0.0136986301369863,0.3333333333333333,0.38095238095238093,0.0,0.1935483870967742,0.25,0.20161290322580644,0.2857142857142857,0.41443114557954686,6.0,3.35,2.0,1.388344337691482,0.2876712328767123,2.8729506608569735,3.5929248120207835,0.1506849315068493,0.2191780821917808,0.1095890410958904,2.6019257650807766,2.3967058134753096,0.0684931506849315,1,12.489691013215106,155.9923816055862,21,0.0684931506849315,0.0273972602739726,2.1793254253997403,2.7254740226032346,0.0136986301369863,0.1780821917808219,0.0958904109589041,0.0547945205479452,9.986923725836146,99.73864550566893,0.0958904109589041,0.1095890410958904,0.3972602739726027,1.5640114302205947,Mytilus edulis,coastal_estuarine,high,10.2,observed,metadata.csv:curated_lookup,8.0,observed,metadata.csv:curated_lookup,7.0348,biooracle_sampled,biooracle:BO22_salinitymean_ss,5.0,obis_aggregate,obis:depth_median,,missing,unavailable,,missing,unavailable,organism_exact,9.2046,biooracle_sampled,biooracle:sst_mean_c,7.0348,biooracle_sampled,biooracle:salinity_mean_psu,8.1065,biooracle_sampled,biooracle:ph_mean,10.8611,biooracle_sampled,biooracle:depth_mean_m,7.7909,biooracle_sampled,biooracle:do_mean_mlL
P80249,0.0136986301369863,0.0,0.0,0.07692307692307693,0.1780821917808219,0.20321417218202667,0.1232876712328767,0.0136986301369863,0.3333333333333333,0.38095238095238093,0.0,0.21774193548387097,0.23387096774193547,0.20161290322580644,0.2857142857142857,0.41443114557954686,6.0,3.35,2.0,1.388344337691482,0.2876712328767123,2.594235640864235,3.2964671324741763,0.1506849315068493,0.2054794520547945,0.136986301369863,2.522455104196152,2.3043891874132343,0.0821917808219178,1,11.459147650981661,131.3120648869985,21,0.0821917808219178,0.0136986301369863,1.9679014222705715,2.500591024299946,0.0136986301369863,0.1780821917808219,0.0958904109589041,0.0547945205479452,9.01805722776615,81.3253561632653,0.0958904109589041,0.0958904109589041,0.3698630136986301,1.614650965971573,Mytilus edulis,coastal_estuarine,high,10.2,observed,metadata.csv:curated_lookup,8.0,observed,metadata.csv:curated_lookup,7.0348,biooracle_sampled,biooracle:BO22_salinitymean_ss,5.0,obis_aggregate,obis:depth_median,,missing,unavailable,,missing,unavailable,organism_exact,9.2046,biooracle_sampled,biooracle:sst_mean_c,7.0348,biooracle_sampled,biooracle:salinity_mean_psu,8.1065,biooracle_sampled,biooracle:ph_mean,10.8611,biooracle_sampled,biooracle:depth_mean_m,7.7909,biooracle_sampled,biooracle:do_mean_mlL
P80251,0.014084507042253521,0.0,0.014084507042253521,0.3333333333333333,0.16901408450704225,0.15536372004884755,0.14084507042253522,0.028169014084507043,0.34782608695652173,0.34782608695652173,0.0,0.20588235294117646,0.16176470588235295,0.21323529411764705,0.30434782608695654,0.4494665749754947,6.0,3.0,1.0,1.348399724926484,0.323943661971831,3.5329855429448633,4.397191085315604,0.16901408450704225,0.14084507042253522,0.15492957746478872,2.679234844376058,2.4770569852091318,0.09859154929577464,2,13.573937698148168,184.251784633208,23,0.056338028169014086,0.056338028169014086,2.2740942232829466,2.8303616655766035,0.014084507042253521,0.19718309859154928,0.11267605633802817,0.04225352112676056,10.906172763003708,118.94460433648393,0.07042253521126761,0.08450704225352113,0.323943661971831,1.5490554250949937,Mytilus edulis,coastal_estuarine,high,10.2,observed,metadata.csv:curated_lookup,8.0,observed,metadata.csv:curated_lookup,7.0348,biooracle_sampled,biooracle:BO22_salinitymean_ss,5.0,obis_aggregate,obis:depth_median,,missing,unavailable,,missing,unavailable,organism_exact,9.2046,biooracle_sampled,biooracle:sst_mean_c,7.0348,biooracle_sampled,biooracle:salinity_mean_psu,8.1065,biooracle_sampled,biooracle:ph_mean,10.8611,biooracle_sampled,biooracle:depth_mean_m,7.7909,biooracle_sampled,biooracle:do_mean_mlL
P80252,0.013888888888888888,0.0,0.013888888888888888,0.2727272727272727,0.1527777777777778,0.14281941754685193,0.1388888888888889,0.027777777777777776,0.34782608695652173,0.34782608695652173,0.0,0.18382352941176472,0.18382352941176472,0.21323529411764705,0.30434782608695654,0.4494665749754947,6.0,3.0,1.0,1.348399724926484,0.3194444444444444,3.620479966348163,4.539051485919954,0.16666666666666666,0.16666666666666666,0.125,2.7219008137518026,2.5123334411346936,0.08333333333333333,2,14.20920465157551,201.90149683035511,23,0.05555555555555555,0.041666666666666664,2.363234897076934,2.962823982140329,0.013888888888888888,0.19444444444444445,0.09722222222222222,0.041666666666666664,11.33367641639425,128.4522211115312,0.06944444444444445,0.08333333333333333,0.3333333333333333,1.571802301923998,Mytilus edulis,coastal_estuarine,high,10.2,observed,metadata.csv:curated_lookup,8.0,observed,metadata.csv:curated_lookup,7.0348,biooracle_sampled,biooracle:BO22_salinitymean_ss,5.0,obis_aggregate,obis:depth_median,,missing,unavailable,,missing,unavailable,organism_exact,9.2046,biooracle_sampled,biooracle:sst_mean_c,7.0348,biooracle_sampled,biooracle:salinity_mean_psu,8.1065,biooracle_sampled,biooracle:ph_mean,10.8611,biooracle_sampled,biooracle:depth_mean_m,7.7909,biooracle_sampled,biooracle:do_mean_mlL
P80258,0.014084507042253521,0.0,0.014084507042253521,0.2,0.14084507042253522,0.17792047268534128,0.14084507042253522,0.028169014084507043,0.34782608695652173,0.34782608695652173,0.0,0.16176470588235295,0.18382352941176472,0.23529411764705882,0.30434782608695654,0.4494665749754947,6.0,3.0,1.0,1.348399724926484,0.323943661971831,3.2921507846288565,4.120606741127056,0.16901408450704225,0.15492957746478872,0.09859154929577464,2.6188643783029475,2.412580222383047,0.07042253521126761,2,12.720133853044391,161.80180523936596,23,0.056338028169014086,0.028169014084507043,2.1190749269980076,2.652331257095112,0.014084507042253521,0.2112676056338028,0.08450704225352113,0.04225352112676056,10.162726335158643,103.28100656332703,0.07042253521126761,0.08450704225352113,0.3380281690140845,1.5666172379928998,Mytilus edulis,coastal_estuarine,high,10.2,observed,metadata.csv:curated_lookup,8.0,observed,metadata.csv:curated_lookup,7.0348,biooracle_sampled,biooracle:BO22_salinitymean_ss,5.0,obis_aggregate,obis:depth_median,,missing,unavailable,,missing,unavailable,organism_exact,9.2046,biooracle_sampled,biooracle:sst_mean_c,7.0348,biooracle_sampled,biooracle:salinity_mean_psu,8.1065,biooracle_sampled,biooracle:ph_mean,10.8611,biooracle_sampled,biooracle:depth_mean_m,7.7909,biooracle_sampled,biooracle:do_mean_mlL
P80367,0.0,0.0,0.06153846153846154,0.0,0.18461538461538463,0.1871134107293842,0.09230769230769231,0.03076923076923077,0.35,0.3,0.0,0.19827586206896552,0.15517241379310345,0.2413793103448276,0.35,0.5835713800003866,7.0,3.1578947368421053,1.0,1.842856989474905,0.3076923076923077,2.8336590825249837,3.5711719306696437,0.15384615384615385,0.15384615384615385,0.1076923076923077,2.534197385053698,2.3233080827254016,0.09230769230769231,2,11.606308774676341,134.70640337312904,20,0.09230769230769231,0.0,2.0592826584153037,2.5952495388028587,0.03076923076923077,0.2,0.09230769230769231,0.03076923076923077,9.209392018206197,84.812901345,0.015384615384615385,0.03076923076923077,0.27692307692307694,1.5882772695768694,Paracentrotus lividus,coastal_estuarine,moderate,15.0,observed,metadata.csv:heuristic,8.1,observed,metadata.csv:heuristic,36.9268,biooracle_sampled,biooracle:BO22_salinitymean_ss,12.5,obis_aggregate,obis:depth_median,,missing,unavailable,,missing,unavailable,organism_exact,17.4396,biooracle_sampled,biooracle:sst_mean_c,36.9268,biooracle_sampled,biooracle:salinity_mean_psu,8.0619,biooracle_sampled,biooracle:ph_mean,45.9444,biooracle_sampled,biooracle:depth_mean_m,5.3452,biooracle_sampled,biooracle:do_mean_mlL
P80593,0.0,0.0,0.05,0.5,0.13333333333333333,0.17089247302734534,0.1,0.06666666666666667,0.3,0.4,0.0,0.1282051282051282,0.11965811965811966,0.4017094017094017,0.3,0.47412381128746534,6.0,2.8947368421052633,1.0,1.372463664253189,0.3333333333333333,3.1943945290931115,4.07076468491683,0.1,0.11666666666666667,0.08333333333333333,2.5811477639225946,2.3592662873370407,0.1,2,12.212294054750492,149.14012607969423,20,0.03333333333333333,0.06666666666666667,2.142864994201688,2.730751966763864,0.03333333333333333,0.31666666666666665,0.1,0.03333333333333333,9.583183587279335,91.83740766750002,0.06666666666666667,0.11666666666666667,0.3,1.6239583614953546,Rutilus rutilus,coastal_estuarine,low,10.0,observed,metadata.csv:heuristic,7.5,observed,metadata.csv:heuristic,5.3575,biooracle_sampled,biooracle:BO22_salinitymean_ss,6.0,obis_aggregate,obis:depth_median,,missing,unavailable,,missing,unavailable,organism_exact,8.0201,biooracle_sampled,biooracle:sst_mean_c,5.3575,biooracle_sampled,biooracle:salinity_mean_psu,8.0755,biooracle_sampled,biooracle:ph_mean,1.2222,biooracle_sampled,biooracle:depth_mean_m,8.0649,biooracle_sampled,biooracle:do_mean_mlL
Q26496,0.0,0.0,0.05970149253731343,0.14285714285714285,0.208955223880597,0.18886474436044765,0.08955223880597014,0.029850746268656716,0.4,0.3,0.0,0.22413793103448276,0.16379310344827586,0.1724137931034483,0.3,0.5835713800003866,7.0,3.1578947368421053,1.0,1.842856989474905,0.29850746268656714,2.701433184760719,3.4929732196981917,0.1791044776119403,0.16417910447761194,0.11940298507462686,2.541716970003226,2.3075528501251372,0.08955223880597014,2,11.701460285988944,136.92417282457646,20,0.11940298507462686,-0.029850746268656716,2.02359705966257,2.6165260635485406,0.029850746268656716,0.14925373134328357,0.08955223880597014,0.04477611940298507,9.04980116894841,81.8989011975,0.04477611940298507,0.04477611940298507,0.31343283582089554,1.67186825247365,Sphaerechinus granularis,coastal_estuarine,moderate,14.0,observed,metadata.csv:heuristic,8.1,observed,metadata.csv:heuristic,37.2572,biooracle_sampled,biooracle:BO22_salinitymean_ss,52.4,obis_aggregate,obis:depth_median,,missing,unavailable,,missing,unavailable,organism_exact,19.6171,biooracle_sampled,biooracle:sst_mean_c,37.2572,biooracle_sampled,biooracle:salinity_mean_psu,8.0653,biooracle_sampled,biooracle:ph_mean,38.2361,biooracle_sampled,biooracle:depth_mean_m,5.192,biooracle_sampled,biooracle:do_mean_mlL
Q26497,0.0,0.0,0.05970149253731343,0.0,0.208955223880597,0.18585710295689672,0.08955223880597014,0.029850746268656716,0.4,0.3,0.0,0.22413793103448276,0.16379310344827586,0.1724137931034483,0.3,0.5835713800003866,7.0,3.1578947368421053,1.0,1.842856989474905,0.29850746268656714,2.7312592224239243,3.510737009314991,0.1791044776119403,0.16417910447761194,0.11940298507462686,2.546391213999353,2.3174459607797773,0.1044776119402985,2,11.760968981205222,138.32039137687138,20,0.1044776119402985,0.0,2.0459392306468924,2.6298326123241322,0.029850746268656716,0.14925373134328357,0.1044776119402985,0.04477611940298507,9.149718395120146,83.71734670999999,0.05970149253731343,0.05970149253731343,0.3283582089552239,1.652230951083751,Sphaerechinus granularis,coastal_estuarine,moderate,14.0,observed,metadata.csv:heuristic,8.1,observed,metadata.csv:heuristic,37.2572,biooracle_sampled,biooracle:BO22_salinitymean_ss,52.4,obis_aggregate,obis:depth_median,,missing,unavailable,,missing,unavailable,organism_exact,19.6171,biooracle_sampled,biooracle:sst_mean_c,37.2572,biooracle_sampled,biooracle:salinity_mean_psu,8.0653,biooracle_sampled,biooracle:ph_mean,38.2361,biooracle_sampled,biooracle:depth_mean_m,5.192,biooracle_sampled,biooracle:do_mean_mlL
Q27287,0.0,0.0,0.06153846153846154,0.07692307692307693,0.2,0.19277153890152196,0.07692307692307693,0.046153846153846156,0.35,0.35,0.0,0.23275862068965517,0.13793103448275862,0.21551724137931033,0.3,0.531674140385021,6.0,3.1052631578947367,1.0,1.6509881201429601,0.3076923076923077,2.777326318516898,3.5366611333136526,0.13846153846153847,0.15384615384615385,0.09230769230769231,2.525260429374298,2.305212691349881,0.09230769230769231,2,11.494148683269371,132.115453953103,20,0.1076923076923077,-0.015384615384615385,2.0183443942684804,2.570169779928001,0.03076923076923077,0.2,0.09230769230769231,0.03076923076923077,9.026310535179919,81.47428187749999,0.046153846153846156,0.046153846153846156,0.27692307692307694,1.6215602139549283,Strongylocentrotus purpuratus,coastal_estuarine,moderate,12.0,observed,metadata.csv:heuristic,8.1,observed,metadata.csv:heuristic,33.4273,biooracle_sampled,biooracle:BO22_salinitymean_ss,10.9,obis_aggregate,obis:depth_median,,missing,unavailable,,missing,unavailable,organism_exact,15.2589,biooracle_sampled,biooracle:sst_mean_c,33.4273,biooracle_sampled,biooracle:salinity_mean_psu,7.9948,biooracle_sampled,biooracle:ph_mean,56.6667,biooracle_sampled,biooracle:depth_mean_m,5.854,biooracle_sampled,biooracle:do_mean_mlL
Q6S4N8,0.0,0.0,0.05,0.4,0.16666666666666666,0.1784141790872976,0.1,0.06666666666666667,0.3,0.4,0.0,0.1623931623931624,0.11965811965811966,0.36752136752136755,0.3,0.47412381128746534,6.0,2.8947368421052633,1.0,1.372463664253189,0.3333333333333333,3.130620718625763,3.978576060246918,0.1,0.1,0.06666666666666667,2.5599931094335022,2.3410230148343367,0.11666666666666667,2,11.935728180740755,142.461607204529,20,0.05,0.06666666666666667,2.1000842215849342,2.6689099573096224,0.03333333333333333,0.3,0.11666666666666667,0.03333333333333333,9.39186215587729,88.20707475500001,0.1,0.11666666666666667,0.2833333333333333,1.6150814160907607,Oryzias latipes,coastal_estuarine,low,22.0,observed,metadata.csv:heuristic,7.8,observed,metadata.csv:heuristic,31.5297,biooracle_sampled,biooracle:BO22_salinitymean_ss,0.5,obis_aggregate,obis:depth_median,,missing,unavailable,,missing,unavailable,organism_exact,18.2672,biooracle_sampled,biooracle:sst_mean_c,31.5297,biooracle_sampled,biooracle:salinity_mean_psu,8.2183,biooracle_sampled,biooracle:ph_mean,28.7778,biooracle_sampled,biooracle:depth_mean_m,5.5476,biooracle_sampled,biooracle:do_mean_mlL
Q6XUW5,0.0,0.0,0.04918032786885246,0.4,0.16393442622950818,0.17939424322523465,0.09836065573770492,0.06557377049180328,0.3,0.4,0.0,0.15384615384615385,0.1282051282051282,0.36752136752136755,0.3,0.48576680388340876,6.0,2.9473684210526314,1.0,1.4317337377616257,0.32786885245901637,3.0810265216814487,3.8897919912528818,0.09836065573770492,0.11475409836065574,0.04918032786885246,2.554422262546912,2.341529892233547,0.11475409836065574,2,11.86386557332129,140.7513063418381,20,0.04918032786885246,0.06557377049180328,2.101262346602632,2.6528409897865917,0.03278688524590164,0.29508196721311475,0.11475409836065574,0.03278688524590164,9.39713089112842,88.30606898500001,0.14754098360655737,0.13114754098360656,0.3114754098360656,1.5939029781265277,Plecoglossus altivelis,coastal_estuarine,low,15.0,observed,metadata.csv:heuristic,7.8,observed,metadata.csv:heuristic,33.2287,biooracle_sampled,biooracle:BO22_salinitymean_ss,0.5,obis_aggregate,obis:depth_median,,missing,unavailable,,missing,unavailable,organism_exact,14.146,biooracle_sampled,biooracle:sst_mean_c,33.2287,biooracle_sampled,biooracle:salinity_mean_psu,8.1461,biooracle_sampled,biooracle:ph_mean,1.9722,biooracle_sampled,biooracle:depth_mean_m,5.5104,biooracle_sampled,biooracle:do_mean_mlL
Q7ZSY6,0.0,0.0,0.05,0.5,0.13333333333333333,0.1698370720240773,0.1,0.06666666666666667,0.3,0.4,0.0,0.1282051282051282,0.11965811965811966,0.4017094017094017,0.3,0.47412381128746534,6.0,2.8947368421052633,1.0,1.372463664253189,0.3333333333333333,3.2139515516122996,4.071136523338954,0.1,0.11666666666666667,0.08333333333333333,2.581232190455403,2.3647947783884558,0.1,2,12.21340957001686,149.16737332497945,20,0.03333333333333333,0.06666666666666667,2.155984243738808,2.7310014035604175,0.03333333333333333,0.31666666666666665,0.1,0.03333333333333333,9.6418546548369,92.96536118499999,0.1,0.13333333333333333,0.31666666666666665,1.6045478813139673,Danio rerio,coastal_estuarine,low,27.0,observed,metadata.csv:heuristic,7.8,observed,metadata.csv:heuristic,34.6714,biooracle_sampled,biooracle:BO22_salinitymean_ss,9.2,obis_aggregate,obis:depth_median,,missing,unavailable,,missing,unavailable,organism_exact,25.1828,biooracle_sampled,biooracle:sst_mean_c,34.6714,biooracle_sampled,biooracle:salinity_mean_psu,8.1,habitat_default,habitat_default:coastal_estuarine,9.2,obis_aggregate,obis:depth_median_m,6.5,habitat_default,habitat_default:coastal_estuarine
Q7ZSY6,0.0,0.0,0.05,0.5,0.13333333333333333,0.16576806628182947,0.1,0.06666666666666667,0.3,0.4,0.0,0.1282051282051282,0.11965811965811966,0.4017094017094017,0.3,0.47412381128746534,6.0,2.8947368421052633,1.0,1.372463664253189,0.3333333333333333,3.251699291951483,4.122647838329508,0.1,0.11666666666666667,0.08333333333333333,2.5928595658943183,2.375379863176141,0.1,2,12.367943514988523,152.96602678994668,20,0.03333333333333333,0.06666666666666667,2.181306197757435,2.7655562441392028,0.03333333333333333,0.31666666666666665,0.1,0.03333333333333333,9.75509787585445,95.1619345675,0.1,0.13333333333333333,0.31666666666666665,1.6074287212125267,Danio rerio,coastal_estuarine,low,27.0,observed,metadata.csv:heuristic,7.8,observed,metadata.csv:heuristic,34.6714,biooracle_sampled,biooracle:BO22_salinitymean_ss,9.2,obis_aggregate,obis:depth_median,,missing,unavailable,,missing,unavailable,organism_exact,25.1828,biooracle_sampled,biooracle:sst_mean_c,34.6714,biooracle_sampled,biooracle:salinity_mean_psu,8.1,habitat_default,habitat_default:coastal_estuarine,9.2,obis_aggregate,obis:depth_median_m,6.5,habitat_default,habitat_default:coastal_estuarine
Q7ZZP9,0.0,0.0,0.05,0.3333333333333333,0.2,0.20852568930827223,0.1,0.06666666666666667,0.3,0.4,0.0,0.23076923076923078,0.10256410256410256,0.3162393162393162,0.3,0.47412381128746534,6.0,2.8947368421052633,1.0,1.372463664253189,0.3333333333333333,2.8581123929673113,3.728624231820149,0.1,0.1,0.08333333333333333,2.500277304985295,2.2590863085350406,0.13333333333333333,2,11.185872695460446,125.12374795904755,20,0.06666666666666667,0.06666666666666667,1.9172800794028502,2.501237173470836,0.03333333333333333,0.26666666666666666,0.13333333333333333,0.03333333333333333,8.574337178901935,73.5192580575,0.11666666666666667,0.13333333333333333,0.3,1.7019179908097997,Oreochromis aureus,coastal_estuarine,moderate,25.0,observed,metadata.csv:heuristic,7.5,observed,metadata.csv:heuristic,28,imputed,imputed:habitat_default:coastal_estuarine,265,obis_aggregate,obis:depth_median,,missing,unavailable,,missing,unavailable,organism_exact,22.0,habitat_default,habitat_default:coastal_estuarine,32.0,habitat_default,habitat_default:coastal_estuarine,8.1,habitat_default,habitat_default:coastal_estuarine,265,obis_aggregate,obis:depth_median_m,6.5,habitat_default,habitat_default:coastal_estuarine
Q800D3,0.0,0.0,0.05,0.4,0.16666666666666666,0.1678122961637006,0.1,0.06666666666666667,0.3,0.4,0.0,0.17094017094017094,0.08547008547008547,0.39316239316239315,0.3,0.47412381128746534,6.0,2.8947368421052633,1.0,1.372463664253189,0.3333333333333333,3.2084021251066526,4.127384330433993,0.1,0.08333333333333333,0.06666666666666667,2.593921952913864,2.3632291381813713,0.11666666666666667,2,12.38215299130198,153.3177127000086,20,0.05,0.06666666666666667,2.152261575267978,2.768733579635359,0.03333333333333333,0.31666666666666665,0.11666666666666667,0.03333333333333333,9.625206375319959,92.64459776749997,0.16666666666666666,0.16666666666666666,0.31666666666666665,1.654901811811772,Gobiomorphus cotidianus,coastal_estuarine,low,12.0,observed,metadata.csv:heuristic,7.8,observed,metadata.csv:heuristic,34.9822,biooracle_sampled,biooracle:BO22_salinitymean_ss,0.0,biooracle_sampled,biooracle:BO_bathymean,,missing,unavailable,,missing,unavailable,organism_exact,17.2946,biooracle_sampled,biooracle:sst_mean_c,34.9822,biooracle_sampled,biooracle:salinity_mean_psu,8.0694,biooracle_sampled,biooracle:ph_mean,0.0,biooracle_sampled,biooracle:depth_mean_m,5.5186,biooracle_sampled,biooracle:do_mean_mlL
Q8AWG1,0.0,0.0,0.05,0.4,0.16666666666666666,0.16895800612502046,0.1,0.06666666666666667,0.3,0.4,0.0,0.17094017094017094,0.17094017094017094,0.3247863247863248,0.3,0.47412381128746534,6.0,2.8947368421052633,1.0,1.372463664253189,0.3333333333333333,3.222773287394638,4.081116150765322,0.08333333333333333,0.15,0.1,2.583495422785934,2.367278589202102,0.11666666666666667,2,12.243348452295965,149.89958132433802,20,0.05,0.06666666666666667,2.161902044005463,2.737695941155062,0.06666666666666667,0.26666666666666666,0.11666666666666667,0.05,9.668319862183914,93.47640895749997,0.06666666666666667,0.11666666666666667,0.31666666666666665,1.603608685828864,Carassius cuvieri,coastal_estuarine,low,18.0,observed,metadata.csv:heuristic,7.5,observed,metadata.csv:heuristic,28,imputed,imputed:habitat_default:coastal_estuarine,30,imputed,imputed:habitat_default:coastal_estuarine,,missing,unavailable,,missing,unavailable,organism_exact,22.0,habitat_default,habitat_default:coastal_estuarine,32.0,habitat_default,habitat_default:coastal_estuarine,8.1,habitat_default,habitat_default:coastal_estuarine,30.0,habitat_default,habitat_default:coastal_estuarine,6.5,habitat_default,habitat_default:coastal_estuarine
Q8AWG2,0.0,0.0,0.05,0.5,0.13333333333333333,0.15444123410433627,0.1,0.06666666666666667,0.3,0.4,0.0,0.1282051282051282,0.13675213675213677,0.38461538461538464,0.3,0.47412381128746534,6.0,2.8947368421052633,1.0,1.372463664253189,0.3333333333333333,3.3513572371254803,4.293421226476334,0.1,0.13333333333333333,0.08333333333333333,2.6304679519752336,2.4027988407589844,0.1,2,12.880263679429003,165.90119245161796,20,0.03333333333333333,0.06666666666666667,2.2481587797295366,2.880114515532481,0.05,0.3,0.1,0.05,10.05407171137644,101.08435797749999,0.1,0.13333333333333333,0.3333333333333333,1.6412152757456828,Carassius cuvieri,coastal_estuarine,low,18.0,observed,metadata.csv:heuristic,7.5,observed,metadata.csv:heuristic,28,imputed,imputed:habitat_default:coastal_estuarine,30,imputed,imputed:habitat_default:coastal_estuarine,,missing,unavailable,,missing,unavailable,organism_exact,22.0,habitat_default,habitat_default:coastal_estuarine,32.0,habitat_default,habitat_default:coastal_estuarine,8.1,habitat_default,habitat_default:coastal_estuarine,30.0,habitat_default,habitat_default:coastal_estuarine,6.5,habitat_default,habitat_default:coastal_estuarine
Q8UVY1,0.0,0.0,0.05,0.3333333333333333,0.15,0.18227561018278754,0.1,0.06666666666666667,0.3,0.4,0.0,0.1452991452991453,0.1282051282051282,0.37606837606837606,0.3,0.47412381128746534,6.0,2.8947368421052633,1.0,1.372463664253189,0.3333333333333333,3.077537607406285,3.9614625694599117,0.1,0.11666666666666667,0.05,2.5560163232530524,2.3255799551940353,0.1,2,11.884387708379736,141.23867120308734,20,0.05,0.05,2.064474988041754,2.6574298786900035,0.03333333333333333,0.3,0.1,0.03333333333333333,9.232612822218854,85.241139525,0.18333333333333332,0.15,0.3333333333333333,1.6569308199084325,Lithognathus mormyrus,coastal_estuarine,moderate,16.0,observed,metadata.csv:heuristic,8.0,observed,metadata.csv:heuristic,36.2994,biooracle_sampled,biooracle:BO22_salinitymean_ss,20,obis_aggregate,obis:depth_median,,missing,unavailable,,missing,unavailable,organism_exact,22.1387,biooracle_sampled,biooracle:sst_mean_c,36.2994,biooracle_sampled,biooracle:salinity_mean_psu,8.0594,biooracle_sampled,biooracle:ph_mean,38.1944,biooracle_sampled,biooracle:depth_mean_m,4.976,biooracle_sampled,biooracle:do_mean_mlL
Q92044,0.0,0.0,0.06666666666666667,0.45454545454545453,0.18333333333333332,0.18714606966822414,0.1,0.06666666666666667,0.2857142857142857,0.42857142857142855,0.0,0.21138211382113822,0.08130081300813008,0.35772357723577236,0.2857142857142857,0.5126498974498794,6.0,2.75,1.0,1.4097872179871684,0.35,3.2806414587868495,4.190018145407662,0.08333333333333333,0.08333333333333333,0.1,2.562753133329776,2.339231467573592,0.13333333333333333,2,11.971480415450463,143.31634333751398,21,0.05,0.08333333333333333,2.0454133078776993,2.6123911992611015,0.03333333333333333,0.3,0.13333333333333333,0.03333333333333333,9.37326131081957,87.85802760090701,0.16666666666666666,0.16666666666666666,0.3,1.6312265054312973,Cyprinodon sp.,coastal_estuarine,moderate,20.0,observed,metadata.csv:heuristic,7.5,observed,metadata.csv:heuristic,28,imputed,imputed:habitat_default:coastal_estuarine,30,imputed,imputed:habitat_default:coastal_estuarine,,missing,unavailable,,missing,unavailable,organism_exact,22.0,habitat_default,habitat_default:coastal_estuarine,32.0,habitat_default,habitat_default:coastal_estuarine,8.1,habitat_default,habitat_default:coastal_estuarine,30.0,habitat_default,habitat_default:coastal_estuarine,6.5,habitat_default,habitat_default:coastal_estuarine
Q94550,0.0136986301369863,0.0,0.0136986301369863,0.125,0.2191780821917808,0.13872157729277107,0.1095890410958904,0.0136986301369863,0.3333333333333333,0.38095238095238093,0.0,0.24193548387096775,0.11290322580645161,0.3064516129032258,0.2857142857142857,0.46508765525023527,6.0,3.35,1.0,1.5580436450882882,0.2876712328767123,3.1916863306020176,3.925074842282396,0.1232876712328767,0.1095890410958904,0.0958904109589041,2.6840517128653687,2.4927846719733937,0.0821917808219178,2,13.6443077850769,186.16713493391012,21,0.1232876712328767,-0.0273972602739726,2.42110777081948,2.9774320585900074,0.0136986301369863,0.2602739726027397,0.0958904109589041,0.0410958904109589,11.094909625426062,123.0970195963719,0.1095890410958904,0.1232876712328767,0.3013698630136986,1.5123610266466363,Dreissena polymorpha,coastal_estuarine,high,12.0,observed,metadata.csv:heuristic,8.0,observed,metadata.csv:heuristic,4.5121,biooracle_sampled,biooracle:BO22_salinitymean_ss,1.5,obis_aggregate,obis:depth_median,,missing,unavailable,,missing,unavailable,organism_exact,8.8118,biooracle_sampled,biooracle:sst_mean_c,4.5121,biooracle_sampled,biooracle:salinity_mean_psu,7.8664,biooracle_sampled,biooracle:ph_mean,4.4167,biooracle_sampled,biooracle:depth_mean_m,7.9974,biooracle_sampled,biooracle:do_mean_mlL
Q9I9I0,0.0,0.0,0.05,0.5,0.13333333333333333,0.17304470932562038,0.1,0.06666666666666667,0.3,0.4,0.0,0.1282051282051282,0.11965811965811966,0.4017094017094017,0.3,0.47412381128746534,6.0,2.8947368421052633,1.0,1.372463664253189,0.3333333333333333,3.177025031639925,4.042113684574277,0.1,0.11666666666666667,0.08333333333333333,2.574620978779864,2.3543304192171886,0.1,2,12.126341053722832,147.04814735120377,20,0.03333333333333333,0.06666666666666667,2.1312131810895876,2.7115322914470683,0.03333333333333333,0.31666666666666665,0.1,0.03333333333333333,9.531075094919775,90.841392465,0.1,0.13333333333333333,0.31666666666666665,1.6187350651616166,Cyprinus carpio,coastal_estuarine,moderate,18.0,observed,metadata.csv:heuristic,7.5,observed,metadata.csv:heuristic,9.0031,biooracle_sampled,biooracle:BO22_salinitymean_ss,12.8,obis_aggregate,obis:depth_median,,missing,unavailable,,missing,unavailable,organism_exact,13.7783,biooracle_sampled,biooracle:sst_mean_c,9.0031,biooracle_sampled,biooracle:salinity_mean_psu,8.116,biooracle_sampled,biooracle:ph_mean,0.0,biooracle_sampled,biooracle:depth_mean_m,6.2111,biooracle_sampled,biooracle:do_mean_mlL
Q9IB50,0.0,0.0,0.05,0.3333333333333333,0.15,0.1697622314247583,0.1,0.06666666666666667,0.3,0.4,0.0,0.1452991452991453,0.08547008547008547,0.4188034188034188,0.3,0.47412381128746534,6.0,2.8947368421052633,1.0,1.372463664253189,0.3333333333333333,3.1982851090250084,4.092882105275972,0.1,0.08333333333333333,0.05,2.586157204803557,2.360368536796928,0.1,2,12.278646315827919,150.76515534919452,20,0.05,0.05,2.1454748745615735,2.7455887833868577,0.03333333333333333,0.3333333333333333,0.1,0.03333333333333333,9.594855327075026,92.0612487475,0.13333333333333333,0.13333333333333333,0.2833333333333333,1.6376614199825168,Pagrus major,coastal_estuarine,moderate,18.0,observed,metadata.csv:heuristic,8.1,observed,metadata.csv:heuristic,31.6727,biooracle_sampled,biooracle:BO22_salinitymean_ss,55.2,obis_aggregate,obis:depth_median,,missing,unavailable,,missing,unavailable,organism_exact,17.2507,biooracle_sampled,biooracle:sst_mean_c,31.6727,biooracle_sampled,biooracle:salinity_mean_psu,8.1248,biooracle_sampled,biooracle:ph_mean,38.0,biooracle_sampled,biooracle:depth_mean_m,5.6194,biooracle_sampled,biooracle:do_mean_mlL
Q9PTG9,0.0,0.0,0.05,0.3333333333333333,0.15,0.17720474058293426,0.1,0.06666666666666667,0.3,0.4,0.0,0.1452991452991453,0.11965811965811966,0.38461538461538464,0.3,0.47412381128746534,6.0,2.8947368421052633,1.0,1.372463664253189,0.3333333333333333,3.1116705054430884,4.030125281371993,0.1,0.1,0.05,2.571877291817944,2.3355373074368617,0.1,2,12.09037584411598,146.17718805198322,20,0.05,0.05,2.0873720321255624,2.703490226096473,0.06666666666666667,0.31666666666666665,0.1,0.05,9.335011516329265,87.14244001000002,0.1,0.13333333333333333,0.3,1.6774511711539029,Dicentrarchus labrax,coastal_estuarine,moderate,15.0,observed,metadata.csv:heuristic,8.0,observed,metadata.csv:heuristic,34.1017,biooracle_sampled,biooracle:BO22_salinitymean_ss,20.5,obis_aggregate,obis:depth_median,,missing,unavailable,,missing,unavailable,organism_exact,12.66,biooracle_sampled,biooracle:sst_mean_c,34.1017,biooracle_sampled,biooracle:salinity_mean_psu,8.0622,biooracle_sampled,biooracle:ph_mean,21.9722,biooracle_sampled,biooracle:depth_mean_m,6.13,biooracle_sampled,biooracle:do_mean_mlL
Q9U568,0.0136986301369863,0.0,0.0,0.07692307692307693,0.1780821917808219,0.17019611981654514,0.1232876712328767,0.0136986301369863,0.3333333333333333,0.38095238095238093,0.0,0.20161290322580644,0.18548387096774194,0.25,0.2857142857142857,0.41443114557954686,6.0,3.35,2.0,1.388344337691482,0.2876712328767123,2.863440035373431,3.5659431609659404,0.1506849315068493,0.1643835616438356,0.1095890410958904,2.5949485149196714,2.3936921776204914,0.0821917808219178,1,12.395897654786365,153.6582786679381,21,0.0821917808219178,0.0136986301369863,2.1721109792172375,2.7050066338087664,0.0136986301369863,0.2191780821917808,0.0958904109589041,0.0547945205479452,9.953862980107642,99.07938822675739,0.0821917808219178,0.1095890410958904,0.3424657534246575,1.5508601881580972,Perna viridis,coastal_estuarine,high,28.0,observed,metadata.csv:heuristic,8.1,observed,metadata.csv:heuristic,34.6551,biooracle_sampled,biooracle:BO22_salinitymean_ss,2.7,obis_aggregate,obis:depth_median,,missing,unavailable,,missing,unavailable,organism_exact,26.1897,biooracle_sampled,biooracle:sst_mean_c,34.6551,biooracle_sampled,biooracle:salinity_mean_psu,8.0852,biooracle_sampled,biooracle:ph_mean,2.7778,biooracle_sampled,biooracle:depth_mean_m,4.5852,biooracle_sampled,biooracle:do_mean_mlL
Q9U620,0.0,0.0,0.03125,0.5,0.125,0.15534259674302525,0.125,0.03125,0.38095238095238093,0.23809523809523808,0.0,0.144,0.12,0.336,0.38095238095238093,0.5102982271361636,6.0,2.9,1.0,1.4798648586948742,0.328125,3.390099629660379,4.293336355068275,0.125,0.140625,0.09375,2.6450716113350774,2.4276069499099364,0.09375,3,13.084453653541411,171.2029274116732,21,0.03125,0.0625,2.2545688041883643,2.8552618711664293,0.0625,0.28125,0.09375,0.0625,10.33173220467925,106.74469034920637,0.09375,0.140625,0.375,1.603854269955696,Callinectes sapidus,coastal_estuarine,moderate,19.2,observed,metadata.csv:curated_lookup,8.0,observed,metadata.csv:curated_lookup,31.8816,biooracle_sampled,biooracle:BO22_salinitymean_ss,1.3,obis_aggregate,obis:depth_median,,missing,unavailable,,missing,unavailable,organism_exact,23.6976,biooracle_sampled,biooracle:sst_mean_c,31.8816,biooracle_sampled,biooracle:salinity_mean_psu,8.0711,biooracle_sampled,biooracle:ph_mean,0.3889,biooracle_sampled,biooracle:depth_mean_m,4.9317,biooracle_sampled,biooracle:do_mean_mlL
A0A059P5D6,0.017241379310344827,0.0,0.034482758620689655,0.06666666666666667,0.25862068965517243,0.20610164990995467,0.08620689655172414,0.05172413793103448,0.3333333333333333,0.3888888888888889,0.0,0.3047619047619048,0.2857142857142857,0.14285714285714285,0.2777777777777778,0.4410517285069121,6.0,3.0588235294117645,1.0,1.3490994048446723,0.3103448275862069,2.5283550753482467,3.32691721811503,0.05172413793103448,0.25862068965517243,0.13793103448275862,2.46130246601873,2.213417419352933,0.1206896551724138,2,10.720066591703985,114.91982773056789,18,0.1206896551724138,0.017241379310344827,1.9202479093244045,2.5267439272550827,0.08620689655172414,0.1206896551724138,0.13793103448275862,0.10344827586206896,8.146921909455461,66.37233659876541,0.017241379310344827,0.05172413793103448,0.3275862068965517,1.7314416460171071,Penaeus vannamei (Whiteleg shrimp) (Litopenaeus vannamei),coastal_estuarine,moderate,25.2095,biooracle_sampled,biooracle:BO22_tempmean_ss,8.0708,biooracle_sampled,biooracle:BO22_phmean_ss,37.0603,biooracle_sampled,biooracle:BO22_salinitymean_ss,2.5,obis_aggregate,obis:depth_median,,missing,pending_obis,,missing,pending_obis,new_candidate,25.2095,biooracle_sampled,biooracle:sst_mean_c,37.0603,biooracle_sampled,biooracle:salinity_mean_psu,8.0708,biooracle_sampled,biooracle:ph_mean,5765.9443,biooracle_sampled,biooracle:depth_mean_m,4.7209,biooracle_sampled,biooracle:do_mean_mlL
A0A096Y4K7,0.017241379310344827,0.0,0.05172413793103448,0.1111111111111111,0.3103448275862069,0.2518000683491915,0.08620689655172414,0.06896551724137931,0.3684210526315789,0.3684210526315789,0.0,0.34234234234234234,0.13513513513513514,0.1981981981981982,0.2631578947368421,0.4741856925360752,6.0,2.888888888888889,1.0,1.3698697784375504,0.3275862068965517,2.4707829564643706,3.277286244642409,0.06896551724137931,0.13793103448275862,0.15517241379310345,2.3982904205031637,2.145040837219291,0.15517241379310345,2,10.00434748364525,100.08696857351903,19,0.13793103448275862,0.034482758620689655,1.730342954797089,2.2951547198565825,0.08620689655172414,0.15517241379310345,0.1724137931034483,0.10344827586206896,7.542390077628079,56.887648083102505,0.08620689655172414,0.10344827586206896,0.29310344827586204,1.7593796183542374,Portunus trituberculatus (Swimming crab) (Neptunus trituberculatus),coastal_estuarine,moderate,15.0903,biooracle_sampled,biooracle:BO22_tempmean_ss,8.1203,biooracle_sampled,biooracle:BO22_phmean_ss,30.7333,biooracle_sampled,biooracle:BO22_salinitymean_ss,90,obis_aggregate,obis:depth_median,,missing,pending_obis,,missing,pending_obis,new_candidate,15.0903,biooracle_sampled,biooracle:sst_mean_c,30.7333,biooracle_sampled,biooracle:salinity_mean_psu,8.1203,biooracle_sampled,biooracle:ph_mean,19.1667,biooracle_sampled,biooracle:depth_mean_m,5.923,biooracle_sampled,biooracle:do_mean_mlL
A0A0A6Z9S9,0.0,0.0,0.03076923076923077,0.3333333333333333,0.18461538461538463,0.15185259354012448,0.12307692307692308,0.03076923076923077,0.3333333333333333,0.2857142857142857,0.0,0.192,0.136,0.28,0.38095238095238093,0.5193746930862563,6.0,2.95,1.0,1.5321553446044562,0.3230769230769231,3.3551340439011352,4.3022840594785565,0.1076923076923077,0.15384615384615385,0.12307692307692308,2.6614192503731036,2.4322913158659927,0.12307692307692308,3,13.316593517433626,177.33166290855527,21,0.06153846153846154,0.06153846153846154,2.266179414939945,2.905918942504659,0.09230769230769231,0.23076923076923078,0.12307692307692308,0.09230769230769231,10.384938707313037,107.84695195464856,0.046153846153846156,0.13846153846153847,0.36923076923076925,1.6442899840426288,Palaemon carinicauda (Ridgetail white prawn) (Exopalaemon carinicauda),coastal_estuarine,moderate,15.5437,biooracle_sampled,biooracle:BO22_tempmean_ss,8.1295,biooracle_sampled,biooracle:BO22_phmean_ss,31.549,biooracle_sampled,biooracle:BO22_salinitymean_ss,71.8056,biooracle_sampled,biooracle:BO_bathymean,,missing,pending_obis,,missing,pending_obis,new_candidate,15.5437,biooracle_sampled,biooracle:sst_mean_c,31.549,biooracle_sampled,biooracle:salinity_mean_psu,8.1295,biooracle_sampled,biooracle:ph_mean,71.8056,biooracle_sampled,biooracle:depth_mean_m,5.6904,biooracle_sampled,biooracle:do_mean_mlL
A0A0A6Z9Y7,0.016129032258064516,0.0,0.04838709677419355,0.047619047619047616,0.3387096774193548,0.2181798705085868,0.03225806451612903,0.04838709677419355,0.35294117647058826,0.35294117647058826,0.0,0.3838383838383838,0.21212121212121213,0.10101010101010101,0.29411764705882354,0.4948716593053935,7.0,3.5,1.0,1.7320508075688772,0.27419354838709675,2.1160161038907708,2.76840571373813,0.0967741935483871,0.1935483870967742,0.0967741935483871,2.406633211521186,2.165302123703421,0.16129032258064516,2,10.096538485397886,101.94008938712064,17,0.16129032258064516,0.016129032258064516,1.8717044633725788,2.4487702722593667,0.04838709677419355,0.0967741935483871,0.1774193548387097,0.08064516129032258,7.717235202425164,59.555719169550166,0.016129032258064516,0.03225806451612903,0.3064516129032258,1.7116759029792876,Palaemon carinicauda (Ridgetail white prawn) (Exopalaemon carinicauda),coastal_estuarine,moderate,15.5437,biooracle_sampled,biooracle:BO22_tempmean_ss,8.1295,biooracle_sampled,biooracle:BO22_phmean_ss,31.549,biooracle_sampled,biooracle:BO22_salinitymean_ss,71.8056,biooracle_sampled,biooracle:BO_bathymean,,missing,pending_obis,,missing,pending_obis,new_candidate,15.5437,biooracle_sampled,biooracle:sst_mean_c,31.549,biooracle_sampled,biooracle:salinity_mean_psu,8.1295,biooracle_sampled,biooracle:ph_mean,71.8056,biooracle_sampled,biooracle:depth_mean_m,5.6904,biooracle_sampled,biooracle:do_mean_mlL
A0A0A7P9J9,0.0,0.0,0.03389830508474576,0.17647058823529413,0.288135593220339,0.18472547788108307,0.0847457627118644,0.05084745762711865,0.3333333333333333,0.3888888888888889,0.0,0.34285714285714286,0.1523809523809524,0.2,0.2777777777777778,0.45204334153626186,6.0,3.1176470588235294,1.0,1.409311594201287,0.3050847457627119,2.6696510572723766,3.397286658806713,0.0847457627118644,0.15254237288135594,0.15254237288135594,2.4961392205120267,2.2773209153611966,0.1694915254237288,2,11.135550714977558,124.00048972583721,18,0.11864406779661017,0.05084745762711865,2.062518029517572,2.6246744742691135,0.06779661016949153,0.1694915254237288,0.1694915254237288,0.0847457627118644,8.750522909948344,76.57165119753084,0.05084745762711865,0.1016949152542373,0.3220338983050847,1.6194046724414348,Macrobrachium nipponense (Oriental river shrimp) (Palaemon nipponensis),coastal_estuarine,moderate,19.1931,biooracle_sampled,biooracle:BO22_tempmean_ss,8.1458,biooracle_sampled,biooracle:BO22_phmean_ss,32.2884,biooracle_sampled,biooracle:BO22_salinitymean_ss,276.0,obis_aggregate,obis:depth_median,,missing,pending_obis,,missing,pending_obis,new_candidate,19.1931,biooracle_sampled,biooracle:sst_mean_c,32.2884,biooracle_sampled,biooracle:salinity_mean_psu,8.1458,biooracle_sampled,biooracle:ph_mean,45.6111,biooracle_sampled,biooracle:depth_mean_m,5.2202,biooracle_sampled,biooracle:do_mean_mlL
A0A0B6VM71,0.0,0.0,0.05,0.5555555555555556,0.15,0.172899360958668,0.1,0.06666666666666667,0.3,0.4,0.0,0.1452991452991453,0.08547008547008547,0.4188034188034188,0.3,0.47412381128746534,6.0,2.8947368421052633,1.0,1.372463664253189,0.3333333333333333,3.1673124221403297,4.057917319906782,0.1,0.08333333333333333,0.06666666666666667,2.5782263620254895,2.3515597417090612,0.11666666666666667,2,12.173751959720345,148.20023677679495,20,0.03333333333333333,0.08333333333333333,2.1246977645655862,2.722133692315597,0.03333333333333333,0.3333333333333333,0.11666666666666667,0.03333333333333333,9.50193726642099,90.286811815,0.2,0.2,0.35,1.6414383651120723,Girella punctata (Largescale blackfish),coastal_estuarine,moderate,17.6017,biooracle_sampled,biooracle:BO22_tempmean_ss,8.1141,biooracle_sampled,biooracle:BO22_phmean_ss,31.7965,biooracle_sampled,biooracle:BO22_salinitymean_ss,1.1,obis_aggregate,obis:depth_median,,missing,pending_obis,,missing,pending_obis,new_candidate,17.6017,biooracle_sampled,biooracle:sst_mean_c,31.7965,biooracle_sampled,biooracle:salinity_mean_psu,8.1141,biooracle_sampled,biooracle:ph_mean,0.0,biooracle_sampled,biooracle:depth_mean_m,5.597,biooracle_sampled,biooracle:do_mean_mlL
A0A0C6WJR4,0.0136986301369863,0.0,0.0136986301369863,0.0,0.1095890410958904,0.1918298897460925,0.1232876712328767,0.0,0.3333333333333333,0.38095238095238093,0.0,0.13709677419354838,0.1532258064516129,0.27419354838709675,0.2857142857142857,0.4929893899974252,7.0,3.35,1.0,1.6515144564913744,0.2876712328767123,2.6682191396123756,3.3952705905106324,0.1917808219178082,0.1506849315068493,0.0547945205479452,2.5496488447781656,2.3297369193851423,0.0410958904109589,2,11.802607290822674,139.30153886138055,21,0.0547945205479452,0.0,2.0240228593974305,2.5755400622872657,0.0273972602739726,0.2465753424657534,0.0547945205479452,0.0410958904109589,9.275237961509687,86.03003924263037,0.0958904109589041,0.0958904109589041,0.410958904109589,1.6192197526320855,Cerastoderma glaucum (Lagoon cockle),coastal_estuarine,moderate,9.4275,biooracle_sampled,biooracle:BO22_tempmean_ss,8.098,biooracle_sampled,biooracle:BO22_phmean_ss,7.05,biooracle_sampled,biooracle:BO22_salinitymean_ss,2.4,obis_aggregate,obis:depth_median,,missing,pending_obis,,missing,pending_obis,new_candidate,9.4275,biooracle_sampled,biooracle:sst_mean_c,7.05,biooracle_sampled,biooracle:salinity_mean_psu,8.098,biooracle_sampled,biooracle:ph_mean,4.5833,biooracle_sampled,biooracle:depth_mean_m,7.8207,biooracle_sampled,biooracle:do_mean_mlL
A0A0E3TKA8,0.034482758620689655,0.0,0.034482758620689655,0.2222222222222222,0.3103448275862069,0.1842924184279418,0.08620689655172414,0.05172413793103448,0.3333333333333333,0.3888888888888889,0.0,0.37142857142857144,0.1523809523809524,0.18095238095238095,0.2777777777777778,0.4410517285069121,6.0,3.0588235294117645,1.0,1.3490994048446723,0.3103448275862069,2.69727858082334,3.487612738919639,0.06896551724137931,0.15517241379310345,0.10344827586206896,2.5045346923886367,2.2712214542277325,0.15517241379310345,2,11.23786326985217,126.28957087189251,18,0.1206896551724138,0.06896551724137931,2.048542788230849,2.6487897747198996,0.08620689655172414,0.15517241379310345,0.1896551724137931,0.10344827586206896,8.691230982652984,75.53749599382715,0.06896551724137931,0.08620689655172414,0.29310344827586204,1.6718792330925656,Penaeus japonicus (Kuruma prawn) (Marsupenaeus japonicus),coastal_estuarine,moderate,,missing,pending_biooracle,,missing,pending_biooracle,,missing,pending_biooracle,16.0,obis_aggregate,obis:depth_median,,missing,pending_obis,,missing,pending_obis,new_candidate,22.0,habitat_default,habitat_default:coastal_estuarine,32.0,habitat_default,habitat_default:coastal_estuarine,8.1,habitat_default,habitat_default:coastal_estuarine,16.0,obis_aggregate,obis:depth_median_m,6.5,habitat_default,habitat_default:coastal_estuarine
A0A0K1D9V6,0.01694915254237288,0.0,0.03389830508474576,0.2,0.2542372881355932,0.19558965410262968,0.0847457627118644,0.05084745762711865,0.2777777777777778,0.4444444444444444,0.0,0.2803738317757009,0.1308411214953271,0.2803738317757009,0.2777777777777778,0.4410517285069121,6.0,3.0588235294117645,1.0,1.3490994048446723,0.3050847457627119,2.5798785351733526,3.3202314134914066,0.0847457627118644,0.13559322033898305,0.1016949152542373,2.475107186859032,2.246677858310134,0.13559322033898305,2,10.882980744221832,118.4392698791032,18,0.1016949152542373,0.05084745762711865,1.993161607493759,2.5651431612539595,0.06779661016949153,0.22033898305084745,0.15254237288135594,0.0847457627118644,8.4562685319571,71.50847748456789,0.11864406779661017,0.11864406779661017,0.3050847457627119,1.6562969041630533,Scylla paramamosain (Mud crab),coastal_estuarine,moderate,28.9272,biooracle_sampled,biooracle:BO22_tempmean_ss,8.0627,biooracle_sampled,biooracle:BO22_phmean_ss,35.3643,biooracle_sampled,biooracle:BO22_salinitymean_ss,276.0,obis_aggregate,obis:depth_median,,missing,pending_obis,,missing,pending_obis,new_candidate,28.9272,biooracle_sampled,biooracle:sst_mean_c,35.3643,biooracle_sampled,biooracle:salinity_mean_psu,8.0627,biooracle_sampled,biooracle:ph_mean,3507.8611,biooracle_sampled,biooracle:depth_mean_m,4.4723,biooracle_sampled,biooracle:do_mean_mlL
A0A0K2D4S0,0.0,0.009345794392523364,0.0,0.23809523809523808,0.19626168224299065,0.1282303079446897,0.12149532710280374,0.009345794392523364,0.3333333333333333,0.3333333333333333,0.0111731843575419,0.22346368715083798,0.13966480446927373,0.25139664804469275,0.3333333333333333,0.4347413023856832,6.0,3.4482758620689653,2.0,1.4991079392609765,0.2803738317757009,3.847855949109955,4.7795467997167425,0.17757009345794392,0.1308411214953271,0.14018691588785046,2.892982250500305,2.689480143404069,0.12149532710280374,1,17.04705025232305,290.6019223052274,30,0.07476635514018691,0.04672897196261682,2.5056516960589237,3.1123513207071563,0.018691588785046728,0.205607476635514,0.12149532710280374,0.04672897196261682,13.724019551825508,188.34871265888881,0.07476635514018691,0.102803738317757,0.35514018691588783,1.5428930636309972,Alectryonella plicatula,coastal_estuarine,moderate,27.1989,biooracle_sampled,biooracle:BO22_tempmean_ss,8.0867,biooracle_sampled,biooracle:BO22_phmean_ss,34.6551,biooracle_sampled,biooracle:BO22_salinitymean_ss,7,obis_aggregate,obis:depth_median,,missing,pending_obis,,missing,pending_obis,new_candidate,27.1989,biooracle_sampled,biooracle:sst_mean_c,34.6551,biooracle_sampled,biooracle:salinity_mean_psu,8.0867,biooracle_sampled,biooracle:ph_mean,0.0,biooracle_sampled,biooracle:depth_mean_m,4.5852,biooracle_sampled,biooracle:do_mean_mlL
A0A0U3VAE5,0.013157894736842105,0.0,0.0,0.05263157894736842,0.25,0.1289554544120117,0.11842105263157894,0.013157894736842105,0.3333333333333333,0.38095238095238093,0.0,0.2903225806451613,0.1693548387096774,0.22580645161290322,0.2857142857142857,0.465109159888563,7.0,3.5,2.0,1.6278820596099706,0.27631578947368424,3.1614134659188564,3.932870846754835,0.11842105263157894,0.13157894736842105,0.18421052631578946,2.7234803335465694,2.521022055809583,0.11842105263157894,1,14.233246873969877,202.58531657537327,21,0.11842105263157894,0.013157894736842105,2.496697629949127,3.1059491040457403,0.02631578947368421,0.2236842105263158,0.13157894736842105,0.039473684210526314,11.441305876658717,130.9034801632653,0.07894736842105263,0.10526315789473684,0.3026315789473684,1.5475930534673719,Meretrix lamarckii (Korean hard clam),coastal_estuarine,moderate,19.5303,biooracle_sampled,biooracle:BO22_tempmean_ss,8.1959,biooracle_sampled,biooracle:BO22_phmean_ss,33.0628,biooracle_sampled,biooracle:BO22_salinitymean_ss,7.5,obis_aggregate,obis:depth_median,,missing,pending_obis,,missing,pending_obis,new_candidate,19.5303,biooracle_sampled,biooracle:sst_mean_c,33.0628,biooracle_sampled,biooracle:salinity_mean_psu,8.1959,biooracle_sampled,biooracle:ph_mean,3.25,biooracle_sampled,biooracle:depth_mean_m,5.4467,biooracle_sampled,biooracle:do_mean_mlL
A0A140D6S6,0.0,0.0,0.04838709677419355,0.2727272727272727,0.1774193548387097,0.15672529605582006,0.0967741935483871,0.06451612903225806,0.3,0.4,0.0,0.1623931623931624,0.1111111111111111,0.358974358974359,0.3,0.5072572735017881,6.0,3.0,1.0,1.5217718205053643,0.3225806451612903,3.2307364971467165,4.110228546759103,0.11290322580645161,0.0967741935483871,0.06451612903225806,2.620435623674913,2.3992836849765764,0.11290322580645161,2,12.741708494953219,162.351135370363,20,0.06451612903225806,0.04838709677419355,2.23948539175298,2.8491326344201933,0.03225806451612903,0.2903225806451613,0.11290322580645161,0.03225806451612903,10.015283141154821,100.30589639749998,0.16129032258064516,0.16129032258064516,0.3387096774193548,1.6185602362495755,Acanthogobius hasta (javeline goby),coastal_estuarine,moderate,15.6887,biooracle_sampled,biooracle:BO22_tempmean_ss,8.1191,biooracle_sampled,biooracle:BO22_phmean_ss,29.5706,biooracle_sampled,biooracle:BO22_salinitymean_ss,20,obis_aggregate,obis:depth_median,,missing,pending_obis,,missing,pending_obis,new_candidate,15.6887,biooracle_sampled,biooracle:sst_mean_c,29.5706,biooracle_sampled,biooracle:salinity_mean_psu,8.1191,biooracle_sampled,biooracle:ph_mean,2.2222,biooracle_sampled,biooracle:depth_mean_m,6.0021,biooracle_sampled,biooracle:do_mean_mlL
A0A140D6S7,0.0,0.0,0.04838709677419355,0.2727272727272727,0.1774193548387097,0.14824041062244991,0.0967741935483871,0.06451612903225806,0.3,0.4,0.0,0.1623931623931624,0.1111111111111111,0.358974358974359,0.3,0.5072572735017881,6.0,3.0,1.0,1.5217718205053643,0.3225806451612903,3.326743475247837,4.220080009460287,0.11290322580645161,0.0967741935483871,0.06451612903225806,2.6449149991591927,2.425944089448308,0.11290322580645161,2,13.082248029326891,171.1452135008273,20,0.06451612903225806,0.04838709677419355,2.306035611850996,2.925279589208759,0.03225806451612903,0.2903225806451613,0.11290322580645161,0.03225806451612903,10.312904773268295,106.35600486249999,0.14516129032258066,0.14516129032258066,0.3225806451612903,1.6091730196342804,Acanthogobius hasta (javeline goby),coastal_estuarine,moderate,15.6887,biooracle_sampled,biooracle:BO22_tempmean_ss,8.1191,biooracle_sampled,biooracle:BO22_phmean_ss,29.5706,biooracle_sampled,biooracle:BO22_salinitymean_ss,20,obis_aggregate,obis:depth_median,,missing,pending_obis,,missing,pending_obis,new_candidate,15.6887,biooracle_sampled,biooracle:sst_mean_c,29.5706,biooracle_sampled,biooracle:salinity_mean_psu,8.1191,biooracle_sampled,biooracle:ph_mean,2.2222,biooracle_sampled,biooracle:depth_mean_m,6.0021,biooracle_sampled,biooracle:do_mean_mlL
A0A142LXF3,0.0,0.0,0.0,0.05263157894736842,0.2753623188405797,0.10912274313240393,0.10144927536231885,0.014492753623188406,0.3888888888888889,0.3888888888888889,0.0,0.3490566037735849,0.12264150943396226,0.22641509433962265,0.2222222222222222,0.4088928163327057,6.0,3.4705882352941178,2.0,1.4190985978605668,0.2608695652173913,3.000978360492262,3.740599360308347,0.11594202898550725,0.13043478260869565,0.13043478260869565,2.7303962717894796,2.526028629859051,0.13043478260869565,1,14.33896421451533,205.60589474515126,18,0.14492753623188406,-0.014492753623188406,2.711459968036546,3.379726277091676,0.028985507246376812,0.21739130434782608,0.13043478260869565,0.057971014492753624,11.503750381887006,132.33627284876542,0.028985507246376812,0.07246376811594203,0.2898550724637681,1.553662426174861,Haliotis discus hannai (Japanese abalone),coastal_estuarine,moderate,15.4056,biooracle_sampled,biooracle:BO22_tempmean_ss,8.1362,biooracle_sampled,biooracle:BO22_phmean_ss,33.0899,biooracle_sampled,biooracle:BO22_salinitymean_ss,5.0,obis_aggregate,obis:depth_median,,missing,pending_obis,,missing,pending_obis,new_candidate,15.4056,biooracle_sampled,biooracle:sst_mean_c,33.0899,biooracle_sampled,biooracle:salinity_mean_psu,8.1362,biooracle_sampled,biooracle:ph_mean,16.6806,biooracle_sampled,biooracle:depth_mean_m,5.4856,biooracle_sampled,biooracle:do_mean_mlL
A0A166K203,0.0,0.0,0.05,0.3333333333333333,0.15,0.17285660912183773,0.1,0.06666666666666667,0.3,0.4,0.0,0.1452991452991453,0.1111111111111111,0.39316239316239315,0.3,0.47412381128746534,6.0,2.8947368421052633,1.0,1.372463664253189,0.3333333333333333,3.162955378325432,4.064512203092718,0.1,0.1,0.05,2.5797270588619585,2.3503143264779958,0.1,2,12.193536609278157,148.68233504180665,20,0.05,0.05,2.1217749707202693,2.726557674447825,0.03333333333333333,0.31666666666666665,0.1,0.03333333333333333,9.488866134976297,90.0385805275,0.16666666666666666,0.16666666666666666,0.3333333333333333,1.6513180702176375,Acanthopagrus schlegelii (Black porgy),coastal_estuarine,moderate,20.3961,biooracle_sampled,biooracle:BO22_tempmean_ss,8.1175,biooracle_sampled,biooracle:BO22_phmean_ss,33.6235,biooracle_sampled,biooracle:BO22_salinitymean_ss,1.1,obis_aggregate,obis:depth_median,,missing,pending_obis,,missing,pending_obis,new_candidate,20.3961,biooracle_sampled,biooracle:sst_mean_c,33.6235,biooracle_sampled,biooracle:salinity_mean_psu,8.1175,biooracle_sampled,biooracle:ph_mean,126.75,biooracle_sampled,biooracle:depth_mean_m,5.1422,biooracle_sampled,biooracle:do_mean_mlL
A0A172EAK5,0.0,0.0,0.05,0.2727272727272727,0.18333333333333332,0.17860057197448584,0.1,0.06666666666666667,0.3,0.4,0.0,0.19658119658119658,0.11965811965811966,0.3333333333333333,0.3,0.47412381128746534,6.0,2.8947368421052633,1.0,1.372463664253189,0.3333333333333333,3.1211159342898136,3.9865272762784345,0.1,0.1,0.06666666666666667,2.5618354241099883,2.338275331625712,0.11666666666666667,2,11.959581828835304,143.0315975206076,20,0.06666666666666667,0.05,2.093708218418937,2.6742437951746996,0.06666666666666667,0.2833333333333333,0.11666666666666667,0.05,9.363347802869441,87.67228207749999,0.13333333333333333,0.16666666666666666,0.3333333333333333,1.6314346351127422,Larimichthys crocea (Large yellow croaker) (Pseudosciaena crocea),coastal_estuarine,moderate,,missing,pending_biooracle,,missing,pending_biooracle,,missing,pending_biooracle,49.2,obis_aggregate,obis:depth_median,,missing,pending_obis,,missing,pending_obis,new_candidate,22.0,habitat_default,habitat_default:coastal_estuarine,32.0,habitat_default,habitat_default:coastal_estuarine,8.1,habitat_default,habitat_default:coastal_estuarine,49.2,obis_aggregate,obis:depth_median_m,6.5,habitat_default,habitat_default:coastal_estuarine
A0A185L2K1,0.0,0.0,0.05,0.2,0.16666666666666666,0.16769197480338616,0.1,0.06666666666666667,0.3,0.4,0.0,0.1794871794871795,0.10256410256410256,0.36752136752136755,0.3,0.47412381128746534,6.0,2.8947368421052633,1.0,1.372463664253189,0.3333333333333333,3.213656211562013,4.123592981946231,0.1,0.1,0.06666666666666667,2.5930716501376816,2.364711516864426,0.1,2,12.370778945838694,153.03617172680592,20,0.06666666666666667,0.03333333333333333,2.155786123610132,2.7661902657518507,0.03333333333333333,0.3,0.1,0.03333333333333333,9.64096863468604,92.948276215,0.15,0.15,0.31666666666666665,1.6464659481453505,Boleophthalmus pectinirostris (Great blue-spotted mudskipper) (Gobius pectinirostris),coastal_estuarine,moderate,20.7372,biooracle_sampled,biooracle:BO22_tempmean_ss,8.1361,biooracle_sampled,biooracle:BO22_phmean_ss,32.7264,biooracle_sampled,biooracle:BO22_salinitymean_ss,276.0,obis_aggregate,obis:depth_median,,missing,pending_obis,,missing,pending_obis,new_candidate,20.7372,biooracle_sampled,biooracle:sst_mean_c,32.7264,biooracle_sampled,biooracle:salinity_mean_psu,8.1361,biooracle_sampled,biooracle:ph_mean,55.0556,biooracle_sampled,biooracle:depth_mean_m,5.082,biooracle_sampled,biooracle:do_mean_mlL
A0A1B1RV98,0.0,0.0,0.0,0.0,0.18604651162790697,0.6296163843213531,0.11627906976744186,0.023255813953488372,0.4166666666666667,0.25,0.0,0.19718309859154928,0.19718309859154928,0.23943661971830985,0.3333333333333333,0.4138795673819816,6.0,3.272727272727273,2.0,1.3545149477955762,0.27906976744186046,1.0295440402301355,1.4417364453892183,0.13953488372093023,0.20930232558139536,0.16279069767441862,1.8190863753022495,1.5452618807874225,0.09302325581395349,1,5.166222262644699,26.689852467045714,12,0.09302325581395349,0.0,1.0649801557119198,1.4913599070156773,0.046511627906976744,0.18604651162790697,0.09302325581395349,0.06976744186046512,3.689199477491319,13.61019278472222,0.046511627906976744,0.046511627906976744,0.32558139534883723,1.9610194278074986,Crassostrea virginica (Eastern oyster),coastal_estuarine,moderate,22.0622,biooracle_sampled,biooracle:BO22_tempmean_ss,8.1105,biooracle_sampled,biooracle:BO22_phmean_ss,35.9989,biooracle_sampled,biooracle:BO22_salinitymean_ss,3.0,obis_aggregate,obis:depth_median,,missing,pending_obis,,missing,pending_obis,new_candidate,22.0622,biooracle_sampled,biooracle:sst_mean_c,35.9989,biooracle_sampled,biooracle:salinity_mean_psu,8.1105,biooracle_sampled,biooracle:ph_mean,25.7222,biooracle_sampled,biooracle:depth_mean_m,4.9358,biooracle_sampled,biooracle:do_mean_mlL
A0A1B1RVB0,0.0,0.0,0.0,0.25,0.21333333333333335,0.15340915809932432,0.12,0.013333333333333334,0.3333333333333333,0.38095238095238093,0.0,0.248,0.144,0.232,0.2857142857142857,0.43025702465669985,6.0,3.4,2.0,1.4628738838327795,0.28,2.941084888933183,3.6490222464592375,0.16,0.14666666666666667,0.18666666666666668,2.6413562784905733,2.442683900652662,0.13333333333333333,1,13.03222230878299,169.83881830554103,21,0.08,0.05333333333333334,2.292133355242704,2.843864057309058,0.02666666666666667,0.2,0.13333333333333333,0.05333333333333334,10.503874603332795,110.33138168253969,0.08,0.08,0.3466666666666667,1.5393518663096613,Crassostrea virginica (Eastern oyster),coastal_estuarine,moderate,22.0622,biooracle_sampled,biooracle:BO22_tempmean_ss,8.1105,biooracle_sampled,biooracle:BO22_phmean_ss,35.9989,biooracle_sampled,biooracle:BO22_salinitymean_ss,3.0,obis_aggregate,obis:depth_median,,missing,pending_obis,,missing,pending_obis,new_candidate,22.0622,biooracle_sampled,biooracle:sst_mean_c,35.9989,biooracle_sampled,biooracle:salinity_mean_psu,8.1105,biooracle_sampled,biooracle:ph_mean,25.7222,biooracle_sampled,biooracle:depth_mean_m,4.9358,biooracle_sampled,biooracle:do_mean_mlL
A0A1C7D003,0.0,0.0,0.016129032258064516,0.0625,0.25806451612903225,0.08671854929876206,0.07258064516129033,0.024193548387096774,0.30303030303030304,0.3939393939393939,0.0,0.27918781725888325,0.07106598984771574,0.2893401015228426,0.30303030303030304,0.4651604766162404,8.0,3.5625,1.0,1.6571341979453564,0.2661290322580645,4.715134910765222,5.71600133950248,0.14516129032258066,0.07258064516129033,0.10483870967741936,3.1125507581176106,2.9294576667923145,0.13709677419354838,2,21.478308063585075,461.31771727426366,33,0.12096774193548387,0.016129032258064516,3.0842168019645504,3.7388935216032535,0.008064516129032258,0.25,0.13709677419354838,0.024193548387096774,17.717476634390533,313.90897829017445,0.0967741935483871,0.0967741935483871,0.3064516129032258,1.4695907067934384,Biomphalaria glabrata (Bloodfluke planorb) (Freshwater snail),coastal_estuarine,moderate,,missing,pending_biooracle,,missing,pending_biooracle,,missing,pending_biooracle,,missing,pending_obis,,missing,pending_obis,,missing,pending_obis,new_candidate,22.0,habitat_default,habitat_default:coastal_estuarine,32.0,habitat_default,habitat_default:coastal_estuarine,8.1,habitat_default,habitat_default:coastal_estuarine,30.0,habitat_default,habitat_default:coastal_estuarine,6.5,habitat_default,habitat_default:coastal_estuarine
A0A1D9BZV8,0.058823529411764705,0.11764705882352941,0.014705882352941176,0.09090909090909091,0.16176470588235295,0.006041053657486312,0.0,0.014705882352941176,0.2857142857142857,0.2857142857142857,0.11904761904761904,0.11904761904761904,0.42857142857142855,0.2619047619047619,0.42857142857142855,0.717848258651492,21.0,9.333333333333334,1.0,6.69991708074726,0.10294117647058823,3.1090666811110945,3.949422216241873,0.029411764705882353,0.4117647058823529,0.014705882352941176,3.6728978207941227,3.44049379852289,0.029411764705882353,2,38.365815814921056,1471.9358231444467,7,0.07352941176470588,0.014705882352941176,11.415419854002247,14.500915356055712,0.014705882352941176,0.20588235294117646,0.08823529411764706,0.029411764705882353,30.202362045079205,912.1826731020409,0.0,0.08823529411764706,0.25,1.6136415068473782,Hediste diversicolor (Sandworm) (Nereis diversicolor),coastal_estuarine,moderate,,missing,pending_biooracle,,missing,pending_biooracle,,missing,pending_biooracle,1.5,obis_aggregate,obis:depth_median,,missing,pending_obis,,missing,pending_obis,new_candidate,22.0,habitat_default,habitat_default:coastal_estuarine,32.0,habitat_default,habitat_default:coastal_estuarine,8.1,habitat_default,habitat_default:coastal_estuarine,1.5,obis_aggregate,obis:depth_median_m,6.5,habitat_default,habitat_default:coastal_estuarine
A0A1L6Z3J2,0.0,0.0,0.0,0.05263157894736842,0.2753623188405797,0.10912274313240393,0.10144927536231885,0.014492753623188406,0.3888888888888889,0.3888888888888889,0.0,0.3490566037735849,0.12264150943396226,0.22641509433962265,0.2222222222222222,0.4088928163327057,6.0,3.4705882352941178,2.0,1.4190985978605668,0.2608695652173913,3.000978360492262,3.740599360308347,0.11594202898550725,0.13043478260869565,0.13043478260869565,2.7303962717894796,2.526028629859051,0.13043478260869565,1,14.33896421451533,205.60589474515126,18,0.14492753623188406,-0.014492753623188406,2.711459968036546,3.379726277091676,0.028985507246376812,0.21739130434782608,0.13043478260869565,0.057971014492753624,11.503750381887006,132.33627284876542,0.028985507246376812,0.07246376811594203,0.2898550724637681,1.553662426174861,Haliotis discus discus (disc abalone),coastal_estuarine,moderate,19.012,biooracle_sampled,biooracle:BO22_tempmean_ss,8.1659,biooracle_sampled,biooracle:BO22_phmean_ss,32.3163,biooracle_sampled,biooracle:BO22_salinitymean_ss,29.6111,biooracle_sampled,biooracle:BO_bathymean,,missing,pending_obis,,missing,pending_obis,new_candidate,19.012,biooracle_sampled,biooracle:sst_mean_c,32.3163,biooracle_sampled,biooracle:salinity_mean_psu,8.1659,biooracle_sampled,biooracle:ph_mean,29.6111,biooracle_sampled,biooracle:depth_mean_m,5.5051,biooracle_sampled,biooracle:do_mean_mlL
A0A1V0CMF8,0.0,0.0,0.0,0.2857142857142857,0.1917808219178082,0.2224292228067221,0.0958904109589041,0.0136986301369863,0.3888888888888889,0.3888888888888889,0.0,0.2830188679245283,0.1320754716981132,0.25471698113207547,0.2222222222222222,0.43212029776210037,7.0,3.4705882352941178,2.0,1.4997116216449367,0.2465753424657534,1.9220055194838155,2.5599136740107284,0.1506849315068493,0.1506849315068493,0.136986301369863,2.4320219250428616,2.1741606561975564,0.1232876712328767,1,10.381872122376844,107.78326876538549,18,0.0684931506849315,0.0547945205479452,1.8372520175974718,2.447030726381414,0.0410958904109589,0.2602739726027397,0.1232876712328767,0.0410958904109589,7.79480016235103,60.75890957098764,0.0273972602739726,0.0958904109589041,0.3835616438356164,1.7739500186298924,Cochlostoma elegans,coastal_estuarine,moderate,15.3537,biooracle_sampled,biooracle:BO22_tempmean_ss,8.0831,biooracle_sampled,biooracle:BO22_phmean_ss,36.1381,biooracle_sampled,biooracle:BO22_salinitymean_ss,3.375,biooracle_sampled,biooracle:BO_bathymean,,missing,pending_obis,,missing,pending_obis,new_candidate,15.3537,biooracle_sampled,biooracle:sst_mean_c,36.1381,biooracle_sampled,biooracle:salinity_mean_psu,8.0831,biooracle_sampled,biooracle:ph_mean,3.375,biooracle_sampled,biooracle:depth_mean_m,5.6948,biooracle_sampled,biooracle:do_mean_mlL
A0A1V0CMG1,0.01834862385321101,0.01834862385321101,0.0,0.4,0.1834862385321101,0.10523164588793557,0.09174311926605505,0.027522935779816515,0.4444444444444444,0.3333333333333333,0.00625,0.2625,0.15625,0.23125,0.2222222222222222,0.46077463463207907,7.0,3.6153846153846154,2.0,1.6658775252082858,0.24770642201834864,3.5748022924372065,4.403924914121514,0.1559633027522936,0.1743119266055046,0.10091743119266056,2.9327289992757013,2.736417954822382,0.11009174311926606,1,17.778807986638704,316.08601342576816,27,0.05504587155963303,0.07339449541284404,2.7773644960046426,3.4215331923188415,0.03669724770642202,0.22018348623853212,0.12844036697247707,0.045871559633027525,14.431609254653907,208.27134567901228,0.027522935779816515,0.08256880733944955,0.3853211009174312,1.517664431442815,Cochlostoma elegans,coastal_estuarine,moderate,15.3537,biooracle_sampled,biooracle:BO22_tempmean_ss,8.0831,biooracle_sampled,biooracle:BO22_phmean_ss,36.1381,biooracle_sampled,biooracle:BO22_salinitymean_ss,3.375,biooracle_sampled,biooracle:BO_bathymean,,missing,pending_obis,,missing,pending_obis,new_candidate,15.3537,biooracle_sampled,biooracle:sst_mean_c,36.1381,biooracle_sampled,biooracle:salinity_mean_psu,8.0831,biooracle_sampled,biooracle:ph_mean,3.375,biooracle_sampled,biooracle:depth_mean_m,5.6948,biooracle_sampled,biooracle:do_mean_mlL
A0A1X6NWZ7,0.009615384615384616,0.04807692307692308,0.0,0.09090909090909091,0.21153846153846154,0.049914350792449436,0.057692307692307696,0.009615384615384616,0.3125,0.375,0.05319148936170213,0.23404255319148937,0.22340425531914893,0.23404255319148937,0.3125,0.9858241088316512,23.0,5.866666666666666,2.0,5.7835014384790195,0.15384615384615385,2.5208882015297087,3.0096379665357795,0.08653846153846154,0.3173076923076923,0.04807692307692308,3.0234761668579275,2.8556522459168074,0.10576923076923077,1,19.562646782482567,382.69714913617554,16,0.09615384615384616,0.019230769230769232,4.096443327485776,4.890661695620642,0.028846153846153848,0.22115384615384615,0.11538461538461539,0.0673076923076923,16.385773309943104,268.4935669648438,0.038461538461538464,0.057692307692307696,0.34615384615384615,1.4253494169798318,Porphyra umbilicalis (Purple laver) (Red alga),coastal_estuarine,moderate,11.5597,biooracle_sampled,biooracle:BO22_tempmean_ss,8.0737,biooracle_sampled,biooracle:BO22_phmean_ss,33.8683,biooracle_sampled,biooracle:BO22_salinitymean_ss,0,obis_aggregate,obis:depth_median,,missing,pending_obis,,missing,pending_obis,new_candidate,11.5597,biooracle_sampled,biooracle:sst_mean_c,33.8683,biooracle_sampled,biooracle:salinity_mean_psu,8.0737,biooracle_sampled,biooracle:ph_mean,0.0,biooracle_sampled,biooracle:depth_mean_m,6.196,biooracle_sampled,biooracle:do_mean_mlL
A0A1Y1FG02,0.0,0.0,0.038461538461538464,0.5555555555555556,0.17307692307692307,0.26318249715473635,0.11538461538461539,0.07692307692307693,0.29411764705882354,0.4117647058823529,0.0,0.16666666666666666,0.13725490196078433,0.3431372549019608,0.29411764705882354,0.4570436400267363,6.0,2.8125,1.0,1.2854352375751958,0.3269230769230769,2.270952333273422,3.0400102992646842,0.09615384615384616,0.11538461538461539,0.07692307692307693,2.3320327272163555,2.0727243355792333,0.1346153846153846,2,9.298855033044916,86.46870492558476,17,0.038461538461538464,0.09615384615384616,1.684759756827399,2.2553036175617995,0.07692307692307693,0.28846153846153844,0.1346153846153846,0.057692307692307696,6.946442431189291,48.253062449826984,0.11538461538461539,0.15384615384615385,0.3269230769230769,1.791983773371773,Salaria pavo (Peacock blenny) (Lipophrys pavo),coastal_estuarine,moderate,,missing,pending_biooracle,,missing,pending_biooracle,,missing,pending_biooracle,8.0,obis_aggregate,obis:depth_median,,missing,pending_obis,,missing,pending_obis,new_candidate,22.0,habitat_default,habitat_default:coastal_estuarine,32.0,habitat_default,habitat_default:coastal_estuarine,8.1,habitat_default,habitat_default:coastal_estuarine,8.0,obis_aggregate,obis:depth_median_m,6.5,habitat_default,habitat_default:coastal_estuarine
A0A220T7G9,0.029850746268656716,0.014925373134328358,0.0,0.2857142857142857,0.208955223880597,0.16153989487864773,0.1044776119402985,0.014925373134328358,0.3888888888888889,0.3888888888888889,0.0,0.27358490566037735,0.11320754716981132,0.29245283018867924,0.2222222222222222,0.3819568606504779,6.0,3.3529411764705883,2.0,1.2806788857104259,0.26865671641791045,2.501684091844677,3.2148124909455293,0.13432835820895522,0.13432835820895522,0.13432835820895522,2.5623495573753576,2.333291209599664,0.1044776119402985,1,11.966246494075026,143.19105515696285,18,0.07462686567164178,0.05970149253731343,2.1948179934055934,2.8204713471034006,0.014925373134328358,0.2537313432835821,0.13432835820895522,0.029850746268656716,9.311824119644076,86.71006843518516,0.1044776119402985,0.13432835820895522,0.3582089552238806,1.65137748984706,Littorina littorea (Common periwinkle),coastal_estuarine,moderate,,missing,pending_biooracle,,missing,pending_biooracle,,missing,pending_biooracle,1.4,obis_aggregate,obis:depth_median,,missing,pending_obis,,missing,pending_obis,new_candidate,22.0,habitat_default,habitat_default:coastal_estuarine,32.0,habitat_default,habitat_default:coastal_estuarine,8.1,habitat_default,habitat_default:coastal_estuarine,1.4,obis_aggregate,obis:depth_median_m,6.5,habitat_default,habitat_default:coastal_estuarine
A0A220T7H0,0.031746031746031744,0.0,0.0,0.2857142857142857,0.2222222222222222,0.13860275469990227,0.1111111111111111,0.015873015873015872,0.3333333333333333,0.3888888888888889,0.0,0.27358490566037735,0.11320754716981132,0.29245283018867924,0.2777777777777778,0.3819568606504779,6.0,3.3529411764705883,2.0,1.2806788857104259,0.2857142857142857,2.891518448021415,3.6663893867189623,0.14285714285714285,0.1111111111111111,0.14285714285714285,2.627010980940063,2.408773576918273,0.1111111111111111,1,12.832362853516369,164.66953640430677,18,0.07936507936507936,0.06349206349206349,2.385381019608935,3.02461693078926,0.015873015873015872,0.23809523809523808,0.14285714285714285,0.031746031746031744,10.120314568074953,102.42076695679012,0.1111111111111111,0.1111111111111111,0.3492063492063492,1.60777488098462,Littorina littorea (Common periwinkle),coastal_estuarine,moderate,,missing,pending_biooracle,,missing,pending_biooracle,,missing,pending_biooracle,1.4,obis_aggregate,obis:depth_median,,missing,pending_obis,,missing,pending_obis,new_candidate,22.0,habitat_default,habitat_default:coastal_estuarine,32.0,habitat_default,habitat_default:coastal_estuarine,8.1,habitat_default,habitat_default:coastal_estuarine,1.4,obis_aggregate,obis:depth_median_m,6.5,habitat_default,habitat_default:coastal_estuarine
A0A223FZ32,0.02040816326530612,0.02040816326530612,0.01020408163265306,0.15789473684210525,0.19387755102040816,0.09732001028248718,0.09183673469387756,0.030612244897959183,0.37037037037037035,0.3333333333333333,0.00625,0.25,0.11875,0.33125,0.2962962962962963,0.41035159284699524,6.0,3.3846153846153846,1.0,1.3888823142513684,0.2755102040816326,4.1424212918915995,5.08373295854461,0.12244897959183673,0.1326530612244898,0.11224489795918367,2.967953376776587,2.7748022118792264,0.09183673469387756,2,18.452067775458218,340.47880519010357,27,0.08163265306122448,0.030612244897959183,2.893574675322276,3.5511020990886735,0.02040816326530612,0.2653061224489796,0.11224489795918367,0.030612244897959183,15.0354550594584,226.0649088449932,0.09183673469387756,0.11224489795918367,0.32653061224489793,1.5061108198068944,Littorina littorea (Common periwinkle),coastal_estuarine,moderate,,missing,pending_biooracle,,missing,pending_biooracle,,missing,pending_biooracle,1.4,obis_aggregate,obis:depth_median,,missing,pending_obis,,missing,pending_obis,new_candidate,22.0,habitat_default,habitat_default:coastal_estuarine,32.0,habitat_default,habitat_default:coastal_estuarine,8.1,habitat_default,habitat_default:coastal_estuarine,1.4,obis_aggregate,obis:depth_median_m,6.5,habitat_default,habitat_default:coastal_estuarine
A0A223FZ33,0.03,0.02,0.0,0.2,0.2,0.09193927793124296,0.1,0.02,0.37037037037037035,0.3333333333333333,0.00625,0.25,0.11875,0.325,0.2962962962962963,0.38618104882183923,6.0,3.4615384615384617,2.0,1.336780553614059,0.27,4.154679558473794,5.152911346465203,0.13,0.13,0.11,2.9999661400168613,2.796531179657364,0.09,1,19.084856838760007,364.2317605559646,27,0.08,0.04,2.961364643804297,3.672882411101187,0.02,0.26,0.12,0.03,15.38770206842146,236.78137494650207,0.08,0.11,0.33,1.5382618697870916,Littorina littorea (Common periwinkle),coastal_estuarine,moderate,,missing,pending_biooracle,,missing,pending_biooracle,,missing,pending_biooracle,1.4,obis_aggregate,obis:depth_median,,missing,pending_obis,,missing,pending_obis,new_candidate,22.0,habitat_default,habitat_default:coastal_estuarine,32.0,habitat_default,habitat_default:coastal_estuarine,8.1,habitat_default,habitat_default:coastal_estuarine,1.4,obis_aggregate,obis:depth_median_m,6.5,habitat_default,habitat_default:coastal_estuarine
A0A223FZ35,0.0,0.0,0.016129032258064516,0.03225806451612903,0.25,0.09282498307376999,0.07258064516129033,0.024193548387096774,0.30303030303030304,0.3939393939393939,0.0,0.2639593908629442,0.07106598984771574,0.30456852791878175,0.30303030303030304,0.4651604766162404,8.0,3.5625,1.0,1.6571341979453564,0.2661290322580645,4.544683101118732,5.5402576892459825,0.14516129032258066,0.07258064516129033,0.10483870967741936,3.082732474740202,2.894639916701781,0.12903225806451613,2,20.81793798383339,433.38654189873296,33,0.12096774193548387,0.008064516129032258,2.972722572173435,3.6239378460568026,0.008064516129032258,0.25806451612903225,0.12903225806451613,0.024193548387096774,17.076991046627963,291.6236232066116,0.0967741935483871,0.0967741935483871,0.3064516129032258,1.486116032485078,Biomphalaria glabrata (Bloodfluke planorb) (Freshwater snail),coastal_estuarine,moderate,,missing,pending_biooracle,,missing,pending_biooracle,,missing,pending_biooracle,,missing,pending_obis,,missing,pending_obis,,missing,pending_obis,new_candidate,22.0,habitat_default,habitat_default:coastal_estuarine,32.0,habitat_default,habitat_default:coastal_estuarine,8.1,habitat_default,habitat_default:coastal_estuarine,30.0,habitat_default,habitat_default:coastal_estuarine,6.5,habitat_default,habitat_default:coastal_estuarine
A0A223FZ38,0.0,0.0,0.016260162601626018,0.03225806451612903,0.25203252032520324,0.08774781161846977,0.07317073170731707,0.024390243902439025,0.30303030303030304,0.42424242424242425,0.0,0.2639593908629442,0.07614213197969544,0.2893401015228426,0.2727272727272727,0.4695271998188428,8.0,3.53125,1.0,1.6580179243602886,0.2682926829268293,4.724525253704665,5.729769189961456,0.14634146341463414,0.07317073170731707,0.10569105691056911,3.1071131897661255,2.9236772610366786,0.13008130081300814,2,21.35641243531088,456.09635210710115,33,0.12195121951219512,0.008130081300813009,3.0654368680367883,3.717674216362034,0.008130081300813009,0.25203252032520324,0.13008130081300814,0.024390243902439025,17.60959412744466,310.09780533333344,0.0975609756097561,0.0975609756097561,0.3089430894308943,1.4708145116242584,Biomphalaria glabrata (Bloodfluke planorb) (Freshwater snail),coastal_estuarine,moderate,,missing,pending_biooracle,,missing,pending_biooracle,,missing,pending_biooracle,,missing,pending_obis,,missing,pending_obis,,missing,pending_obis,new_candidate,22.0,habitat_default,habitat_default:coastal_estuarine,32.0,habitat_default,habitat_default:coastal_estuarine,8.1,habitat_default,habitat_default:coastal_estuarine,30.0,habitat_default,habitat_default:coastal_estuarine,6.5,habitat_default,habitat_default:coastal_estuarine
A0A223FZ39,0.03529411764705882,0.0,0.0,0.0,0.2823529411764706,0.0954427530631814,0.08235294117647059,0.023529411764705882,0.34782608695652173,0.34782608695652173,0.0,0.3333333333333333,0.15555555555555556,0.21481481481481482,0.30434782608695654,0.3308503689053765,5.0,3.5,2.0,1.1579762911688178,0.27058823529411763,3.7305671202029185,4.729637331001042,0.09411764705882353,0.16470588235294117,0.08235294117647059,2.916640065236727,2.6937401988493996,0.10588235294117647,1,17.479094484134286,305.5187439852936,23,0.1411764705882353,0.0,2.874762889540197,3.6446431446075085,0.03529411764705882,0.18823529411764706,0.1411764705882353,0.047058823529411764,13.786878487706439,190.07801843478256,0.011764705882352941,0.03529411764705882,0.25882352941176473,1.6073333807934227,Pomacea bridgesi,coastal_estuarine,moderate,,missing,pending_biooracle,,missing,pending_biooracle,,missing,pending_biooracle,,missing,pending_obis,,missing,pending_obis,,missing,pending_obis,new_candidate,22.0,habitat_default,habitat_default:coastal_estuarine,32.0,habitat_default,habitat_default:coastal_estuarine,8.1,habitat_default,habitat_default:coastal_estuarine,30.0,habitat_default,habitat_default:coastal_estuarine,6.5,habitat_default,habitat_default:coastal_estuarine
A0A223FZ40,0.015151515151515152,0.0,0.0,0.09090909090909091,0.16666666666666666,0.30243389096158874,0.10606060606060606,0.015151515151515152,0.2777777777777778,0.5,0.0,0.18518518518518517,0.16666666666666666,0.3148148148148148,0.2222222222222222,0.4041111049253249,6.0,3.235294117647059,2.0,1.307418280640757,0.2727272727272727,1.8349192542591772,2.4125828120895627,0.09090909090909091,0.16666666666666666,0.06060606060606061,2.2870791932503822,2.0448549190539973,0.07575757575757576,1,8.84613697766173,78.25413942755422,18,0.07575757575757576,0.015151515151515152,1.5858135915311888,2.085054481403227,0.030303030303030304,0.25757575757575757,0.09090909090909091,0.030303030303030304,6.728037265616984,45.26648544753086,0.15151515151515152,0.12121212121212122,0.3333333333333333,1.7287434324509223,Elysia crispata (lettuce slug),coastal_estuarine,moderate,28.1247,biooracle_sampled,biooracle:BO22_tempmean_ss,8.0618,biooracle_sampled,biooracle:BO22_phmean_ss,35.8186,biooracle_sampled,biooracle:BO22_salinitymean_ss,2.0,obis_aggregate,obis:depth_median,,missing,pending_obis,,missing,pending_obis,new_candidate,28.1247,biooracle_sampled,biooracle:sst_mean_c,35.8186,biooracle_sampled,biooracle:salinity_mean_psu,8.0618,biooracle_sampled,biooracle:ph_mean,2411.3057,biooracle_sampled,biooracle:depth_mean_m,4.523,biooracle_sampled,biooracle:do_mean_mlL
A0A223FZ42,0.011494252873563218,0.0,0.011494252873563218,0.15384615384615385,0.2988505747126437,0.15912572060095784,0.08045977011494253,0.011494252873563218,0.4090909090909091,0.4090909090909091,0.0,0.3769230769230769,0.11538461538461539,0.24615384615384617,0.18181818181818182,0.42763345328724034,7.0,3.4285714285714284,1.0,1.4661718398419668,0.25287356321839083,2.6097873405461383,3.3875368929768412,0.08045977011494253,0.11494252873563218,0.14942528735632185,2.6669621032786806,2.4266172435189572,0.16091954022988506,2,13.396168622226599,179.45733375512847,22,0.12643678160919541,0.04597701149425287,2.2003428253182222,2.8560727466792617,0.022988505747126436,0.20689655172413793,0.1724137931034483,0.022988505747126436,10.320522664887001,106.51318807644628,0.08045977011494253,0.12643678160919541,0.3103448275862069,1.6848367511667095,Pomacea bridgesi,coastal_estuarine,moderate,,missing,pending_biooracle,,missing,pending_biooracle,,missing,pending_biooracle,,missing,pending_obis,,missing,pending_obis,,missing,pending_obis,new_candidate,22.0,habitat_default,habitat_default:coastal_estuarine,32.0,habitat_default,habitat_default:coastal_estuarine,8.1,habitat_default,habitat_default:coastal_estuarine,30.0,habitat_default,habitat_default:coastal_estuarine,6.5,habitat_default,habitat_default:coastal_estuarine
A0A223FZ44,0.020202020202020204,0.020202020202020204,0.0,0.2,0.20202020202020202,0.10219621095923563,0.10101010101010101,0.030303030303030304,0.3333333333333333,0.37037037037037035,0.00625,0.25,0.11875,0.33125,0.2962962962962963,0.3900349428698828,6.0,3.423076923076923,2.0,1.3351196121315216,0.2727272727272727,4.002710272548681,4.909439961933867,0.12121212121212122,0.13131313131313133,0.13131313131313133,2.944506337972742,2.7521694310537566,0.10101010101010101,1,18.00127986042418,324.0460766133132,27,0.08080808080808081,0.04040404040404041,2.8245138207538525,3.46434792439123,0.020202020202020204,0.26262626262626265,0.12121212121212122,0.030303030303030304,14.676604332678497,215.40271473799723,0.09090909090909091,0.1111111111111111,0.32323232323232326,1.5043732248568134,Littorina littorea (Common periwinkle),coastal_estuarine,moderate,,missing,pending_biooracle,,missing,pending_biooracle,,missing,pending_biooracle,1.4,obis_aggregate,obis:depth_median,,missing,pending_obis,,missing,pending_obis,new_candidate,22.0,habitat_default,habitat_default:coastal_estuarine,32.0,habitat_default,habitat_default:coastal_estuarine,8.1,habitat_default,habitat_default:coastal_estuarine,1.4,obis_aggregate,obis:depth_median_m,6.5,habitat_default,habitat_default:coastal_estuarine
A0A223FZ45,0.020833333333333332,0.020833333333333332,0.0,0.2,0.20833333333333334,0.09921455638612131,0.09375,0.020833333333333332,0.34615384615384615,0.34615384615384615,0.006493506493506494,0.2532467532467532,0.12337662337662338,0.3246753246753247,0.3076923076923077,0.38225952065094,6.0,3.48,2.0,1.3302631318652711,0.2708333333333333,3.9524237016138577,4.863385414413975,0.125,0.125,0.13541666666666666,2.942179342651687,2.746858293031888,0.10416666666666667,1,17.957115376297757,322.45799263766935,26,0.08333333333333333,0.041666666666666664,2.862033455221163,3.521680065829974,0.020833333333333332,0.2604166666666667,0.125,0.03125,14.59356443672809,212.97212296893488,0.08333333333333333,0.11458333333333333,0.3333333333333333,1.5140854499755567,Littorina littorea (Common periwinkle),coastal_estuarine,moderate,,missing,pending_biooracle,,missing,pending_biooracle,,missing,pending_biooracle,1.4,obis_aggregate,obis:depth_median,,missing,pending_obis,,missing,pending_obis,new_candidate,22.0,habitat_default,habitat_default:coastal_estuarine,32.0,habitat_default,habitat_default:coastal_estuarine,8.1,habitat_default,habitat_default:coastal_estuarine,1.4,obis_aggregate,obis:depth_median_m,6.5,habitat_default,habitat_default:coastal_estuarine
A0A223FZ46,0.020202020202020204,0.020202020202020204,0.010101010101010102,0.15789473684210525,0.1919191919191919,0.0998682475156162,0.09090909090909091,0.020202020202020204,0.37037037037037035,0.3333333333333333,0.00625,0.25,0.11875,0.325,0.2962962962962963,0.406518034047765,6.0,3.423076923076923,1.0,1.3915425011635032,0.2727272727272727,4.022074806160672,4.999692916554072,0.13131313131313133,0.13131313131313133,0.1111111111111111,2.961772480218414,2.75668845675566,0.09090909090909091,2,18.332207360698266,336.0698267156397,27,0.08080808080808081,0.030303030303030304,2.8381784102682706,3.5280349515130607,0.020202020202020204,0.26262626262626265,0.1111111111111111,0.030303030303030304,14.747607622589133,217.4919305898491,0.08080808080808081,0.1111111111111111,0.3333333333333333,1.5452059568564285,Littorina littorea (Common periwinkle),coastal_estuarine,moderate,,missing,pending_biooracle,,missing,pending_biooracle,,missing,pending_biooracle,1.4,obis_aggregate,obis:depth_median,,missing,pending_obis,,missing,pending_obis,new_candidate,22.0,habitat_default,habitat_default:coastal_estuarine,32.0,habitat_default,habitat_default:coastal_estuarine,8.1,habitat_default,habitat_default:coastal_estuarine,1.4,obis_aggregate,obis:depth_median_m,6.5,habitat_default,habitat_default:coastal_estuarine
A0A286MPP4,0.0,0.0,0.0392156862745098,0.2,0.19607843137254902,0.42519670666242676,0.09803921568627451,0.0196078431372549,0.3125,0.3125,0.0,0.2631578947368421,0.16842105263157894,0.23157894736842105,0.375,0.5051388811566562,5.0,2.933333333333333,1.0,1.4817407180595248,0.3137254901960784,1.6607786093843746,2.2300672567597633,0.09803921568627451,0.17647058823529413,0.09803921568627451,2.0928930852522005,1.8395541884895306,0.0784313725490196,2,7.108339380921746,50.52848875436295,16,0.11764705882352941,-0.0392156862745098,1.3234329543531735,1.7770848452304364,0.0392156862745098,0.21568627450980393,0.0784313725490196,0.0784313725490196,5.293731817412694,28.023596554687504,0.0784313725490196,0.11764705882352941,0.3333333333333333,1.8030693760437773,Apostichopus japonicus (Japanese spiky sea cucumber) (Stichopus japonicus),open_ocean,low,20.2724,biooracle_sampled,biooracle:BO22_tempmean_ss,8.119,biooracle_sampled,biooracle:BO22_phmean_ss,33.4931,biooracle_sampled,biooracle:BO22_salinitymean_ss,544.9,obis_aggregate,obis:depth_median,,missing,pending_obis,,missing,pending_obis,new_candidate,20.2724,biooracle_sampled,biooracle:sst_mean_c,33.4931,biooracle_sampled,biooracle:salinity_mean_psu,8.119,biooracle_sampled,biooracle:ph_mean,110.0833,biooracle_sampled,biooracle:depth_mean_m,5.0774,biooracle_sampled,biooracle:do_mean_mlL
A0A290Y5N7,0.0136986301369863,0.0,0.0,0.06666666666666667,0.2054794520547945,0.11765497359595575,0.1232876712328767,0.0136986301369863,0.3333333333333333,0.38095238095238093,0.0,0.24193548387096775,0.21774193548387097,0.20967741935483872,0.2857142857142857,0.41443114557954686,6.0,3.35,2.0,1.388344337691482,0.2876712328767123,3.436130252428336,4.29865167470636,0.136986301369863,0.1917808219178082,0.136986301369863,2.7690155969787327,2.560682054572808,0.0958904109589041,1,14.942932012074488,223.2912171174805,21,0.0958904109589041,0.0136986301369863,2.6065348514786426,3.2608150976147674,0.0136986301369863,0.1780821917808219,0.1095890410958904,0.0547945205479452,11.944643258441358,142.67450257142858,0.0821917808219178,0.0684931506849315,0.3150684931506849,1.565039394517545,Mytilus coruscus (Sea mussel),coastal_estuarine,moderate,19.1584,biooracle_sampled,biooracle:BO22_tempmean_ss,8.1175,biooracle_sampled,biooracle:BO22_phmean_ss,32.8061,biooracle_sampled,biooracle:BO22_salinitymean_ss,-0.7,obis_aggregate,obis:depth_median,,missing,pending_obis,,missing,pending_obis,new_candidate,19.1584,biooracle_sampled,biooracle:sst_mean_c,32.8061,biooracle_sampled,biooracle:salinity_mean_psu,8.1175,biooracle_sampled,biooracle:ph_mean,146.7778,biooracle_sampled,biooracle:depth_mean_m,5.3639,biooracle_sampled,biooracle:do_mean_mlL
A0A2G8LCH4,0.024691358024691357,0.04938271604938271,0.024691358024691357,0.0,0.1728395061728395,0.3606369459630149,0.037037037037037035,0.012345679012345678,0.0,0.18181818181818182,0.015151515151515152,0.3333333333333333,0.18181818181818182,0.12121212121212122,0.8181818181818182,0.5441287530365345,5.0,2.9,1.0,1.57797338380595,0.13580246913580246,0.6307080565875259,0.891886155376799,0.06172839506172839,0.2962962962962963,0.06172839506172839,2.02386610858226,1.7306470332991144,0.06172839506172839,2,6.56752532595643,43.13238890707911,11,0.08641975308641975,0.0,1.4003105789451262,1.9801833915776383,0.012345679012345678,0.2839506172839506,0.08641975308641975,0.07407407407407407,4.644304780326328,21.56956689256198,0.024691358024691357,0.09876543209876543,0.2962962962962963,1.9996872965471002,Apostichopus japonicus (Japanese spiky sea cucumber) (Stichopus japonicus),open_ocean,low,20.2724,biooracle_sampled,biooracle:BO22_tempmean_ss,8.119,biooracle_sampled,biooracle:BO22_phmean_ss,33.4931,biooracle_sampled,biooracle:BO22_salinitymean_ss,544.9,obis_aggregate,obis:depth_median,,missing,pending_obis,,missing,pending_obis,new_candidate,20.2724,biooracle_sampled,biooracle:sst_mean_c,33.4931,biooracle_sampled,biooracle:salinity_mean_psu,8.119,biooracle_sampled,biooracle:ph_mean,110.0833,biooracle_sampled,biooracle:depth_mean_m,5.0774,biooracle_sampled,biooracle:do_mean_mlL
A0A2I6AY75,0.0136986301369863,0.0,0.0,0.14285714285714285,0.1917808219178082,0.18494600282613252,0.1232876712328767,0.0136986301369863,0.3333333333333333,0.38095238095238093,0.0,0.22580645161290322,0.21774193548387097,0.20967741935483872,0.2857142857142857,0.41443114557954686,6.0,3.35,2.0,1.388344337691482,0.2876712328767123,2.7264808586154277,3.4463926976190113,0.1506849315068493,0.1917808219178082,0.136986301369863,2.563434169580505,2.3492555640323487,0.0958904109589041,1,11.980317472675612,143.52800674609657,21,0.0821917808219178,0.0273972602739726,2.0682182739866155,2.6143196032446685,0.0136986301369863,0.1780821917808219,0.1095890410958904,0.0547945205479452,9.477766794234583,89.82806340589568,0.0821917808219178,0.0684931506849315,0.3287671232876712,1.5978080936416623,Mytilus coruscus (Sea mussel),coastal_estuarine,moderate,19.1584,biooracle_sampled,biooracle:BO22_tempmean_ss,8.1175,biooracle_sampled,biooracle:BO22_phmean_ss,32.8061,biooracle_sampled,biooracle:BO22_salinitymean_ss,-0.7,obis_aggregate,obis:depth_median,,missing,pending_obis,,missing,pending_obis,new_candidate,19.1584,biooracle_sampled,biooracle:sst_mean_c,32.8061,biooracle_sampled,biooracle:salinity_mean_psu,8.1175,biooracle_sampled,biooracle:ph_mean,146.7778,biooracle_sampled,biooracle:depth_mean_m,5.3639,biooracle_sampled,biooracle:do_mean_mlL
A0A2P6TKK5,0.0,0.0,0.03571428571428571,0.14285714285714285,0.25,0.28866252395365194,0.10714285714285714,0.07142857142857142,0.3333333333333333,0.3333333333333333,0.0,0.2803738317757009,0.205607476635514,0.08411214953271028,0.3333333333333333,0.42801869118065383,5.0,2.9411764705882355,1.0,1.2588785034725114,0.32142857142857145,2.1940569648310118,2.936318474695016,0.16071428571428573,0.21428571428571427,0.14285714285714285,2.316015799158587,2.0574457739245755,0.14285714285714285,2,9.135213032384494,83.45211714704749,18,0.10714285714285714,0.03571428571428571,1.6088930232579377,2.1531903609276,0.07142857142857142,0.05357142857142857,0.14285714285714285,0.08928571428571429,6.82595500169648,46.59366168518519,0.0,0.0,0.3392857142857143,1.7910615763770659,Chlorella sorokiniana (Freshwater green alga),coastal_estuarine,moderate,,missing,pending_biooracle,,missing,pending_biooracle,,missing,pending_biooracle,12.0,obis_aggregate,obis:depth_median,,missing,pending_obis,,missing,pending_obis,new_candidate,22.0,habitat_default,habitat_default:coastal_estuarine,32.0,habitat_default,habitat_default:coastal_estuarine,8.1,habitat_default,habitat_default:coastal_estuarine,12.0,obis_aggregate,obis:depth_median_m,6.5,habitat_default,habitat_default:coastal_estuarine
A0A2P6VA05,0.0,0.0,0.03389830508474576,0.0,0.23728813559322035,0.16081847171708819,0.1016949152542373,0.06779661016949153,0.3333333333333333,0.3888888888888889,0.0,0.26851851851851855,0.12037037037037036,0.2222222222222222,0.2777777777777778,0.41019900494370987,5.0,2.8823529411764706,1.0,1.1823383083671637,0.3050847457627119,2.8695438209416686,3.6304854463719454,0.11864406779661017,0.15254237288135594,0.03389830508474576,2.55722146008412,2.3423563246459507,0.11864406779661017,2,11.899924518663598,141.60820354989107,18,0.11864406779661017,0.0,2.2169511071720147,2.804839107585031,0.06779661016949153,0.1864406779661017,0.11864406779661017,0.0847457627118644,9.405726968642135,88.46769980864197,0.01694915254237288,0.05084745762711865,0.288135593220339,1.6006769007919663,Micractinium conductrix,coastal_estuarine,moderate,13.6087,biooracle_sampled,biooracle:BO22_tempmean_ss,8.077,biooracle_sampled,biooracle:BO22_phmean_ss,32.3565,biooracle_sampled,biooracle:BO22_salinitymean_ss,4.0,obis_aggregate,obis:depth_median,,missing,pending_obis,,missing,pending_obis,new_candidate,13.6087,biooracle_sampled,biooracle:sst_mean_c,32.3565,biooracle_sampled,biooracle:salinity_mean_psu,8.077,biooracle_sampled,biooracle:ph_mean,0.0,biooracle_sampled,biooracle:depth_mean_m,6.0034,biooracle_sampled,biooracle:do_mean_mlL
A0A2S1FWJ4,0.015873015873015872,0.0,0.0,0.1111111111111111,0.14285714285714285,0.2974641414436301,0.1111111111111111,0.015873015873015872,0.3333333333333333,0.3888888888888889,0.0,0.16981132075471697,0.08490566037735849,0.37735849056603776,0.2777777777777778,0.3863090652282846,6.0,3.2941176470588234,2.0,1.2725475089872904,0.2857142857142857,1.940009503915753,2.5462318060428633,0.15873015873015872,0.07936507936507936,0.09523809523809523,2.293727108749179,2.0528451299255472,0.047619047619047616,1,8.911811321150022,79.42038102377771,18,0.07936507936507936,-0.015873015873015872,1.6004261884160425,2.1005340726134087,0.015873015873015872,0.3333333333333333,0.06349206349206349,0.015873015873015872,6.790033263705136,46.104551722222226,0.06349206349206349,0.07936507936507936,0.30158730158730157,1.7226147540113133,Arion vulgaris,coastal_estuarine,moderate,,missing,pending_biooracle,,missing,pending_biooracle,,missing,pending_biooracle,,missing,pending_obis,,missing,pending_obis,,missing,pending_obis,new_candidate,22.0,habitat_default,habitat_default:coastal_estuarine,32.0,habitat_default,habitat_default:coastal_estuarine,8.1,habitat_default,habitat_default:coastal_estuarine,30.0,habitat_default,habitat_default:coastal_estuarine,6.5,habitat_default,habitat_default:coastal_estuarine
A0A2S1FWK7,0.0,0.0,0.0,0.16666666666666666,0.19047619047619047,0.25953584003383634,0.1111111111111111,0.015873015873015872,0.3333333333333333,0.3888888888888889,0.0,0.22641509433962265,0.05660377358490566,0.3867924528301887,0.2777777777777778,0.3863090652282846,6.0,3.2941176470588234,2.0,1.2725475089872904,0.2857142857142857,2.084189466598048,2.7164510308892864,0.12698412698412698,0.07936507936507936,0.1111111111111111,2.3520967690123826,2.1156123119790875,0.1111111111111111,1,9.507578608112503,90.39405098943848,18,0.07936507936507936,0.031746031746031744,1.7193685892938955,2.2409577688201696,0.015873015873015872,0.31746031746031744,0.1111111111111111,0.015873015873015872,7.294663133093168,53.21211022530864,0.09523809523809523,0.09523809523809523,0.2857142857142857,1.6987496005457314,Arion vulgaris,coastal_estuarine,moderate,,missing,pending_biooracle,,missing,pending_biooracle,,missing,pending_biooracle,,missing,pending_obis,,missing,pending_obis,,missing,pending_obis,new_candidate,22.0,habitat_default,habitat_default:coastal_estuarine,32.0,habitat_default,habitat_default:coastal_estuarine,8.1,habitat_default,habitat_default:coastal_estuarine,30.0,habitat_default,habitat_default:coastal_estuarine,6.5,habitat_default,habitat_default:coastal_estuarine
A0A2U3V5S3,0.0,0.0,0.04918032786885246,0.45454545454545453,0.18032786885245902,0.1478748070802976,0.11475409836065574,0.08196721311475409,0.3,0.4,0.0,0.19658119658119658,0.1794871794871795,0.2564102564102564,0.3,0.5478734244843404,7.0,2.8947368421052633,1.0,1.585949386665196,0.32786885245901637,3.4106549679891653,4.262833193157101,0.09836065573770492,0.18032786885245902,0.14754098360655737,2.6391745541105673,2.4338324237161246,0.13114754098360656,2,13.001641239129158,169.042674911024,20,0.04918032786885246,0.08196721311475409,2.3260691886474487,2.9072553629757394,0.03278688524590164,0.21311475409836064,0.13114754098360656,0.04918032786885246,10.402497652366955,108.21195740750002,0.16393442622950818,0.13114754098360656,0.36065573770491804,1.5621441378650074,Tursiops truncatus (Atlantic bottle-nosed dolphin) (Delphinus truncatus),open_ocean,low,17.335,biooracle_sampled,biooracle:BO22_tempmean_ss,8.0892,biooracle_sampled,biooracle:BO22_phmean_ss,36.0149,biooracle_sampled,biooracle:BO22_salinitymean_ss,0,obis_aggregate,obis:depth_median,,missing,pending_obis,,missing,pending_obis,new_candidate,17.335,biooracle_sampled,biooracle:sst_mean_c,36.0149,biooracle_sampled,biooracle:salinity_mean_psu,8.0892,biooracle_sampled,biooracle:ph_mean,3221.3889,biooracle_sampled,biooracle:depth_mean_m,5.473,biooracle_sampled,biooracle:do_mean_mlL
A0A2U3V5S6,0.0,0.0,0.04838709677419355,0.5,0.1935483870967742,0.15030732363908586,0.11290322580645161,0.08064516129032258,0.3,0.45,0.0,0.20512820512820512,0.17094017094017094,0.2222222222222222,0.25,0.5478734244843404,7.0,2.8947368421052633,1.0,1.585949386665196,0.3225806451612903,3.3203110369593394,4.17011178665981,0.11290322580645161,0.16129032258064516,0.12903225806451613,2.6338542842662664,2.424179895921667,0.14516129032258066,2,12.92734653864541,167.11628853022745,20,0.04838709677419355,0.0967741935483871,2.301576767376009,2.8906425629107746,0.04838709677419355,0.1935483870967742,0.14516129032258066,0.06451612903225806,10.292964214573953,105.9451123225,0.11290322580645161,0.0967741935483871,0.3225806451612903,1.5773855430113721,Tursiops truncatus (Atlantic bottle-nosed dolphin) (Delphinus truncatus),open_ocean,low,17.335,biooracle_sampled,biooracle:BO22_tempmean_ss,8.0892,biooracle_sampled,biooracle:BO22_phmean_ss,36.0149,biooracle_sampled,biooracle:BO22_salinitymean_ss,0,obis_aggregate,obis:depth_median,,missing,pending_obis,,missing,pending_obis,new_candidate,17.335,biooracle_sampled,biooracle:sst_mean_c,36.0149,biooracle_sampled,biooracle:salinity_mean_psu,8.0892,biooracle_sampled,biooracle:ph_mean,3221.3889,biooracle_sampled,biooracle:depth_mean_m,5.473,biooracle_sampled,biooracle:do_mean_mlL
A0A2V0NU85,0.05405405405405406,0.013513513513513514,0.0,0.06666666666666667,0.20270270270270271,0.10353687918460235,0.08108108108108109,0.05405405405405406,0.3333333333333333,0.2222222222222222,0.009345794392523364,0.22429906542056074,0.2616822429906542,0.14953271028037382,0.4444444444444444,0.678669076926547,13.0,3.823529411764706,2.0,2.594911176483856,0.24324324324324326,2.899074070620942,3.5481313917398083,0.12162162162162163,0.28378378378378377,0.04054054054054054,2.746421989165638,2.558653861087435,0.05405405405405406,1,14.586762388263656,212.77363697166325,18,0.0945945945945946,0.013513513513513514,2.8091975028308065,3.438132866766037,0.06756756756756757,0.12162162162162163,0.10810810810810811,0.08108108108108109,11.918415623663872,142.0486309783951,0.0,0.04054054054054054,0.40540540540540543,1.4978929082676273,Raphidocelis subcapitata,coastal_estuarine,moderate,14.5597,biooracle_sampled,biooracle:BO22_tempmean_ss,8.2689,biooracle_sampled,biooracle:BO22_phmean_ss,16.2895,biooracle_sampled,biooracle:BO22_salinitymean_ss,4.2,obis_aggregate,obis:depth_median,,missing,pending_obis,,missing,pending_obis,new_candidate,14.5597,biooracle_sampled,biooracle:sst_mean_c,16.2895,biooracle_sampled,biooracle:salinity_mean_psu,8.2689,biooracle_sampled,biooracle:ph_mean,27.7778,biooracle_sampled,biooracle:depth_mean_m,6.7123,biooracle_sampled,biooracle:do_mean_mlL
A0A2Y9LPG7,0.0,0.0,0.04918032786885246,0.45454545454545453,0.18032786885245902,0.16871217237196187,0.11475409836065574,0.08196721311475409,0.3,0.4,0.0,0.19658119658119658,0.1623931623931624,0.27350427350427353,0.3,0.5478734244843404,7.0,2.8947368421052633,1.0,1.585949386665196,0.32786885245901637,3.1742439006005605,4.01461225225265,0.09836065573770492,0.16393442622950818,0.14754098360655737,2.5835874584963827,2.3685080207264053,0.13114754098360656,2,12.244567369370584,149.92943006305487,20,0.04918032786885246,0.08196721311475409,2.1648366673666164,2.73796849929884,0.01639344262295082,0.22950819672131148,0.13114754098360656,0.04918032786885246,9.681443896831711,93.73035592749999,0.16393442622950818,0.13114754098360656,0.36065573770491804,1.5995824253460065,Delphinapterus leucas (Beluga whale),open_ocean,low,,missing,pending_biooracle,,missing,pending_biooracle,,missing,pending_biooracle,0.0,obis_aggregate,obis:depth_median,,missing,pending_obis,,missing,pending_obis,new_candidate,15.0,habitat_default,habitat_default:open_ocean,35.0,habitat_default,habitat_default:open_ocean,8.1,habitat_default,habitat_default:open_ocean,0.0,obis_aggregate,obis:depth_median_m,7.0,habitat_default,habitat_default:open_ocean
A0A2Y9LX50,0.0,0.0,0.04838709677419355,0.3333333333333333,0.1935483870967742,0.15698262573870017,0.11290322580645161,0.08064516129032258,0.3,0.45,0.0,0.20512820512820512,0.17094017094017094,0.2222222222222222,0.25,0.5478734244843404,7.0,2.8947368421052633,1.0,1.585949386665196,0.3225806451612903,3.250507525648511,4.078531709514065,0.11290322580645161,0.16129032258064516,0.11290322580645161,2.6132594283455512,2.40483236719678,0.12903225806451613,2,12.643448299493603,159.85678490196767,20,0.06451612903225806,0.06451612903225806,2.2531902945046607,2.8271609867671814,0.04838709677419355,0.1935483870967742,0.12903225806451613,0.06451612903225806,10.076573329510385,101.537330065,0.08064516129032258,0.08064516129032258,0.2903225806451613,1.5743646676511385,Delphinapterus leucas (Beluga whale),open_ocean,low,,missing,pending_biooracle,,missing,pending_biooracle,,missing,pending_biooracle,0.0,obis_aggregate,obis:depth_median,,missing,pending_obis,,missing,pending_obis,new_candidate,15.0,habitat_default,habitat_default:open_ocean,35.0,habitat_default,habitat_default:open_ocean,8.1,habitat_default,habitat_default:open_ocean,0.0,obis_aggregate,obis:depth_median_m,7.0,habitat_default,habitat_default:open_ocean
A0A2Y9M2K7,0.01639344262295082,0.0,0.04918032786885246,0.5555555555555556,0.14754098360655737,0.16792544953854954,0.11475409836065574,0.08196721311475409,0.3,0.4,0.0,0.15384615384615385,0.20512820512820512,0.2564102564102564,0.3,0.5478734244843404,7.0,2.8947368421052633,1.0,1.585949386665196,0.32786885245901637,3.1822231107142502,4.023306991553561,0.11475409836065574,0.19672131147540983,0.08196721311475409,2.5855877081614347,2.370783828088136,0.09836065573770492,2,12.271086324238363,150.5795595769098,20,0.03278688524590164,0.08196721311475409,2.1702784945140103,2.7438983178765004,0.03278688524590164,0.21311475409836064,0.11475409836065574,0.04918032786885246,9.705780487678464,94.202174875,0.16393442622950818,0.13114754098360656,0.39344262295081966,1.5984722197414103,Delphinapterus leucas (Beluga whale),open_ocean,low,,missing,pending_biooracle,,missing,pending_biooracle,,missing,pending_biooracle,0.0,obis_aggregate,obis:depth_median,,missing,pending_obis,,missing,pending_obis,new_candidate,15.0,habitat_default,habitat_default:open_ocean,35.0,habitat_default,habitat_default:open_ocean,8.1,habitat_default,habitat_default:open_ocean,0.0,obis_aggregate,obis:depth_median_m,7.0,habitat_default,habitat_default:open_ocean
A0A2Y9MKN7,0.01639344262295082,0.0,0.04918032786885246,0.6,0.16393442622950818,0.15685068754607873,0.11475409836065574,0.08196721311475409,0.3,0.4,0.0,0.17094017094017094,0.20512820512820512,0.23931623931623933,0.3,0.5478734244843404,7.0,2.8947368421052633,1.0,1.585949386665196,0.32786885245901637,3.3194242805269876,4.129344570725337,0.11475409836065574,0.19672131147540983,0.09836065573770492,2.6096653683788116,2.4091268756858244,0.11475409836065574,2,12.59450094071228,158.6214539456025,20,0.03278688524590164,0.09836065573770492,2.263849792913611,2.8162160246117707,0.03278688524590164,0.19672131147540983,0.13114754098360656,0.04918032786885246,10.124244055607313,102.50031769750002,0.16393442622950818,0.13114754098360656,0.39344262295081966,1.5475215834328215,Delphinapterus leucas (Beluga whale),open_ocean,low,,missing,pending_biooracle,,missing,pending_biooracle,,missing,pending_biooracle,0.0,obis_aggregate,obis:depth_median,,missing,pending_obis,,missing,pending_obis,new_candidate,15.0,habitat_default,habitat_default:open_ocean,35.0,habitat_default,habitat_default:open_ocean,8.1,habitat_default,habitat_default:open_ocean,0.0,obis_aggregate,obis:depth_median_m,7.0,habitat_default,habitat_default:open_ocean
A0A2Y9SVU7,0.0,0.0,0.04918032786885246,0.3333333333333333,0.19672131147540983,0.1877517560662855,0.11475409836065574,0.08196721311475409,0.3,0.4,0.0,0.21367521367521367,0.2222222222222222,0.21367521367521367,0.3,0.5478734244843404,7.0,2.8947368421052633,1.0,1.585949386665196,0.32786885245901637,2.9983109007335567,3.81917576290669,0.08196721311475409,0.21311475409836064,0.14754098360655737,2.53753753029343,2.316966014786142,0.13114754098360656,2,11.648486076865405,135.6872278829272,20,0.06557377049180328,0.06557377049180328,2.0448502324742512,2.6046806702830883,0.04918032786885246,0.18032786885245902,0.13114754098360656,0.04918032786885246,9.144848247237348,83.62824946500001,0.13114754098360656,0.11475409836065574,0.3442622950819672,1.622504700875209,Physeter macrocephalus (Sperm whale) (Physeter catodon),open_ocean,low,,missing,pending_biooracle,,missing,pending_biooracle,,missing,pending_biooracle,0.0,obis_aggregate,obis:depth_median,,missing,pending_obis,,missing,pending_obis,new_candidate,15.0,habitat_default,habitat_default:open_ocean,35.0,habitat_default,habitat_default:open_ocean,8.1,habitat_default,habitat_default:open_ocean,0.0,obis_aggregate,obis:depth_median_m,7.0,habitat_default,habitat_default:open_ocean
A0A2Z4NC35,0.03389830508474576,0.01694915254237288,0.03389830508474576,0.5555555555555556,0.15254237288135594,0.18725428087911217,0.03389830508474576,0.01694915254237288,0.42857142857142855,0.42857142857142855,0.0,0.18292682926829268,0.2804878048780488,0.2682926829268293,0.14285714285714285,0.6722522420364822,12.0,4.0,1.0,2.6890089681459286,0.23728813559322035,1.7664526965852203,2.38312222365759,0.1016949152542373,0.288135593220339,0.03389830508474576,2.4018110454671953,2.1334959638895876,0.0847457627118644,2,10.043157942556986,100.86502145914548,14,0.03389830508474576,0.0847457627118644,1.9895825819047215,2.684146864450409,0.0,0.22033898305084745,0.11864406779661017,0.01694915254237288,7.444336364180571,55.4181439030612,0.01694915254237288,0.03389830508474576,0.288135593220339,1.8200721705075704,Arbacia lixula (Black urchin) (Echinus lixula),open_ocean,low,,missing,pending_biooracle,,missing,pending_biooracle,,missing,pending_biooracle,10.0,obis_aggregate,obis:depth_median,,missing,pending_obis,,missing,pending_obis,new_candidate,15.0,habitat_default,habitat_default:open_ocean,35.0,habitat_default,habitat_default:open_ocean,8.1,habitat_default,habitat_default:open_ocean,10.0,obis_aggregate,obis:depth_median_m,7.0,habitat_default,habitat_default:open_ocean
A0A340WTG0,0.01639344262295082,0.03278688524590164,0.04918032786885246,0.6,0.16393442622950818,0.13072201936334552,0.09836065573770492,0.08196721311475409,0.2631578947368421,0.42105263157894735,0.036036036036036036,0.17117117117117117,0.18018018018018017,0.2972972972972973,0.3157894736842105,0.6311474530076284,9.0,3.0555555555555554,1.0,1.928506106412198,0.3114754098360656,3.3240130577131244,4.242185581782661,0.09836065573770492,0.18032786885245902,0.08196721311475409,2.6823664079843623,2.457178365932449,0.11475409836065574,2,13.619648446775912,185.49482381376552,19,0.03278688524590164,0.09836065573770492,2.448286031413988,3.1245616434761523,0.03278688524590164,0.22950819672131148,0.13114754098360656,0.04918032786885246,10.67183139581582,113.88798534072023,0.18032786885245902,0.13114754098360656,0.3442622950819672,1.6287479601892871,Lipotes vexillifer (Yangtze river dolphin),open_ocean,low,,missing,pending_biooracle,,missing,pending_biooracle,,missing,pending_biooracle,10.0,obis_aggregate,obis:depth_median,,missing,pending_obis,,missing,pending_obis,new_candidate,15.0,habitat_default,habitat_default:open_ocean,35.0,habitat_default,habitat_default:open_ocean,8.1,habitat_default,habitat_default:open_ocean,10.0,obis_aggregate,obis:depth_median_m,7.0,habitat_default,habitat_default:open_ocean
A0A340XCV9,0.0,0.01639344262295082,0.04918032786885246,0.2727272727272727,0.18032786885245902,0.2229838104427812,0.09836065573770492,0.04918032786885246,0.2777777777777778,0.3888888888888889,0.009523809523809525,0.19047619047619047,0.19047619047619047,0.26666666666666666,0.3333333333333333,0.6749349524825666,9.0,3.235294117647059,1.0,2.183613081561245,0.29508196721311475,2.3049201134472805,3.0494999809365697,0.09836065573770492,0.21311475409836064,0.13114754098360656,2.427843813915287,2.176014351558261,0.11475409836065574,2,10.33441660206282,106.80016650499165,18,0.06557377049180328,0.04918032786885246,1.841098207055966,2.435845352975153,0.03278688524590164,0.19672131147540983,0.11475409836065574,0.04918032786885246,7.811118162238007,61.013566944444456,0.14754098360655737,0.13114754098360656,0.3770491803278688,1.7504330897788343,Lipotes vexillifer (Yangtze river dolphin),open_ocean,low,,missing,pending_biooracle,,missing,pending_biooracle,,missing,pending_biooracle,10.0,obis_aggregate,obis:depth_median,,missing,pending_obis,,missing,pending_obis,new_candidate,15.0,habitat_default,habitat_default:open_ocean,35.0,habitat_default,habitat_default:open_ocean,8.1,habitat_default,habitat_default:open_ocean,10.0,obis_aggregate,obis:depth_median_m,7.0,habitat_default,habitat_default:open_ocean
A0A340XDF9,0.01639344262295082,0.0,0.04918032786885246,0.6,0.16393442622950818,0.17052899056238052,0.11475409836065574,0.08196721311475409,0.3,0.4,0.0,0.17094017094017094,0.20512820512820512,0.2564102564102564,0.3,0.5478734244843404,7.0,2.8947368421052633,1.0,1.585949386665196,0.32786885245901637,3.1705040625663607,3.9765255907174373,0.09836065573770492,0.19672131147540983,0.09836065573770492,2.5747780549990273,2.3674395696024986,0.11475409836065574,2,12.128403051688185,147.09816058419926,20,0.03278688524590164,0.09836065573770492,2.1622860950854768,2.711993368209068,0.03278688524590164,0.21311475409836064,0.13114754098360656,0.04918032786885246,9.670037390827401,93.50962314000002,0.19672131147540983,0.14754098360655737,0.39344262295081966,1.573080455729866,Lipotes vexillifer (Yangtze river dolphin),open_ocean,low,,missing,pending_biooracle,,missing,pending_biooracle,,missing,pending_biooracle,10.0,obis_aggregate,obis:depth_median,,missing,pending_obis,,missing,pending_obis,new_candidate,15.0,habitat_default,habitat_default:open_ocean,35.0,habitat_default,habitat_default:open_ocean,8.1,habitat_default,habitat_default:open_ocean,10.0,obis_aggregate,obis:depth_median_m,7.0,habitat_default,habitat_default:open_ocean
A0A340XDI0,0.0,0.0,0.04918032786885246,0.5,0.19672131147540983,0.15948899147440995,0.11475409836065574,0.08196721311475409,0.3,0.4,0.0,0.21367521367521367,0.1623931623931624,0.2564102564102564,0.3,0.5478734244843404,7.0,2.8947368421052633,1.0,1.585949386665196,0.32786885245901637,3.2630373895153113,4.1312126934466304,0.09836065573770492,0.16393442622950818,0.18032786885245902,2.6100844040332185,2.3935461963534737,0.14754098360655737,2,12.600198715012223,158.76500765779568,20,0.04918032786885246,0.09836065573770492,2.2253938919043073,2.817490085677283,0.01639344262295082,0.21311475409836064,0.14754098360655737,0.06557377049180328,9.952264038021701,99.0475594825,0.16393442622950818,0.13114754098360656,0.36065573770491804,1.6029169066588327,Lipotes vexillifer (Yangtze river dolphin),open_ocean,low,,missing,pending_biooracle,,missing,pending_biooracle,,missing,pending_biooracle,10.0,obis_aggregate,obis:depth_median,,missing,pending_obis,,missing,pending_obis,new_candidate,15.0,habitat_default,habitat_default:open_ocean,35.0,habitat_default,habitat_default:open_ocean,8.1,habitat_default,habitat_default:open_ocean,10.0,obis_aggregate,obis:depth_median_m,7.0,habitat_default,habitat_default:open_ocean
A0A340XHD9,0.01639344262295082,0.0,0.04918032786885246,0.5555555555555556,0.14754098360655737,0.16123336886866105,0.11475409836065574,0.08196721311475409,0.3,0.4,0.0,0.15384615384615385,0.18803418803418803,0.2905982905982906,0.3,0.5478734244843404,7.0,2.8947368421052633,1.0,1.585949386665196,0.32786885245901637,3.2648570985921204,4.084239596220038,0.09836065573770492,0.18032786885245902,0.08196721311475409,2.599494272098115,2.3940528228251066,0.09836065573770492,2,12.456930768471116,155.17512417048238,20,0.03278688524590164,0.08196721311475409,2.226634934828788,2.785454398931011,0.01639344262295082,0.2459016393442623,0.11475409836065574,0.03278688524590164,9.957814150705968,99.15806266000001,0.18032786885245902,0.14754098360655737,0.3770491803278688,1.5649269460069783,Lipotes vexillifer (Yangtze river dolphin),open_ocean,low,,missing,pending_biooracle,,missing,pending_biooracle,,missing,pending_biooracle,10.0,obis_aggregate,obis:depth_median,,missing,pending_obis,,missing,pending_obis,new_candidate,15.0,habitat_default,habitat_default:open_ocean,35.0,habitat_default,habitat_default:open_ocean,8.1,habitat_default,habitat_default:open_ocean,10.0,obis_aggregate,obis:depth_median_m,7.0,habitat_default,habitat_default:open_ocean
A0A340XKD5,0.016129032258064516,0.0,0.04838709677419355,0.3333333333333333,0.1935483870967742,0.1575867773356869,0.11290322580645161,0.08064516129032258,0.3,0.45,0.0,0.20512820512820512,0.18803418803418803,0.20512820512820512,0.25,0.5478734244843404,7.0,2.8947368421052633,1.0,1.585949386665196,0.3225806451612903,3.2470447193115706,4.067228422767116,0.11290322580645161,0.1774193548387097,0.11290322580645161,2.61068784513313,2.403862761852501,0.11290322580645161,2,12.608408110578058,158.97195508289056,20,0.06451612903225806,0.06451612903225806,2.2507899426923426,2.8193257623312222,0.04838709677419355,0.1774193548387097,0.12903225806451613,0.06451612903225806,10.065838629865869,101.3211073225,0.08064516129032258,0.08064516129032258,0.2903225806451613,1.5689914893733918,Lipotes vexillifer (Yangtze river dolphin),open_ocean,low,,missing,pending_biooracle,,missing,pending_biooracle,,missing,pending_biooracle,10.0,obis_aggregate,obis:depth_median,,missing,pending_obis,,missing,pending_obis,new_candidate,15.0,habitat_default,habitat_default:open_ocean,35.0,habitat_default,habitat_default:open_ocean,8.1,habitat_default,habitat_default:open_ocean,10.0,obis_aggregate,obis:depth_median_m,7.0,habitat_default,habitat_default:open_ocean
A0A341BYL2,0.01639344262295082,0.0,0.04918032786885246,0.5555555555555556,0.14754098360655737,0.16290339288906208,0.11475409836065574,0.08196721311475409,0.3,0.4,0.0,0.15384615384615385,0.20512820512820512,0.2564102564102564,0.3,0.5478734244843404,7.0,2.8947368421052633,1.0,1.585949386665196,0.32786885245901637,3.2476497671306186,4.063787586015995,0.11475409836065574,0.19672131147540983,0.08196721311475409,2.5948480673759273,2.389251824660567,0.09836065573770492,2,12.394552137348786,153.62492268545736,20,0.03278688524590164,0.08196721311475409,2.214899522156705,2.771506112977719,0.06557377049180328,0.21311475409836064,0.11475409836065574,0.06557377049180328,9.905331789748388,98.115597865,0.18032786885245902,0.14754098360655737,0.4098360655737705,1.5657543349716339,Neophocaena asiaeorientalis asiaeorientalis (Yangtze finless porpoise) (Neophocaena phocaenoides subsp. asiaeorientalis),open_ocean,low,,missing,pending_biooracle,,missing,pending_biooracle,,missing,pending_biooracle,,missing,pending_obis,,missing,pending_obis,,missing,pending_obis,new_candidate,15.0,habitat_default,habitat_default:open_ocean,35.0,habitat_default,habitat_default:open_ocean,8.1,habitat_default,habitat_default:open_ocean,200.0,habitat_default,habitat_default:open_ocean,7.0,habitat_default,habitat_default:open_ocean
A0A341BZ53,0.0,0.0,0.04918032786885246,0.45454545454545453,0.18032786885245902,0.16871217237196187,0.11475409836065574,0.08196721311475409,0.3,0.4,0.0,0.19658119658119658,0.1623931623931624,0.27350427350427353,0.3,0.5478734244843404,7.0,2.8947368421052633,1.0,1.585949386665196,0.32786885245901637,3.1742439006005605,4.01461225225265,0.09836065573770492,0.16393442622950818,0.14754098360655737,2.5835874584963827,2.3685080207264053,0.13114754098360656,2,12.244567369370584,149.92943006305487,20,0.04918032786885246,0.08196721311475409,2.1648366673666164,2.73796849929884,0.01639344262295082,0.22950819672131148,0.13114754098360656,0.04918032786885246,9.681443896831711,93.73035592749999,0.16393442622950818,0.13114754098360656,0.36065573770491804,1.5995824253460065,Neophocaena asiaeorientalis asiaeorientalis (Yangtze finless porpoise) (Neophocaena phocaenoides subsp. asiaeorientalis),open_ocean,low,,missing,pending_biooracle,,missing,pending_biooracle,,missing,pending_biooracle,,missing,pending_obis,,missing,pending_obis,,missing,pending_obis,new_candidate,15.0,habitat_default,habitat_default:open_ocean,35.0,habitat_default,habitat_default:open_ocean,8.1,habitat_default,habitat_default:open_ocean,200.0,habitat_default,habitat_default:open_ocean,7.0,habitat_default,habitat_default:open_ocean
A0A341BZ75,0.0,0.0,0.04838709677419355,0.3333333333333333,0.1935483870967742,0.15698262573870017,0.11290322580645161,0.08064516129032258,0.3,0.45,0.0,0.20512820512820512,0.17094017094017094,0.2222222222222222,0.25,0.5478734244843404,7.0,2.8947368421052633,1.0,1.585949386665196,0.3225806451612903,3.250507525648511,4.078531709514065,0.11290322580645161,0.16129032258064516,0.11290322580645161,2.6132594283455512,2.40483236719678,0.12903225806451613,2,12.643448299493603,159.85678490196767,20,0.06451612903225806,0.06451612903225806,2.2531902945046607,2.8271609867671814,0.04838709677419355,0.1935483870967742,0.12903225806451613,0.06451612903225806,10.076573329510385,101.537330065,0.08064516129032258,0.08064516129032258,0.2903225806451613,1.5743646676511385,Neophocaena asiaeorientalis asiaeorientalis (Yangtze finless porpoise) (Neophocaena phocaenoides subsp. asiaeorientalis),open_ocean,low,,missing,pending_biooracle,,missing,pending_biooracle,,missing,pending_biooracle,,missing,pending_obis,,missing,pending_obis,,missing,pending_obis,new_candidate,15.0,habitat_default,habitat_default:open_ocean,35.0,habitat_default,habitat_default:open_ocean,8.1,habitat_default,habitat_default:open_ocean,200.0,habitat_default,habitat_default:open_ocean,7.0,habitat_default,habitat_default:open_ocean
A0A341C2B9,0.02857142857142857,0.0,0.02857142857142857,0.5714285714285714,0.2,0.16275544704352962,0.08571428571428572,0.07142857142857142,0.25,0.4,0.0,0.2033898305084746,0.211864406779661,0.23728813559322035,0.35,0.5953924651018015,9.0,3.3684210526315788,1.0,2.005532514027121,0.2857142857142857,2.759150312087741,3.6356579249674845,0.1,0.22857142857142856,0.12857142857142856,2.619204614788571,2.3662194016084497,0.12857142857142856,2,12.724802737386197,161.92060470539124,20,0.04285714285714286,0.11428571428571428,2.1593766802887817,2.845352392107094,0.02857142857142857,0.18571428571428572,0.15714285714285714,0.05714285714285714,9.657026092307094,93.25815294750001,0.11428571428571428,0.11428571428571428,0.35714285714285715,1.736262188213667,Neophocaena asiaeorientalis asiaeorientalis (Yangtze finless porpoise) (Neophocaena phocaenoides subsp. asiaeorientalis),open_ocean,low,,missing,pending_biooracle,,missing,pending_biooracle,,missing,pending_biooracle,,missing,pending_obis,,missing,pending_obis,,missing,pending_obis,new_candidate,15.0,habitat_default,habitat_default:open_ocean,35.0,habitat_default,habitat_default:open_ocean,8.1,habitat_default,habitat_default:open_ocean,200.0,habitat_default,habitat_default:open_ocean,7.0,habitat_default,habitat_default:open_ocean
A0A383YXP3,0.01639344262295082,0.0,0.04918032786885246,0.5555555555555556,0.14754098360655737,0.15844801137667452,0.11475409836065574,0.08196721311475409,0.3,0.4,0.0,0.15384615384615385,0.18803418803418803,0.2905982905982906,0.3,0.5478734244843404,7.0,2.8947368421052633,1.0,1.585949386665196,0.32786885245901637,3.293621071796119,4.1197407905375965,0.09836065573770492,0.18032786885245902,0.08196721311475409,2.6075083835987893,2.402027113066605,0.09836065573770492,2,12.565209411139671,157.88448754579295,20,0.03278688524590164,0.08196721311475409,2.2462519856418606,2.8096662394828407,0.01639344262295082,0.2459016393442623,0.11475409836065574,0.03278688524590164,10.045544268978164,100.91295966000003,0.21311475409836064,0.16393442622950818,0.39344262295081966,1.5645610640867502,Balaenoptera acutorostrata (Common minke whale) (Balaena rostrata),open_ocean,low,20.0416,biooracle_sampled,biooracle:BO22_tempmean_ss,8.0564,biooracle_sampled,biooracle:BO22_phmean_ss,34.4957,biooracle_sampled,biooracle:BO22_salinitymean_ss,0.0,obis_aggregate,obis:depth_median,,missing,pending_obis,,missing,pending_obis,new_candidate,20.0416,biooracle_sampled,biooracle:sst_mean_c,34.4957,biooracle_sampled,biooracle:salinity_mean_psu,8.0564,biooracle_sampled,biooracle:ph_mean,4113.5278,biooracle_sampled,biooracle:depth_mean_m,5.175,biooracle_sampled,biooracle:do_mean_mlL
A0A383YXV6,0.0,0.0,0.04918032786885246,0.45454545454545453,0.18032786885245902,0.14781473587069735,0.11475409836065574,0.08196721311475409,0.3,0.4,0.0,0.19658119658119658,0.17094017094017094,0.26495726495726496,0.3,0.5478734244843404,7.0,2.8947368421052633,1.0,1.585949386665196,0.32786885245901637,3.388952295530485,4.291875642391724,0.09836065573770492,0.18032786885245902,0.14754098360655737,2.645480990038776,2.4280103634750394,0.13114754098360656,2,13.09022070929476,171.3538782180494,20,0.04918032786885246,0.08196721311475409,2.311267950119587,2.9270623346458597,0.01639344262295082,0.21311475409836064,0.13114754098360656,0.04918032786885246,10.33630450136798,106.83919074499997,0.16393442622950818,0.13114754098360656,0.36065573770491804,1.6038485224680414,Balaenoptera acutorostrata (Common minke whale) (Balaena rostrata),open_ocean,low,20.0416,biooracle_sampled,biooracle:BO22_tempmean_ss,8.0564,biooracle_sampled,biooracle:BO22_phmean_ss,34.4957,biooracle_sampled,biooracle:BO22_salinitymean_ss,0.0,obis_aggregate,obis:depth_median,,missing,pending_obis,,missing,pending_obis,new_candidate,20.0416,biooracle_sampled,biooracle:sst_mean_c,34.4957,biooracle_sampled,biooracle:salinity_mean_psu,8.0564,biooracle_sampled,biooracle:ph_mean,4113.5278,biooracle_sampled,biooracle:depth_mean_m,5.175,biooracle_sampled,biooracle:do_mean_mlL
A0A384BEF7,0.01639344262295082,0.0,0.04918032786885246,0.6,0.16393442622950818,0.17052899056238052,0.11475409836065574,0.08196721311475409,0.3,0.4,0.0,0.17094017094017094,0.20512820512820512,0.2564102564102564,0.3,0.5478734244843404,7.0,2.8947368421052633,1.0,1.585949386665196,0.32786885245901637,3.1705040625663607,3.9765255907174373,0.09836065573770492,0.19672131147540983,0.09836065573770492,2.5747780549990273,2.3674395696024986,0.11475409836065574,2,12.128403051688185,147.09816058419926,20,0.03278688524590164,0.09836065573770492,2.1622860950854768,2.711993368209068,0.03278688524590164,0.21311475409836064,0.13114754098360656,0.04918032786885246,9.670037390827401,93.50962314000002,0.19672131147540983,0.14754098360655737,0.39344262295081966,1.573080455729866,Balaenoptera acutorostrata (Common minke whale) (Balaena rostrata),open_ocean,low,20.0416,biooracle_sampled,biooracle:BO22_tempmean_ss,8.0564,biooracle_sampled,biooracle:BO22_phmean_ss,34.4957,biooracle_sampled,biooracle:BO22_salinitymean_ss,0.0,obis_aggregate,obis:depth_median,,missing,pending_obis,,missing,pending_obis,new_candidate,20.0416,biooracle_sampled,biooracle:sst_mean_c,34.4957,biooracle_sampled,biooracle:salinity_mean_psu,8.0564,biooracle_sampled,biooracle:ph_mean,4113.5278,biooracle_sampled,biooracle:depth_mean_m,5.175,biooracle_sampled,biooracle:do_mean_mlL
A0A386IP32,0.043010752688172046,0.07526881720430108,0.010752688172043012,0.5,0.17204301075268819,0.20198065790698902,0.021505376344086023,0.010752688172043012,0.5384615384615384,0.46153846153846156,0.0,0.21794871794871795,0.1794871794871795,0.3717948717948718,0.0,0.3815201907561792,6.0,3.8333333333333335,1.0,1.4624940645653537,0.13978494623655913,0.9799231827534152,1.283400916579363,0.07526881720430108,0.3010752688172043,0.053763440860215055,2.320548059633514,2.080718187920778,0.08602150537634409,2,9.181252710913904,84.29540134166392,13,0.043010752688172046,0.08602150537634409,1.9442851193686255,2.54642134016868,0.0,0.26881720430107525,0.12903225806451613,0.03225806451612903,7.010219692005202,49.143180130177505,0.010752688172043012,0.10752688172043011,0.3010752688172043,1.7153021257144974,Libyodrilus violaceus,coastal_estuarine,moderate,,missing,pending_biooracle,,missing,pending_biooracle,,missing,pending_biooracle,,missing,pending_obis,,missing,pending_obis,,missing,pending_obis,new_candidate,22.0,habitat_default,habitat_default:coastal_estuarine,32.0,habitat_default,habitat_default:coastal_estuarine,8.1,habitat_default,habitat_default:coastal_estuarine,30.0,habitat_default,habitat_default:coastal_estuarine,6.5,habitat_default,habitat_default:coastal_estuarine
A0A3B3CCH3,0.05,0.025,0.075,0.42857142857142855,0.175,0.4392785391026662,0.05,0.025,0.125,0.375,0.0,0.1875,0.1875,0.2916666666666667,0.5,1.0206207261596576,11.0,3.4285714285714284,1.0,3.499271061118826,0.2,0.712974449927906,1.021729717281425,0.075,0.3,0.0,1.809705568098698,1.5183905289104511,0.075,2,5.108648586407125,26.09829037939952,8,0.05,0.075,1.2603726708919272,1.8061800290737742,0.05,0.225,0.125,0.075,3.5648722496395298,12.708314156250001,0.075,0.125,0.3,2.05363906325563,Oryzias melastigma (Marine medaka),coastal_estuarine,moderate,28.384,biooracle_sampled,biooracle:BO22_tempmean_ss,8.0734,biooracle_sampled,biooracle:BO22_phmean_ss,31.9006,biooracle_sampled,biooracle:BO22_salinitymean_ss,276.0,obis_aggregate,obis:depth_median,,missing,pending_obis,,missing,pending_obis,new_candidate,28.384,biooracle_sampled,biooracle:sst_mean_c,31.9006,biooracle_sampled,biooracle:salinity_mean_psu,8.0734,biooracle_sampled,biooracle:ph_mean,2554.9167,biooracle_sampled,biooracle:depth_mean_m,4.6025,biooracle_sampled,biooracle:do_mean_mlL
A0A3B3CKY9,0.0,0.0,0.05,0.45454545454545453,0.18333333333333332,0.17030785175872523,0.1,0.06666666666666667,0.3,0.4,0.0,0.18803418803418803,0.1452991452991453,0.3162393162393162,0.3,0.47412381128746534,6.0,2.8947368421052633,1.0,1.372463664253189,0.3333333333333333,3.1893593373992144,4.091187299421829,0.1,0.11666666666666667,0.06666666666666667,2.5857742296789588,2.357837949119126,0.13333333333333333,2,12.27356189826549,150.64032167055436,20,0.05,0.08333333333333333,2.139487284929499,2.744451873057299,0.03333333333333333,0.26666666666666666,0.13333333333333333,0.03333333333333333,9.568078012197644,91.54811684750001,0.11666666666666667,0.13333333333333333,0.31666666666666665,1.6454770109743448,Oryzias melastigma (Marine medaka),coastal_estuarine,moderate,28.384,biooracle_sampled,biooracle:BO22_tempmean_ss,8.0734,biooracle_sampled,biooracle:BO22_phmean_ss,31.9006,biooracle_sampled,biooracle:BO22_salinitymean_ss,276.0,obis_aggregate,obis:depth_median,,missing,pending_obis,,missing,pending_obis,new_candidate,28.384,biooracle_sampled,biooracle:sst_mean_c,31.9006,biooracle_sampled,biooracle:salinity_mean_psu,8.0734,biooracle_sampled,biooracle:ph_mean,2554.9167,biooracle_sampled,biooracle:depth_mean_m,4.6025,biooracle_sampled,biooracle:do_mean_mlL
A0A3B4AW44,0.0,0.0,0.05,0.2,0.16666666666666666,0.1759343986077985,0.1,0.06666666666666667,0.3,0.4,0.0,0.17094017094017094,0.08547008547008547,0.39316239316239315,0.3,0.47412381128746534,6.0,2.8947368421052633,1.0,1.372463664253189,0.3333333333333333,3.1385880297161934,4.024411778106101,0.1,0.08333333333333333,0.06666666666666667,2.570567035971916,2.343320436318458,0.1,2,12.073235334318305,145.76301143783203,20,0.06666666666666667,0.03333333333333333,2.1054288563437615,2.699657491588813,0.03333333333333333,0.31666666666666665,0.1,0.03333333333333333,9.415764089148581,88.65661338250001,0.16666666666666666,0.16666666666666666,0.31666666666666665,1.64413015427233,Periophthalmus magnuspinnatus,coastal_estuarine,moderate,,missing,pending_biooracle,,missing,pending_biooracle,,missing,pending_biooracle,,missing,pending_obis,,missing,pending_obis,,missing,pending_obis,new_candidate,22.0,habitat_default,habitat_default:coastal_estuarine,32.0,habitat_default,habitat_default:coastal_estuarine,8.1,habitat_default,habitat_default:coastal_estuarine,30.0,habitat_default,habitat_default:coastal_estuarine,6.5,habitat_default,habitat_default:coastal_estuarine
A0A3B4AWJ9,0.0,0.0,0.05,0.4,0.16666666666666666,0.16880249741235967,0.1,0.06666666666666667,0.3,0.4,0.0,0.17094017094017094,0.08547008547008547,0.39316239316239315,0.3,0.47412381128746534,6.0,2.8947368421052633,1.0,1.372463664253189,0.3333333333333333,3.206629496103,4.10544119157,0.1,0.08333333333333333,0.06666666666666667,2.5889906191103966,2.362728515599438,0.11666666666666667,2,12.316323574710001,151.69182639695734,20,0.05,0.06666666666666667,2.1510724595826614,2.754013674593477,0.03333333333333333,0.31666666666666665,0.11666666666666667,0.03333333333333333,9.619888488309,92.54225452750002,0.16666666666666666,0.16666666666666666,0.31666666666666665,1.639162857782769,Periophthalmus magnuspinnatus,coastal_estuarine,moderate,,missing,pending_biooracle,,missing,pending_biooracle,,missing,pending_biooracle,,missing,pending_obis,,missing,pending_obis,,missing,pending_obis,new_candidate,22.0,habitat_default,habitat_default:coastal_estuarine,32.0,habitat_default,habitat_default:coastal_estuarine,8.1,habitat_default,habitat_default:coastal_estuarine,30.0,habitat_default,habitat_default:coastal_estuarine,6.5,habitat_default,habitat_default:coastal_estuarine
A0A3B4VK72,0.0,0.0,0.05,0.3333333333333333,0.15,0.1799311887973104,0.1,0.06666666666666667,0.3,0.4,0.0,0.1452991452991453,0.11965811965811966,0.38461538461538464,0.3,0.47412381128746534,6.0,2.8947368421052633,1.0,1.372463664253189,0.3333333333333333,3.098501253787422,3.985927184435115,0.1,0.1,0.05,2.5616964998292806,2.331707271906415,0.1,2,11.957781553305345,142.9885396765696,20,0.05,0.05,2.078537829551101,2.6738412413283776,0.06666666666666667,0.31666666666666665,0.1,0.05,9.295503761362266,86.40639017750003,0.11666666666666667,0.13333333333333333,0.3,1.654837557532908,Seriola dumerili (Greater amberjack) (Caranx dumerili),coastal_estuarine,moderate,,missing,pending_biooracle,,missing,pending_biooracle,,missing,pending_biooracle,22.1,obis_aggregate,obis:depth_median,,missing,pending_obis,,missing,pending_obis,new_candidate,22.0,habitat_default,habitat_default:coastal_estuarine,32.0,habitat_default,habitat_default:coastal_estuarine,8.1,habitat_default,habitat_default:coastal_estuarine,22.1,obis_aggregate,obis:depth_median_m,6.5,habitat_default,habitat_default:coastal_estuarine
A0A3B4Y3M0,0.0,0.0,0.05,0.3333333333333333,0.15,0.16216162509048235,0.1,0.06666666666666667,0.3,0.4,0.0,0.1452991452991453,0.11965811965811966,0.38461538461538464,0.3,0.47412381128746534,6.0,2.8947368421052633,1.0,1.372463664253189,0.3333333333333333,3.2758907483309025,4.183213099126828,0.1,0.1,0.05,2.6063599268518667,2.3821051020838024,0.1,2,12.549639297380486,157.49344649435656,20,0.05,0.05,2.1975343200391664,2.8061846562045463,0.06666666666666667,0.31666666666666665,0.1,0.05,9.827672244992709,96.58314175500003,0.1,0.11666666666666667,0.2833333333333333,1.6306515157051544,Seriola lalandi dorsalis,coastal_estuarine,moderate,,missing,pending_biooracle,,missing,pending_biooracle,,missing,pending_biooracle,,missing,pending_obis,,missing,pending_obis,,missing,pending_obis,new_candidate,22.0,habitat_default,habitat_default:coastal_estuarine,32.0,habitat_default,habitat_default:coastal_estuarine,8.1,habitat_default,habitat_default:coastal_estuarine,30.0,habitat_default,habitat_default:coastal_estuarine,6.5,habitat_default,habitat_default:coastal_estuarine
A0A3B4ZIM4,0.0,0.0,0.05,0.4,0.16666666666666666,0.19609518253095035,0.1,0.06666666666666667,0.3,0.4,0.0,0.17094017094017094,0.08547008547008547,0.39316239316239315,0.3,0.47412381128746534,6.0,2.8947368421052633,1.0,1.372463664253189,0.3333333333333333,2.9562771431218096,3.833323010818742,0.1,0.08333333333333333,0.06666666666666667,2.5257261669016846,2.289381450221763,0.11666666666666667,2,11.499969032456226,132.2492877474522,20,0.05,0.06666666666666667,1.9831309957047722,2.5714712495714607,0.03333333333333333,0.31666666666666665,0.11666666666666667,0.03333333333333333,8.868831429365429,78.65617092250004,0.16666666666666666,0.16666666666666666,0.31666666666666665,1.6813593415036372,Stegastes partitus (bicolor damselfish),coastal_estuarine,moderate,27.1541,biooracle_sampled,biooracle:BO22_tempmean_ss,8.0634,biooracle_sampled,biooracle:BO22_phmean_ss,36.2439,biooracle_sampled,biooracle:BO22_salinitymean_ss,9.4,obis_aggregate,obis:depth_median,,missing,pending_obis,,missing,pending_obis,new_candidate,27.1541,biooracle_sampled,biooracle:sst_mean_c,36.2439,biooracle_sampled,biooracle:salinity_mean_psu,8.0634,biooracle_sampled,biooracle:ph_mean,583.4722,biooracle_sampled,biooracle:depth_mean_m,4.5665,biooracle_sampled,biooracle:do_mean_mlL
A0A3B5KME6,0.0,0.0,0.05,0.4,0.16666666666666666,0.20290729640518687,0.1,0.06666666666666667,0.3,0.4,0.0,0.17094017094017094,0.10256410256410256,0.37606837606837606,0.3,0.47412381128746534,6.0,2.8947368421052633,1.0,1.372463664253189,0.3333333333333333,2.898088774999444,3.7790108360171097,0.1,0.1,0.06666666666666667,2.512605512090422,2.2715346102249176,0.11666666666666667,2,11.33703250805133,128.52830608861262,20,0.05,0.06666666666666667,1.9440970517183551,2.5350375351127705,0.03333333333333333,0.3,0.11666666666666667,0.03333333333333333,8.694266324998333,75.59026693000001,0.16666666666666666,0.16666666666666666,0.3333333333333333,1.700328776555791,Takifugu rubripes (Japanese pufferfish) (Fugu rubripes),coastal_estuarine,moderate,,missing,pending_biooracle,,missing,pending_biooracle,,missing,pending_biooracle,265,obis_aggregate,obis:depth_median,,missing,pending_obis,,missing,pending_obis,new_candidate,22.0,habitat_default,habitat_default:coastal_estuarine,32.0,habitat_default,habitat_default:coastal_estuarine,8.1,habitat_default,habitat_default:coastal_estuarine,265,obis_aggregate,obis:depth_median_m,6.5,habitat_default,habitat_default:coastal_estuarine
A0A3G1Z059,0.014925373134328358,0.0,0.0,0.25,0.23880597014925373,0.3085111707686431,0.1044776119402985,0.014925373134328358,0.3888888888888889,0.3888888888888889,0.0,0.2358490566037736,0.16981132075471697,0.24528301886792453,0.2222222222222222,0.3863090652282846,6.0,3.2941176470588234,2.0,1.2725475089872904,0.26865671641791045,1.7969796706513512,2.34344007295124,0.14925373134328357,0.13432835820895522,0.11940298507462686,2.274474127876788,2.039759218188298,0.13432835820895522,1,8.722804715985172,76.08732211321315,18,0.08955223880597014,0.05970149253731343,1.576555300402221,2.055984788546371,0.014925373134328358,0.208955223880597,0.14925373134328357,0.029850746268656716,6.68875766298003,44.73947907407407,0.04477611940298507,0.08955223880597014,0.34328358208955223,1.7006751908585527,Cepaea hortensis,coastal_estuarine,moderate,,missing,pending_biooracle,,missing,pending_biooracle,,missing,pending_biooracle,,missing,pending_obis,,missing,pending_obis,,missing,pending_obis,new_candidate,22.0,habitat_default,habitat_default:coastal_estuarine,32.0,habitat_default,habitat_default:coastal_estuarine,8.1,habitat_default,habitat_default:coastal_estuarine,30.0,habitat_default,habitat_default:coastal_estuarine,6.5,habitat_default,habitat_default:coastal_estuarine
A0A3G1Z090,0.0,0.0,0.0,0.14285714285714285,0.109375,0.28326421351770803,0.109375,0.03125,0.3888888888888889,0.3888888888888889,0.0,0.12264150943396226,0.11320754716981132,0.36792452830188677,0.2222222222222222,0.3899565561732221,6.0,3.235294117647059,2.0,1.2616241523251304,0.28125,1.9673325603039338,2.5549833634553907,0.140625,0.125,0.078125,2.310988216874795,2.0788113699650914,0.0625,1,9.084385292285834,82.52605613869918,18,0.046875,0.015625,1.648727933914079,2.14121014769555,0.015625,0.328125,0.0625,0.015625,6.994960214413987,48.929468401234566,0.140625,0.171875,0.421875,1.6866330012409643,Cepaea hortensis,coastal_estuarine,moderate,,missing,pending_biooracle,,missing,pending_biooracle,,missing,pending_biooracle,,missing,pending_obis,,missing,pending_obis,,missing,pending_obis,new_candidate,22.0,habitat_default,habitat_default:coastal_estuarine,32.0,habitat_default,habitat_default:coastal_estuarine,8.1,habitat_default,habitat_default:coastal_estuarine,30.0,habitat_default,habitat_default:coastal_estuarine,6.5,habitat_default,habitat_default:coastal_estuarine
A0A3G1Z0W1,0.014925373134328358,0.0,0.0,0.25,0.23880597014925373,0.30404205646095395,0.1044776119402985,0.014925373134328358,0.3888888888888889,0.3888888888888889,0.0,0.2358490566037736,0.14150943396226415,0.27358490566037735,0.2222222222222222,0.3863090652282846,6.0,3.2941176470588234,2.0,1.2725475089872904,0.26865671641791045,1.8101112808234014,2.360635715937939,0.14925373134328357,0.11940298507462686,0.11940298507462686,2.2810356343604408,2.0460962707051435,0.13432835820895522,1,8.786810720435662,77.20804263676308,18,0.08955223880597014,0.05970149253731343,1.588076137258465,2.071071148474237,0.014925373134328358,0.22388059701492538,0.14925373134328357,0.029850746268656716,6.737636434175994,45.395744719135806,0.05970149253731343,0.1044776119402985,0.3582089552238806,1.7007770907703015,Cepaea hortensis,coastal_estuarine,moderate,,missing,pending_biooracle,,missing,pending_biooracle,,missing,pending_biooracle,,missing,pending_obis,,missing,pending_obis,,missing,pending_obis,new_candidate,22.0,habitat_default,habitat_default:coastal_estuarine,32.0,habitat_default,habitat_default:coastal_estuarine,8.1,habitat_default,habitat_default:coastal_estuarine,30.0,habitat_default,habitat_default:coastal_estuarine,6.5,habitat_default,habitat_default:coastal_estuarine
A0A3G1Z1B2,0.0,0.0,0.0,0.2727272727272727,0.16666666666666666,0.24886933469289876,0.10606060606060606,0.015151515151515152,0.3333333333333333,0.4444444444444444,0.0,0.16981132075471697,0.07547169811320754,0.37735849056603776,0.2222222222222222,0.4084367272569409,6.0,3.3529411764705883,2.0,1.3694643208026842,0.2727272727272727,2.0344468629355634,2.6443071925983777,0.15151515151515152,0.09090909090909091,0.12121212121212122,2.369850490278801,2.135306441904956,0.10606060606060606,1,9.695793039527386,94.0084026653477,18,0.06060606060606061,0.045454545454545456,1.7582536555777548,2.285320335743714,0.015151515151515152,0.30303030303030304,0.10606060606060606,0.015151515151515152,7.4596384974304,55.64620651234568,0.12121212121212122,0.15151515151515152,0.36363636363636365,1.68939463365739,Limax maximus,coastal_estuarine,moderate,15.0311,biooracle_sampled,biooracle:BO22_tempmean_ss,8.0881,biooracle_sampled,biooracle:BO22_phmean_ss,34.4039,biooracle_sampled,biooracle:BO22_salinitymean_ss,0.0,biooracle_sampled,biooracle:BO_bathymean,,missing,pending_obis,,missing,pending_obis,new_candidate,15.0311,biooracle_sampled,biooracle:sst_mean_c,34.4039,biooracle_sampled,biooracle:salinity_mean_psu,8.0881,biooracle_sampled,biooracle:ph_mean,0.0,biooracle_sampled,biooracle:depth_mean_m,5.7852,biooracle_sampled,biooracle:do_mean_mlL
A0A3P8TYH4,0.0,0.0,0.05172413793103448,0.2727272727272727,0.1896551724137931,0.20282439138225852,0.10344827586206896,0.06896551724137931,0.3,0.4,0.0,0.21367521367521367,0.1111111111111111,0.3418803418803419,0.3,0.4440981998467857,5.0,2.789473684210526,1.0,1.2388002416778758,0.3448275862068966,2.9959889100839505,3.91357460235915,0.06896551724137931,0.10344827586206896,0.08620689655172414,2.513604753809634,2.2709259740728878,0.1206896551724138,2,11.349366346841533,128.80811647481912,20,0.06896551724137931,0.05172413793103448,1.9427781102071333,2.537795465308612,0.034482758620689655,0.29310344827586204,0.1206896551724138,0.034482758620689655,8.688367839243456,75.48773571000001,0.1724137931034483,0.15517241379310345,0.29310344827586204,1.7063449481338153,Amphiprion percula (Orange clownfish) (Lutjanus percula),coastal_estuarine,moderate,28.158,biooracle_sampled,biooracle:BO22_tempmean_ss,8.0501,biooracle_sampled,biooracle:BO22_phmean_ss,33.4259,biooracle_sampled,biooracle:BO22_salinitymean_ss,5.0,obis_aggregate,obis:depth_median,,missing,pending_obis,,missing,pending_obis,new_candidate,28.158,biooracle_sampled,biooracle:sst_mean_c,33.4259,biooracle_sampled,biooracle:salinity_mean_psu,8.0501,biooracle_sampled,biooracle:ph_mean,3.2778,biooracle_sampled,biooracle:depth_mean_m,4.5395,biooracle_sampled,biooracle:do_mean_mlL
A0A3P8X2A0,0.0,0.0,0.05,0.2727272727272727,0.18333333333333332,0.19328925541897246,0.1,0.06666666666666667,0.3,0.4,0.0,0.18803418803418803,0.1111111111111111,0.39316239316239315,0.3,0.47412381128746534,6.0,2.8947368421052633,1.0,1.372463664253189,0.3333333333333333,2.981771557266287,3.855719264878291,0.06666666666666667,0.1,0.06666666666666667,2.531086886823365,2.2971015530118852,0.11666666666666667,2,11.567157794634873,133.79913944598232,20,0.06666666666666667,0.05,2.0002331686268473,2.586495113527013,0.03333333333333333,0.31666666666666665,0.11666666666666667,0.03333333333333333,8.945314671798862,80.01865457749997,0.2,0.18333333333333332,0.31666666666666665,1.672099339240885,Cynoglossus semilaevis (Tongue sole),coastal_estuarine,moderate,17.744,biooracle_sampled,biooracle:BO22_tempmean_ss,8.137,biooracle_sampled,biooracle:BO22_phmean_ss,31.8765,biooracle_sampled,biooracle:BO22_salinitymean_ss,276.0,obis_aggregate,obis:depth_median,,missing,pending_obis,,missing,pending_obis,new_candidate,17.744,biooracle_sampled,biooracle:sst_mean_c,31.8765,biooracle_sampled,biooracle:salinity_mean_psu,8.137,biooracle_sampled,biooracle:ph_mean,82.3333,biooracle_sampled,biooracle:depth_mean_m,5.3782,biooracle_sampled,biooracle:do_mean_mlL
A0A3Q2FS41,0.0,0.0,0.06896551724137931,0.45454545454545453,0.1896551724137931,0.20347016073914997,0.10344827586206896,0.06896551724137931,0.2857142857142857,0.42857142857142855,0.0,0.22764227642276422,0.08130081300813008,0.3008130081300813,0.2857142857142857,0.4814094649876631,5.0,2.65,1.0,1.2757350822173072,0.3620689655172414,3.249043008009491,4.164335475945825,0.10344827586206896,0.08620689655172414,0.1206896551724138,2.5258484756228934,2.2999363236452277,0.13793103448275862,2,11.501497981183709,132.28445581117293,21,0.05172413793103448,0.08620689655172414,1.9581885718401122,2.509832624007435,0.034482758620689655,0.25862068965517243,0.13793103448275862,0.034482758620689655,8.973547355454786,80.52455214058958,0.15517241379310345,0.15517241379310345,0.3103448275862069,1.6427841235330887,Cyprinodon variegatus (Sheepshead minnow),coastal_estuarine,moderate,25.064,biooracle_sampled,biooracle:BO22_tempmean_ss,8.088,biooracle_sampled,biooracle:BO22_phmean_ss,35.683,biooracle_sampled,biooracle:BO22_salinitymean_ss,0.2,obis_aggregate,obis:depth_median,,missing,pending_obis,,missing,pending_obis,new_candidate,25.064,biooracle_sampled,biooracle:sst_mean_c,35.683,biooracle_sampled,biooracle:salinity_mean_psu,8.088,biooracle_sampled,biooracle:ph_mean,72.2778,biooracle_sampled,biooracle:depth_mean_m,4.7592,biooracle_sampled,biooracle:do_mean_mlL
A0A3Q2YXD5,0.0,0.0,0.05,0.2727272727272727,0.18333333333333332,0.1686568808417298,0.1,0.06666666666666667,0.3,0.4,0.0,0.1794871794871795,0.1623931623931624,0.3504273504273504,0.3,0.47412381128746534,6.0,2.8947368421052633,1.0,1.372463664253189,0.3333333333333333,3.215963541416821,4.097059823993156,0.06666666666666667,0.13333333333333333,0.08333333333333333,2.5871006176193743,2.365361809087618,0.11666666666666667,2,12.29117947197947,151.07309281240953,20,0.06666666666666667,0.05,2.1573339275306918,2.7483912822996066,0.06666666666666667,0.2833333333333333,0.11666666666666667,0.05,9.647890624250463,93.08179349749999,0.1,0.11666666666666667,0.2833333333333333,1.6230144170617755,Hippocampus comes (Tiger tail seahorse),coastal_estuarine,moderate,28.4262,biooracle_sampled,biooracle:BO22_tempmean_ss,8.0418,biooracle_sampled,biooracle:BO22_phmean_ss,35.38,biooracle_sampled,biooracle:BO22_salinitymean_ss,265,obis_aggregate,obis:depth_median,,missing,pending_obis,,missing,pending_obis,new_candidate,28.4262,biooracle_sampled,biooracle:sst_mean_c,35.38,biooracle_sampled,biooracle:salinity_mean_psu,8.0418,biooracle_sampled,biooracle:ph_mean,4773.5278,biooracle_sampled,biooracle:depth_mean_m,4.545,biooracle_sampled,biooracle:do_mean_mlL
A0A3Q3BGA8,0.0,0.0,0.05,0.5,0.2,0.16991687297311217,0.1,0.06666666666666667,0.3,0.4,0.0,0.20512820512820512,0.10256410256410256,0.3418803418803419,0.3,0.47412381128746534,6.0,2.8947368421052633,1.0,1.372463664253189,0.3333333333333333,3.206085191519055,4.079208660690642,0.1,0.1,0.1,2.583063227941496,2.362574743805611,0.15,2,12.237625982071927,149.75948967708192,20,0.05,0.1,2.150707328967612,2.736416357913045,0.03333333333333333,0.26666666666666666,0.15,0.03333333333333333,9.618255574557166,92.5108402975,0.13333333333333333,0.13333333333333333,0.3,1.6188317952304774,Kryptolebias marmoratus (Mangrove killifish) (Rivulus marmoratus),coastal_estuarine,moderate,27.079,biooracle_sampled,biooracle:BO22_tempmean_ss,8.0687,biooracle_sampled,biooracle:BO22_phmean_ss,35.957,biooracle_sampled,biooracle:BO22_salinitymean_ss,30.0,obis_aggregate,obis:depth_median,,missing,pending_obis,,missing,pending_obis,new_candidate,27.079,biooracle_sampled,biooracle:sst_mean_c,35.957,biooracle_sampled,biooracle:salinity_mean_psu,8.0687,biooracle_sampled,biooracle:ph_mean,5302.7222,biooracle_sampled,biooracle:depth_mean_m,4.5865,biooracle_sampled,biooracle:do_mean_mlL
A0A3Q3F563,0.0,0.0,0.05,0.3333333333333333,0.15,0.17154268902749645,0.1,0.06666666666666667,0.3,0.4,0.0,0.1452991452991453,0.13675213675213677,0.36752136752136755,0.3,0.47412381128746534,6.0,2.8947368421052633,1.0,1.372463664253189,0.3333333333333333,3.1862774273698555,4.065665886266721,0.1,0.11666666666666667,0.05,2.579989353630734,2.356962692818084,0.1,2,12.196997658800166,148.76675188877672,20,0.05,0.05,2.1374198768316437,2.7273315886482954,0.06666666666666667,0.3,0.1,0.05,9.558832282109567,91.37127459749999,0.11666666666666667,0.13333333333333333,0.31666666666666665,1.6281566886760617,Labrus bergylta (ballan wrasse),coastal_estuarine,moderate,,missing,pending_biooracle,,missing,pending_biooracle,,missing,pending_biooracle,14.0,obis_aggregate,obis:depth_median,,missing,pending_obis,,missing,pending_obis,new_candidate,22.0,habitat_default,habitat_default:coastal_estuarine,32.0,habitat_default,habitat_default:coastal_estuarine,8.1,habitat_default,habitat_default:coastal_estuarine,14.0,obis_aggregate,obis:depth_median_m,6.5,habitat_default,habitat_default:coastal_estuarine
A0A3Q3VMJ7,0.016666666666666666,0.0,0.05,0.3333333333333333,0.2,0.14160608766279742,0.1,0.06666666666666667,0.3,0.4,0.0,0.21367521367521367,0.13675213675213677,0.358974358974359,0.3,0.47412381128746534,6.0,2.8947368421052633,1.0,1.372463664253189,0.3333333333333333,3.5395814663130247,4.433570815782297,0.05,0.11666666666666667,0.06666666666666667,2.660309357517602,2.4526196904166304,0.11666666666666667,2,13.300712447346893,176.90895160700856,20,0.06666666666666667,0.06666666666666667,2.374423431172292,2.9741297181445243,0.06666666666666667,0.3,0.13333333333333333,0.05,10.618744398939075,112.75773260999998,0.18333333333333332,0.2,0.3333333333333333,1.5689296646190216,Mola mola (Ocean sunfish) (Tetraodon mola),coastal_estuarine,moderate,19.7099,biooracle_sampled,biooracle:BO22_tempmean_ss,8.0934,biooracle_sampled,biooracle:BO22_phmean_ss,36.2155,biooracle_sampled,biooracle:BO22_salinitymean_ss,0,obis_aggregate,obis:depth_median,,missing,pending_obis,,missing,pending_obis,new_candidate,19.7099,biooracle_sampled,biooracle:sst_mean_c,36.2155,biooracle_sampled,biooracle:salinity_mean_psu,8.0934,biooracle_sampled,biooracle:ph_mean,4852.6387,biooracle_sampled,biooracle:depth_mean_m,5.3112,biooracle_sampled,biooracle:do_mean_mlL
A0A3Q3VPM7,0.039473684210526314,0.09210526315789473,0.013157894736842105,0.45454545454545453,0.14473684210526316,0.07259015806089308,0.039473684210526314,0.02631578947368421,0.23076923076923078,0.15384615384615385,0.04,0.16,0.22666666666666666,0.38666666666666666,0.6153846153846154,1.0291332542045952,19.0,5.916666666666667,1.0,6.089038420710522,0.17105263157894737,2.1212981684967325,2.4701504930493763,0.039473684210526314,0.3026315789473684,0.02631578947368421,2.7370185251959662,2.595361824099939,0.06578947368421052,2,14.440879805519431,208.53900955745894,13,0.039473684210526314,0.06578947368421052,3.439539337850735,4.005179430893289,0.0,0.2894736842105263,0.10526315789473684,0.0,12.401435446596281,153.7956011360947,0.10526315789473684,0.15789473684210525,0.25,1.3559491169901634,Mola mola (Ocean sunfish) (Tetraodon mola),coastal_estuarine,moderate,19.7099,biooracle_sampled,biooracle:BO22_tempmean_ss,8.0934,biooracle_sampled,biooracle:BO22_phmean_ss,36.2155,biooracle_sampled,biooracle:BO22_salinitymean_ss,0,obis_aggregate,obis:depth_median,,missing,pending_obis,,missing,pending_obis,new_candidate,19.7099,biooracle_sampled,biooracle:sst_mean_c,36.2155,biooracle_sampled,biooracle:salinity_mean_psu,8.0934,biooracle_sampled,biooracle:ph_mean,4852.6387,biooracle_sampled,biooracle:depth_mean_m,5.3112,biooracle_sampled,biooracle:do_mean_mlL
A0A3Q3WB48,0.0,0.03225806451612903,0.04838709677419355,0.5555555555555556,0.14516129032258066,0.1437661431902517,0.08064516129032258,0.06451612903225806,0.3157894736842105,0.47368421052631576,0.018018018018018018,0.16216216216216217,0.15315315315315314,0.3333333333333333,0.21052631578947367,0.47320513977299816,6.0,2.9444444444444446,1.0,1.3933262448871613,0.3064516129032258,3.099121362089826,4.004812779885413,0.0967741935483871,0.1935483870967742,0.06451612903225806,2.643926629567887,2.4081086059176866,0.11290322580645161,2,13.068336439626085,170.78141729925898,19,0.03225806451612903,0.08064516129032258,2.320063500081152,2.9980819947642225,0.04838709677419355,0.25806451612903225,0.11290322580645161,0.03225806451612903,10.11292233945101,102.2711982437673,0.16129032258064516,0.16129032258064516,0.3225806451612903,1.6698877125913294,Mola mola (Ocean sunfish) (Tetraodon mola),coastal_estuarine,moderate,19.7099,biooracle_sampled,biooracle:BO22_tempmean_ss,8.0934,biooracle_sampled,biooracle:BO22_phmean_ss,36.2155,biooracle_sampled,biooracle:BO22_salinitymean_ss,0,obis_aggregate,obis:depth_median,,missing,pending_obis,,missing,pending_obis,new_candidate,19.7099,biooracle_sampled,biooracle:sst_mean_c,36.2155,biooracle_sampled,biooracle:salinity_mean_psu,8.0934,biooracle_sampled,biooracle:ph_mean,4852.6387,biooracle_sampled,biooracle:depth_mean_m,5.3112,biooracle_sampled,biooracle:do_mean_mlL
A0A452C703,0.016129032258064516,0.0,0.04838709677419355,0.2727272727272727,0.1774193548387097,0.1656078648597545,0.11290322580645161,0.08064516129032258,0.3,0.45,0.0,0.1794871794871795,0.18803418803418803,0.24786324786324787,0.25,0.5478734244843404,7.0,2.8947368421052633,1.0,1.585949386665196,0.3225806451612903,3.1576125546059637,3.97985097155016,0.11290322580645161,0.1774193548387097,0.0967741935483871,2.5905824666185993,2.3784899209109605,0.0967741935483871,2,12.337538011805497,152.21484419274555,20,0.06451612903225806,0.04838709677419355,2.1887972587987674,2.7587573669384695,0.06451612903225806,0.20967741935483872,0.11290322580645161,0.08064516129032258,9.788598919278488,95.81666880249999,0.08064516129032258,0.08064516129032258,0.3064516129032258,1.5886050527022084,Balaenoptera acutorostrata (Common minke whale) (Balaena rostrata),open_ocean,low,20.0416,biooracle_sampled,biooracle:BO22_tempmean_ss,8.0564,biooracle_sampled,biooracle:BO22_phmean_ss,34.4957,biooracle_sampled,biooracle:BO22_salinitymean_ss,0.0,obis_aggregate,obis:depth_median,,missing,pending_obis,,missing,pending_obis,new_candidate,20.0416,biooracle_sampled,biooracle:sst_mean_c,34.4957,biooracle_sampled,biooracle:salinity_mean_psu,8.0564,biooracle_sampled,biooracle:ph_mean,4113.5278,biooracle_sampled,biooracle:depth_mean_m,5.175,biooracle_sampled,biooracle:do_mean_mlL
A0A455B3R5,0.01639344262295082,0.0,0.04918032786885246,0.5555555555555556,0.14754098360655737,0.15844801137667452,0.11475409836065574,0.08196721311475409,0.3,0.4,0.0,0.15384615384615385,0.18803418803418803,0.2905982905982906,0.3,0.5478734244843404,7.0,2.8947368421052633,1.0,1.585949386665196,0.32786885245901637,3.293621071796119,4.1197407905375965,0.09836065573770492,0.18032786885245902,0.08196721311475409,2.6075083835987893,2.402027113066605,0.09836065573770492,2,12.565209411139671,157.88448754579295,20,0.03278688524590164,0.08196721311475409,2.2462519856418606,2.8096662394828407,0.01639344262295082,0.2459016393442623,0.11475409836065574,0.03278688524590164,10.045544268978164,100.91295966000003,0.21311475409836064,0.16393442622950818,0.39344262295081966,1.5645610640867502,Physeter macrocephalus (Sperm whale) (Physeter catodon),open_ocean,low,,missing,pending_biooracle,,missing,pending_biooracle,,missing,pending_biooracle,0.0,obis_aggregate,obis:depth_median,,missing,pending_obis,,missing,pending_obis,new_candidate,15.0,habitat_default,habitat_default:open_ocean,35.0,habitat_default,habitat_default:open_ocean,8.1,habitat_default,habitat_default:open_ocean,0.0,obis_aggregate,obis:depth_median_m,7.0,habitat_default,habitat_default:open_ocean
A0A4U5UGS7,0.05813953488372093,0.023255813953488372,0.0,0.42857142857142855,0.16279069767441862,0.39862948622148625,0.046511627906976744,0.023255813953488372,0.0,0.0,0.0,0.2222222222222222,0.05555555555555555,0.3888888888888889,1.0,0.44095855184409843,6.0,3.0,2.0,1.3228756555322954,0.10465116279069768,0.4161847583823669,0.594121179560136,0.05813953488372093,0.36046511627906974,0.023255813953488372,1.8986924386350803,1.6048025015175384,0.05813953488372093,1,5.677157938019077,32.23012225321302,9,0.046511627906976744,0.06976744186046512,1.3256255266993908,1.8923859793396922,0.011627906976744186,0.29069767441860467,0.11627906976744186,0.05813953488372093,3.9768765800981725,15.815547333333337,0.05813953488372093,0.12790697674418605,0.26744186046511625,2.037875868215058,Collichthys lucidus (Big head croaker) (Sciaena lucida),coastal_estuarine,moderate,17.4039,biooracle_sampled,biooracle:BO22_tempmean_ss,8.1008,biooracle_sampled,biooracle:BO22_phmean_ss,15.8906,biooracle_sampled,biooracle:BO22_salinitymean_ss,20.1,obis_aggregate,obis:depth_median,,missing,pending_obis,,missing,pending_obis,new_candidate,17.4039,biooracle_sampled,biooracle:sst_mean_c,15.8906,biooracle_sampled,biooracle:salinity_mean_psu,8.1008,biooracle_sampled,biooracle:ph_mean,5.0833,biooracle_sampled,biooracle:depth_mean_m,6.2771,biooracle_sampled,biooracle:do_mean_mlL
A0A4W3IAU9,0.05172413793103448,0.0,0.06896551724137931,0.29411764705882354,0.29310344827586204,0.14966700519699797,0.10344827586206896,0.08620689655172414,0.3157894736842105,0.3157894736842105,0.0,0.2818181818181818,0.17272727272727273,0.19090909090909092,0.3684210526315789,0.6849348892187752,8.0,3.0,1.0,2.0548046676563256,0.3275862068965517,3.275651156458963,4.158925130095554,0.06896551724137931,0.15517241379310345,0.05172413793103448,2.6170794460450777,2.3978367403419343,0.13793103448275862,2,12.69566618660748,161.17993992176852,19,0.10344827586206896,0.08620689655172414,2.29400963209754,2.912585575176231,0.017241379310344827,0.15517241379310345,0.1896551724137931,0.017241379310344827,9.999356161822098,99.98712365096955,0.15517241379310345,0.10344827586206896,0.25862068965517243,1.6120069668611334,Callorhinchus milii (Ghost shark),open_ocean,low,13.9753,biooracle_sampled,biooracle:BO22_tempmean_ss,8.0983,biooracle_sampled,biooracle:BO22_phmean_ss,34.9667,biooracle_sampled,biooracle:BO22_salinitymean_ss,17.5,obis_aggregate,obis:depth_median,,missing,pending_obis,,missing,pending_obis,new_candidate,13.9753,biooracle_sampled,biooracle:sst_mean_c,34.9667,biooracle_sampled,biooracle:salinity_mean_psu,8.0983,biooracle_sampled,biooracle:ph_mean,30.2222,biooracle_sampled,biooracle:depth_mean_m,5.8798,biooracle_sampled,biooracle:do_mean_mlL
A0A4W3IIK8,0.030303030303030304,0.030303030303030304,0.045454545454545456,0.2857142857142857,0.21212121212121213,0.356084921469322,0.06060606060606061,0.045454545454545456,0.5,0.35714285714285715,0.024691358024691357,0.13580246913580246,0.24691358024691357,0.2716049382716049,0.14285714285714285,0.7568616162633957,10.0,3.4615384615384617,1.0,2.619905594757908,0.21212121212121213,1.1534041410054507,1.5337732033920006,0.045454545454545456,0.25757575757575757,0.045454545454545456,2.1078643957854046,1.8621366410885245,0.045454545454545456,2,7.230645101705146,52.282228586812614,14,0.13636363636363635,-0.06060606060606061,1.453226766288235,1.9324711897097053,0.030303030303030304,0.24242424242424243,0.07575757575757576,0.12121212121212122,5.437476664739982,29.566152479591842,0.10606060606060606,0.13636363636363635,0.3939393939393939,1.7683135681215416,Callorhinchus milii (Ghost shark),open_ocean,low,13.9753,biooracle_sampled,biooracle:BO22_tempmean_ss,8.0983,biooracle_sampled,biooracle:BO22_phmean_ss,34.9667,biooracle_sampled,biooracle:BO22_salinitymean_ss,17.5,obis_aggregate,obis:depth_median,,missing,pending_obis,,missing,pending_obis,new_candidate,13.9753,biooracle_sampled,biooracle:sst_mean_c,34.9667,biooracle_sampled,biooracle:salinity_mean_psu,8.0983,biooracle_sampled,biooracle:ph_mean,30.2222,biooracle_sampled,biooracle:depth_mean_m,5.8798,biooracle_sampled,biooracle:do_mean_mlL
A0A4W6DD13,0.0,0.0,0.05,0.3333333333333333,0.15,0.17424308118965043,0.1,0.06666666666666667,0.3,0.4,0.0,0.1452991452991453,0.13675213675213677,0.36752136752136755,0.3,0.47412381128746534,6.0,2.8947368421052633,1.0,1.372463664253189,0.3333333333333333,3.135770412159949,4.067126551762625,0.1,0.11666666666666667,0.05,2.5803213434705503,2.342508562663789,0.1,2,12.201379655287877,148.8736654924729,20,0.05,0.05,2.1035387410266537,2.7283114328506644,0.03333333333333333,0.3,0.1,0.03333333333333333,9.407311236479847,88.4975047,0.1,0.13333333333333333,0.31666666666666665,1.682235742094013,Lates calcarifer (Barramundi) (Holocentrus calcarifer),coastal_estuarine,moderate,,missing,pending_biooracle,,missing,pending_biooracle,,missing,pending_biooracle,3.6,obis_aggregate,obis:depth_median,,missing,pending_obis,,missing,pending_obis,new_candidate,22.0,habitat_default,habitat_default:coastal_estuarine,32.0,habitat_default,habitat_default:coastal_estuarine,8.1,habitat_default,habitat_default:coastal_estuarine,3.6,obis_aggregate,obis:depth_median_m,6.5,habitat_default,habitat_default:coastal_estuarine
A0A513QTV9,0.015384615384615385,0.0,0.0,0.1111111111111111,0.27692307692307694,0.2516203450279873,0.1076923076923077,0.015384615384615385,0.3333333333333333,0.4444444444444444,0.0,0.32075471698113206,0.11320754716981132,0.18867924528301888,0.2222222222222222,0.3863090652282846,6.0,3.2941176470588234,2.0,1.2725475089872904,0.27692307692307694,2.066279428052484,2.6549478609148696,0.16923076923076924,0.1076923076923077,0.15384615384615385,2.359656276582303,2.135534097570728,0.13846153846153847,1,9.587311719970362,91.91654601588107,18,0.12307692307692308,0.03076923076923077,1.758707642613726,2.259751043513435,0.015384615384615385,0.16923076923076924,0.15384615384615385,0.03076923076923077,7.461564601300636,55.67494629938272,0.07692307692307693,0.12307692307692308,0.36923076923076925,1.650949881866346,Onchidium reevesii,coastal_estuarine,moderate,,missing,pending_biooracle,,missing,pending_biooracle,,missing,pending_biooracle,,missing,pending_obis,,missing,pending_obis,,missing,pending_obis,new_candidate,22.0,habitat_default,habitat_default:coastal_estuarine,32.0,habitat_default,habitat_default:coastal_estuarine,8.1,habitat_default,habitat_default:coastal_estuarine,30.0,habitat_default,habitat_default:coastal_estuarine,6.5,habitat_default,habitat_default:coastal_estuarine
A0A516F437,0.011111111111111112,0.0,0.03333333333333333,0.3684210526315789,0.2111111111111111,0.15197742444106913,0.1,0.022222222222222223,0.37037037037037035,0.2962962962962963,0.0,0.23270440251572327,0.22641509433962265,0.20125786163522014,0.3333333333333333,0.5419153580340021,7.0,3.3076923076923075,1.0,1.7924892611893914,0.3,3.5916439019988373,4.45178233550465,0.1,0.2,0.022222222222222223,2.762492580519162,2.5628044696022316,0.05555555555555555,2,14.839274451682169,220.20406625234713,27,0.14444444444444443,-0.07777777777777778,2.3040406373914517,2.8558196997524785,0.07777777777777778,0.17777777777777778,0.06666666666666667,0.06666666666666667,11.972146339996124,143.33228798628258,0.022222222222222223,0.044444444444444446,0.3,1.5363186435244893,Ulva compressa (Green alga) (Enteromorpha compressa),coastal_estuarine,moderate,,missing,pending_biooracle,,missing,pending_biooracle,,missing,pending_biooracle,2,obis_aggregate,obis:depth_median,,missing,pending_obis,,missing,pending_obis,new_candidate,22.0,habitat_default,habitat_default:coastal_estuarine,32.0,habitat_default,habitat_default:coastal_estuarine,8.1,habitat_default,habitat_default:coastal_estuarine,2,obis_aggregate,obis:depth_median_m,6.5,habitat_default,habitat_default:coastal_estuarine
A0A516F442,0.037037037037037035,0.012345679012345678,0.037037037037037035,0.4444444444444444,0.2222222222222222,0.19726369679531627,0.1111111111111111,0.012345679012345678,0.36,0.32,0.013793103448275862,0.2827586206896552,0.23448275862068965,0.15172413793103448,0.32,0.5347859901183131,6.0,3.25,1.0,1.7380544678845176,0.30864197530864196,3.049916188753548,3.9583565916577212,0.1111111111111111,0.20987654320987653,0.037037037037037035,2.626483998169024,2.3870850938433095,0.024691358024691357,2,12.825075356971018,164.48255791198528,25,0.16049382716049382,-0.09876543209876543,1.9763456903122993,2.5650150713942037,0.06172839506172839,0.13580246913580246,0.06172839506172839,0.04938271604938271,9.881728451561496,97.64855719039997,0.012345679012345678,0.037037037037037035,0.32098765432098764,1.6844340832529567,Ulva compressa (Green alga) (Enteromorpha compressa),coastal_estuarine,moderate,,missing,pending_biooracle,,missing,pending_biooracle,,missing,pending_biooracle,2,obis_aggregate,obis:depth_median,,missing,pending_obis,,missing,pending_obis,new_candidate,22.0,habitat_default,habitat_default:coastal_estuarine,32.0,habitat_default,habitat_default:coastal_estuarine,8.1,habitat_default,habitat_default:coastal_estuarine,2,obis_aggregate,obis:depth_median_m,6.5,habitat_default,habitat_default:coastal_estuarine
A0A5C0PVA2,0.0,0.0,0.0,0.3333333333333333,0.20270270270270271,0.21956832519825867,0.12162162162162163,0.013513513513513514,0.3333333333333333,0.38095238095238093,0.0,0.216,0.2,0.256,0.2857142857142857,0.41443114557954686,6.0,3.35,2.0,1.388344337691482,0.28378378378378377,2.454357449991783,3.1382456993289325,0.13513513513513514,0.17567567567567569,0.16216216216216217,2.489776446668372,2.2668219638419176,0.13513513513513514,1,11.058580083349572,122.29219345985582,21,0.06756756756756757,0.06756756756756757,1.8872984829544088,2.4131800147943085,0.04054054054054054,0.20270270270270271,0.13513513513513514,0.08108108108108109,8.648688157113902,74.79980683900227,0.05405405405405406,0.0945945945945946,0.35135135135135137,1.6349265944372728,Saccostrea glomerata,coastal_estuarine,moderate,17.4101,biooracle_sampled,biooracle:BO22_tempmean_ss,8.1031,biooracle_sampled,biooracle:BO22_phmean_ss,35.5748,biooracle_sampled,biooracle:BO22_salinitymean_ss,0,obis_aggregate,obis:depth_median,,missing,pending_obis,,missing,pending_obis,new_candidate,17.4101,biooracle_sampled,biooracle:sst_mean_c,35.5748,biooracle_sampled,biooracle:salinity_mean_psu,8.1031,biooracle_sampled,biooracle:ph_mean,2.5417,biooracle_sampled,biooracle:depth_mean_m,5.3433,biooracle_sampled,biooracle:do_mean_mlL
A0A5J4Z9F3,0.05714285714285714,0.04285714285714286,0.014285714285714285,0.375,0.22857142857142856,0.38576784225376853,0.07142857142857142,0.02857142857142857,0.42857142857142855,0.0,0.0,0.2125,0.1875,0.2,0.5714285714285714,1.263994946850157,27.0,5.153846153846154,1.0,6.514435495304656,0.2,1.035112646733954,1.4024080319876528,0.14285714285714285,0.22857142857142856,0.05714285714285714,2.080945430264582,1.820600090284813,0.1,2,7.012040159938264,49.16870720458704,14,0.07142857142857142,0.08571428571428572,1.383227457426866,1.8740465614848953,0.02857142857142857,0.15714285714285714,0.15714285714285714,0.05714285714285714,5.17556323366977,26.786454785714287,0.02857142857142857,0.07142857142857142,0.37142857142857144,1.8355809903895766,Porphyridium purpureum (Red alga) (Porphyridium cruentum),coastal_estuarine,moderate,,missing,pending_biooracle,,missing,pending_biooracle,,missing,pending_biooracle,3.0,obis_aggregate,obis:depth_median,,missing,pending_obis,,missing,pending_obis,new_candidate,22.0,habitat_default,habitat_default:coastal_estuarine,32.0,habitat_default,habitat_default:coastal_estuarine,8.1,habitat_default,habitat_default:coastal_estuarine,3.0,obis_aggregate,obis:depth_median_m,6.5,habitat_default,habitat_default:coastal_estuarine
A0A5K7YAY7,0.027777777777777776,0.0,0.0,0.2,0.1388888888888889,0.12006982602806675,0.125,0.013888888888888888,0.3333333333333333,0.38095238095238093,0.0,0.16129032258064516,0.18548387096774194,0.2661290322580645,0.2857142857142857,0.4076855771840518,6.0,3.3,2.0,1.345362404707371,0.2916666666666667,3.46953383608485,4.28832688448148,0.16666666666666666,0.16666666666666666,0.08333333333333333,2.7538412713714786,2.556881870381258,0.05555555555555555,1,14.702835032507931,216.1733579931425,21,0.05555555555555555,0.027777777777777776,2.595820641643973,3.2084216412817192,0.013888888888888888,0.2361111111111111,0.08333333333333333,0.041666666666666664,11.895544580862342,141.50398087528345,0.09722222222222222,0.09722222222222222,0.3472222222222222,1.5276839326779788,Mytilisepta virgata (Purplish bifurcate mussel) (Tichogonia virgata),coastal_estuarine,moderate,,missing,pending_biooracle,,missing,pending_biooracle,,missing,pending_biooracle,-1.3,obis_aggregate,obis:depth_median,,missing,pending_obis,,missing,pending_obis,new_candidate,22.0,habitat_default,habitat_default:coastal_estuarine,32.0,habitat_default,habitat_default:coastal_estuarine,8.1,habitat_default,habitat_default:coastal_estuarine,-1.3,obis_aggregate,obis:depth_median_m,6.5,habitat_default,habitat_default:coastal_estuarine
A0A643BYN7,0.027777777777777776,0.05555555555555555,0.05555555555555555,0.3333333333333333,0.125,0.3721622753903998,0.05555555555555555,0.041666666666666664,0.4666666666666667,0.26666666666666666,0.034482758620689655,0.10344827586206896,0.26436781609195403,0.22988505747126436,0.26666666666666666,1.2405751206338618,22.0,4.714285714285714,1.0,5.848425568702491,0.20833333333333334,1.1330301815755446,1.5439561340443506,0.125,0.2916666666666667,0.041666666666666664,2.1295391178865253,1.8623025629646366,0.05555555555555555,2,7.410989443412882,54.92276453037718,15,0.041666666666666664,0.041666666666666664,1.4042262476775837,1.9135092462171377,0.013888888888888888,0.2361111111111111,0.08333333333333333,0.05555555555555555,5.4385448715626135,29.577770320000003,0.09722222222222222,0.16666666666666666,0.4305555555555556,1.8568933336141065,Balaenoptera physalus (Fin whale) (Balaena physalus),open_ocean,low,18.3991,biooracle_sampled,biooracle:BO22_tempmean_ss,8.0505,biooracle_sampled,biooracle:BO22_phmean_ss,33.4838,biooracle_sampled,biooracle:BO22_salinitymean_ss,0.0,obis_aggregate,obis:depth_median,,missing,pending_obis,,missing,pending_obis,new_candidate,18.3991,biooracle_sampled,biooracle:sst_mean_c,33.4838,biooracle_sampled,biooracle:salinity_mean_psu,8.0505,biooracle_sampled,biooracle:ph_mean,3983.2222,biooracle_sampled,biooracle:depth_mean_m,5.5037,biooracle_sampled,biooracle:do_mean_mlL
A0A665T2B2,0.0,0.0,0.05,0.3333333333333333,0.15,0.1784279134355253,0.1,0.06666666666666667,0.3,0.4,0.0,0.1452991452991453,0.13675213675213677,0.36752136752136755,0.3,0.47412381128746534,6.0,2.8947368421052633,1.0,1.372463664253189,0.3333333333333333,3.1122842405806486,4.001708371253066,0.1,0.11666666666666667,0.05,2.5653435192894944,2.3357154438058263,0.1,2,12.0051251137592,144.12302899701186,20,0.05,0.05,2.087783738171892,2.684427583275547,0.06666666666666667,0.3,0.1,0.05,9.336852721741947,87.1768187475,0.11666666666666667,0.13333333333333333,0.31666666666666665,1.6532265236065973,Echeneis naucrates (Live sharksucker),coastal_estuarine,moderate,28.5002,biooracle_sampled,biooracle:BO22_tempmean_ss,8.0391,biooracle_sampled,biooracle:BO22_phmean_ss,35.3074,biooracle_sampled,biooracle:BO22_salinitymean_ss,23.0,obis_aggregate,obis:depth_median,,missing,pending_obis,,missing,pending_obis,new_candidate,28.5002,biooracle_sampled,biooracle:sst_mean_c,35.3074,biooracle_sampled,biooracle:salinity_mean_psu,8.0391,biooracle_sampled,biooracle:ph_mean,4588.0557,biooracle_sampled,biooracle:depth_mean_m,4.553,biooracle_sampled,biooracle:do_mean_mlL
A0A667XQB4,0.03278688524590164,0.00819672131147541,0.03278688524590164,0.043478260869565216,0.1885245901639344,0.11973529171599036,0.04918032786885246,0.040983606557377046,0.6363636363636364,0.3181818181818182,0.0,0.14728682170542637,0.15503875968992248,0.35658914728682173,0.045454545454545456,2.1992530360366818,58.0,5.380952380952381,1.0,11.834075860578336,0.18032786885245902,2.163898517678965,2.7611456428398675,0.040983606557377046,0.23770491803278687,0.040983606557377046,2.7918892416227137,2.564934039710772,0.06557377049180328,2,15.311807655748357,234.45145368663398,22,0.09016393442622951,0.00819672131147541,2.558366141771812,3.2644883609048696,0.03278688524590164,0.30327868852459017,0.09836065573770492,0.04918032786885246,11.99980087076517,143.99522093801656,0.05737704918032787,0.12295081967213115,0.27049180327868855,1.628189131273702,Myripristis murdjan (pinecone soldierfish),coastal_estuarine,moderate,29.1206,biooracle_sampled,biooracle:BO22_tempmean_ss,8.0471,biooracle_sampled,biooracle:BO22_phmean_ss,34.8761,biooracle_sampled,biooracle:BO22_salinitymean_ss,6.0,obis_aggregate,obis:depth_median,,missing,pending_obis,,missing,pending_obis,new_candidate,29.1206,biooracle_sampled,biooracle:sst_mean_c,34.8761,biooracle_sampled,biooracle:salinity_mean_psu,8.0471,biooracle_sampled,biooracle:ph_mean,4160.1387,biooracle_sampled,biooracle:depth_mean_m,4.4971,biooracle_sampled,biooracle:do_mean_mlL
A0A672Y9T9,0.0,0.0,0.05,0.4,0.16666666666666666,0.16309409370351718,0.1,0.06666666666666667,0.3,0.4,0.0,0.1623931623931624,0.10256410256410256,0.38461538461538464,0.3,0.47412381128746534,6.0,2.8947368421052633,1.0,1.372463664253189,0.3333333333333333,3.2675501865991965,4.169912920569521,0.1,0.1,0.08333333333333333,2.603410815124054,2.379791526222552,0.11666666666666667,2,12.509738761708565,156.49356388619375,20,0.05,0.06666666666666667,2.1919393011383774,2.7972626251944392,0.03333333333333333,0.3,0.11666666666666667,0.03333333333333333,9.80265055979759,96.09195799749999,0.13333333333333333,0.13333333333333333,0.3,1.6285812793019077,Sphaeramia orbicularis (orbiculate cardinalfish),coastal_estuarine,moderate,29.2001,biooracle_sampled,biooracle:BO22_tempmean_ss,8.0485,biooracle_sampled,biooracle:BO22_phmean_ss,32.0395,biooracle_sampled,biooracle:BO22_salinitymean_ss,1.0,obis_aggregate,obis:depth_median,,missing,pending_obis,,missing,pending_obis,new_candidate,29.2001,biooracle_sampled,biooracle:sst_mean_c,32.0395,biooracle_sampled,biooracle:salinity_mean_psu,8.0485,biooracle_sampled,biooracle:ph_mean,20.5,biooracle_sampled,biooracle:depth_mean_m,4.5312,biooracle_sampled,biooracle:do_mean_mlL
A0A674MQB5,0.0,0.0,0.05,0.2727272727272727,0.18333333333333332,0.17451063218483517,0.1,0.06666666666666667,0.3,0.4,0.0,0.20512820512820512,0.11965811965811966,0.3418803418803419,0.3,0.47412381128746534,6.0,2.8947368421052633,1.0,1.372463664253189,0.3333333333333333,3.1344080948845474,4.062656033596335,0.08333333333333333,0.11666666666666667,0.06666666666666667,2.5793049064007514,2.342115785469315,0.11666666666666667,2,12.187968100789007,148.5465664258504,20,0.06666666666666667,0.05,2.102624870816238,2.7253125180963225,0.03333333333333333,0.2833333333333333,0.11666666666666667,0.03333333333333333,9.403224284653643,88.42062694750001,0.16666666666666666,0.16666666666666666,0.3333333333333333,1.6799990178089368,Takifugu rubripes (Japanese pufferfish) (Fugu rubripes),coastal_estuarine,moderate,,missing,pending_biooracle,,missing,pending_biooracle,,missing,pending_biooracle,265,obis_aggregate,obis:depth_median,,missing,pending_obis,,missing,pending_obis,new_candidate,22.0,habitat_default,habitat_default:coastal_estuarine,32.0,habitat_default,habitat_default:coastal_estuarine,8.1,habitat_default,habitat_default:coastal_estuarine,265,obis_aggregate,obis:depth_median_m,6.5,habitat_default,habitat_default:coastal_estuarine
A0A6A1QBI5,0.041666666666666664,0.013888888888888888,0.013888888888888888,0.45454545454545453,0.1527777777777778,0.0764346219330135,0.05555555555555555,0.027777777777777776,0.3125,0.4375,0.02127659574468085,0.1276595744680851,0.2978723404255319,0.2553191489361702,0.25,0.7486529077005643,15.0,4.466666666666667,1.0,3.343982987729187,0.2222222222222222,2.9769942084215257,3.472376781379729,0.08333333333333333,0.3055555555555556,0.041666666666666664,2.8109494212282655,2.6669833111736936,0.06944444444444445,2,15.625695516208781,244.1623603652672,16,0.041666666666666664,0.06944444444444445,3.3491184844742166,3.9064238790521952,0.027777777777777776,0.19444444444444445,0.1111111111111111,0.08333333333333333,13.396473937896866,179.46551396874997,0.09722222222222222,0.09722222222222222,0.3472222222222222,1.3604973733715928,Balaenoptera physalus (Fin whale) (Balaena physalus),open_ocean,low,18.3991,biooracle_sampled,biooracle:BO22_tempmean_ss,8.0505,biooracle_sampled,biooracle:BO22_phmean_ss,33.4838,biooracle_sampled,biooracle:BO22_salinitymean_ss,0.0,obis_aggregate,obis:depth_median,,missing,pending_obis,,missing,pending_obis,new_candidate,18.3991,biooracle_sampled,biooracle:sst_mean_c,33.4838,biooracle_sampled,biooracle:salinity_mean_psu,8.0505,biooracle_sampled,biooracle:ph_mean,3983.2222,biooracle_sampled,biooracle:depth_mean_m,5.5037,biooracle_sampled,biooracle:do_mean_mlL
A0A6G5YNX4,0.0,0.02702702702702703,0.06756756756756757,0.06666666666666667,0.20270270270270271,0.17488753924723022,0.05405405405405406,0.0,0.3684210526315789,0.3157894736842105,0.035398230088495575,0.22123893805309736,0.24778761061946902,0.22123893805309736,0.3157894736842105,0.6643841132959156,8.0,3.5555555555555554,1.0,2.3622546250521443,0.25675675675675674,2.3739763689260127,3.0169082646879937,0.12162162162162163,0.21621621621621623,0.08108108108108109,2.545536272982688,2.3268886763949026,0.10810810810810811,2,11.750063767732186,138.0639985457727,19,0.0945945945945946,0.013513513513513514,2.1211809096984955,2.6956495023001774,0.0,0.1891891891891892,0.10810810810810811,0.05405405405405406,9.246013226343418,85.48876058171743,0.06756756756756757,0.08108108108108109,0.33783783783783783,1.6149959083077288,Lottia gigantea (Giant owl limpet),coastal_estuarine,moderate,,missing,pending_biooracle,,missing,pending_biooracle,,missing,pending_biooracle,0,obis_aggregate,obis:depth_median,,missing,pending_obis,,missing,pending_obis,new_candidate,22.0,habitat_default,habitat_default:coastal_estuarine,32.0,habitat_default,habitat_default:coastal_estuarine,8.1,habitat_default,habitat_default:coastal_estuarine,0,obis_aggregate,obis:depth_median_m,6.5,habitat_default,habitat_default:coastal_estuarine
A0A6G5YPG2,0.0,0.02702702702702703,0.06756756756756757,0.06666666666666667,0.20270270270270271,0.1768754589982666,0.05405405405405406,0.0,0.3684210526315789,0.3157894736842105,0.035398230088495575,0.22123893805309736,0.2743362831858407,0.19469026548672566,0.3157894736842105,0.6643841132959156,8.0,3.5555555555555554,1.0,2.3622546250521443,0.25675675675675674,2.355922777605294,3.0058598844692006,0.12162162162162163,0.22972972972972974,0.08108108108108109,2.5421556381473605,2.3200024502543686,0.10810810810810811,2,11.707033234248467,137.05462714779813,19,0.0945945945945946,0.013513513513513514,2.1050497747123744,2.685777620882168,0.013513513513513514,0.17567567567567569,0.10810810810810811,0.08108108108108109,9.175699239094303,84.19345652631577,0.04054054054054054,0.06756756756756757,0.32432432432432434,1.6278536694233463,Lottia gigantea (Giant owl limpet),coastal_estuarine,moderate,,missing,pending_biooracle,,missing,pending_biooracle,,missing,pending_biooracle,0,obis_aggregate,obis:depth_median,,missing,pending_obis,,missing,pending_obis,new_candidate,22.0,habitat_default,habitat_default:coastal_estuarine,32.0,habitat_default,habitat_default:coastal_estuarine,8.1,habitat_default,habitat_default:coastal_estuarine,0,obis_aggregate,obis:depth_median_m,6.5,habitat_default,habitat_default:coastal_estuarine
A0A6G6AZ81,0.011627906976744186,0.0,0.023255813953488372,0.29411764705882354,0.19767441860465115,0.1292800147923091,0.046511627906976744,0.011627906976744186,0.3333333333333333,0.3333333333333333,0.0,0.23809523809523808,0.23015873015873015,0.31746031746031744,0.3333333333333333,0.4291975376394761,7.0,3.8,1.0,1.6309506430300091,0.2441860465116279,2.7850552878161214,3.4777292459403926,0.10465116279069768,0.23255813953488372,0.09302325581395349,2.7240632578807435,2.518137061989564,0.11627906976744186,2,14.24212929289875,202.83824679564466,21,0.06976744186046512,0.05813953488372093,2.48887640297206,3.1078874067645916,0.011627906976744186,0.22093023255813954,0.12790697674418605,0.046511627906976744,11.405464512008878,130.0846207346939,0.023255813953488372,0.05813953488372093,0.3488372093023256,1.5592792264762099,Libyodrilus violaceus,coastal_estuarine,moderate,,missing,pending_biooracle,,missing,pending_biooracle,,missing,pending_biooracle,,missing,pending_obis,,missing,pending_obis,,missing,pending_obis,new_candidate,22.0,habitat_default,habitat_default:coastal_estuarine,32.0,habitat_default,habitat_default:coastal_estuarine,8.1,habitat_default,habitat_default:coastal_estuarine,30.0,habitat_default,habitat_default:coastal_estuarine,6.5,habitat_default,habitat_default:coastal_estuarine
A0A6G7BMU5,0.03225806451612903,0.0,0.03225806451612903,0.2,0.3225806451612903,0.17247859888861586,0.08064516129032258,0.04838709677419355,0.3333333333333333,0.3888888888888889,0.0,0.37142857142857144,0.21904761904761905,0.11428571428571428,0.2777777777777778,0.4410517285069121,6.0,3.0588235294117645,1.0,1.3490994048446723,0.2903225806451613,2.621599169399242,3.355309835884449,0.06451612903225806,0.22580645161290322,0.0967741935483871,2.5302924800369935,2.305575885571634,0.16129032258064516,2,11.55717832360199,133.56837080353571,18,0.12903225806451613,0.06451612903225806,2.1283802613811837,2.724053054667048,0.0967741935483871,0.0967741935483871,0.1935483870967742,0.11290322580645161,9.02995269459739,81.54004566666664,0.04838709677419355,0.04838709677419355,0.25806451612903225,1.638070836378475,Penaeus monodon (Giant tiger prawn),coastal_estuarine,moderate,26.7788,biooracle_sampled,biooracle:BO22_tempmean_ss,8.0685,biooracle_sampled,biooracle:BO22_phmean_ss,35.9395,biooracle_sampled,biooracle:BO22_salinitymean_ss,20.0,obis_aggregate,obis:depth_median,,missing,pending_obis,,missing,pending_obis,new_candidate,26.7788,biooracle_sampled,biooracle:sst_mean_c,35.9395,biooracle_sampled,biooracle:salinity_mean_psu,8.0685,biooracle_sampled,biooracle:ph_mean,4020.3611,biooracle_sampled,biooracle:depth_mean_m,4.5993,biooracle_sampled,biooracle:do_mean_mlL
A0A6G7BN21,0.016129032258064516,0.0,0.03225806451612903,0.17647058823529413,0.27419354838709675,0.16927401559073135,0.08064516129032258,0.04838709677419355,0.3333333333333333,0.3888888888888889,0.0,0.3333333333333333,0.21904761904761905,0.13333333333333333,0.2777777777777778,0.4410517285069121,6.0,3.0588235294117645,1.0,1.3490994048446723,0.2903225806451613,2.6454614781474564,3.3879921666093273,0.08064516129032258,0.22580645161290322,0.0967741935483871,2.539217325323418,2.3137371857387468,0.14516129032258066,2,11.669750796098793,136.1830836430484,18,0.11290322580645161,0.04838709677419355,2.1477531950941287,2.7505866408928563,0.0967741935483871,0.12903225806451613,0.16129032258064516,0.11290322580645161,9.112145091396794,83.0311881666667,0.04838709677419355,0.06451612903225806,0.2903225806451613,1.6401437417671425,Penaeus monodon (Giant tiger prawn),coastal_estuarine,moderate,26.7788,biooracle_sampled,biooracle:BO22_tempmean_ss,8.0685,biooracle_sampled,biooracle:BO22_phmean_ss,35.9395,biooracle_sampled,biooracle:BO22_salinitymean_ss,20.0,obis_aggregate,obis:depth_median,,missing,pending_obis,,missing,pending_obis,new_candidate,26.7788,biooracle_sampled,biooracle:sst_mean_c,35.9395,biooracle_sampled,biooracle:salinity_mean_psu,8.0685,biooracle_sampled,biooracle:ph_mean,4020.3611,biooracle_sampled,biooracle:depth_mean_m,4.5993,biooracle_sampled,biooracle:do_mean_mlL
A0A6G7D3W5,0.0,0.0,0.06944444444444445,0.125,0.2222222222222222,0.16626158582022316,0.05555555555555555,0.0,0.3684210526315789,0.3157894736842105,0.0,0.24107142857142858,0.20535714285714285,0.22321428571428573,0.3157894736842105,0.6546536707079771,8.0,3.5,1.0,2.29128784747792,0.2638888888888889,2.509395697414759,3.171281123153062,0.1111111111111111,0.18055555555555555,0.1111111111111111,2.5662935583433737,2.352259528806171,0.125,2,12.01748636142213,144.4199784469669,19,0.09722222222222222,0.027777777777777776,2.181580505030035,2.7570004528851246,0.0,0.20833333333333334,0.125,0.027777777777777776,9.50928895862435,90.42657649861496,0.06944444444444445,0.1111111111111111,0.3472222222222222,1.5970966063188174,Patella vulgata (Common limpet),coastal_estuarine,moderate,11.5564,biooracle_sampled,biooracle:BO22_tempmean_ss,8.0605,biooracle_sampled,biooracle:BO22_phmean_ss,33.1817,biooracle_sampled,biooracle:BO22_salinitymean_ss,2.4,obis_aggregate,obis:depth_median,,missing,pending_obis,,missing,pending_obis,new_candidate,11.5564,biooracle_sampled,biooracle:sst_mean_c,33.1817,biooracle_sampled,biooracle:salinity_mean_psu,8.0605,biooracle_sampled,biooracle:ph_mean,19.3333,biooracle_sampled,biooracle:depth_mean_m,6.2449,biooracle_sampled,biooracle:do_mean_mlL
A0A6G7D449,0.0,0.0,0.07042253521126761,0.16666666666666666,0.16901408450704225,0.22029996852295203,0.056338028169014086,0.0,0.3684210526315789,0.3157894736842105,0.0,0.19642857142857142,0.24107142857142858,0.25892857142857145,0.3157894736842105,0.6507819678010326,8.0,3.4444444444444446,1.0,2.2415823335368903,0.2676056338028169,2.2004134339486123,2.806889930881634,0.11267605633802817,0.2112676056338028,0.07042253521126761,2.44138174167161,2.221656729881457,0.09859154929577464,2,10.488904478557686,110.01711716030748,19,0.07042253521126761,0.028169014084507043,1.8863932556066016,2.4063197184465333,0.0,0.23943661971830985,0.09859154929577464,0.04225352112676056,8.222597568965869,67.61111078116342,0.056338028169014086,0.08450704225352113,0.323943661971831,1.627204698890385,Patella vulgata (Common limpet),coastal_estuarine,moderate,11.5564,biooracle_sampled,biooracle:BO22_tempmean_ss,8.0605,biooracle_sampled,biooracle:BO22_phmean_ss,33.1817,biooracle_sampled,biooracle:BO22_salinitymean_ss,2.4,obis_aggregate,obis:depth_median,,missing,pending_obis,,missing,pending_obis,new_candidate,11.5564,biooracle_sampled,biooracle:sst_mean_c,33.1817,biooracle_sampled,biooracle:salinity_mean_psu,8.0605,biooracle_sampled,biooracle:ph_mean,19.3333,biooracle_sampled,biooracle:depth_mean_m,6.2449,biooracle_sampled,biooracle:do_mean_mlL
A0A6G9W1Q9,0.0,0.0,0.0,0.058823529411764705,0.2537313432835821,0.20606641785617008,0.1044776119402985,0.014925373134328358,0.3888888888888889,0.3888888888888889,0.0,0.2830188679245283,0.14150943396226415,0.22641509433962265,0.2222222222222222,0.3819568606504779,6.0,3.3529411764705883,2.0,1.2806788857104259,0.26865671641791045,2.21336129764327,2.8484485312905075,0.13432835820895522,0.14925373134328357,0.08955223880597014,2.4512256274168562,2.2233928061320953,0.13432835820895522,1,10.602558422025778,112.41424509246976,18,0.11940298507462686,0.014925373134328358,1.9418619712263083,2.4990469860469897,0.029850746268656716,0.16417910447761194,0.13432835820895522,0.07462686567164178,8.238622607894394,67.87490247530862,0.1044776119402985,0.07462686567164178,0.34328358208955223,1.656197519154647,Neritina pulligera,coastal_estuarine,moderate,27.7201,biooracle_sampled,biooracle:BO22_tempmean_ss,8.0793,biooracle_sampled,biooracle:BO22_phmean_ss,34.6551,biooracle_sampled,biooracle:BO22_salinitymean_ss,1,obis_aggregate,obis:depth_median,,missing,pending_obis,,missing,pending_obis,new_candidate,27.7201,biooracle_sampled,biooracle:sst_mean_c,34.6551,biooracle_sampled,biooracle:salinity_mean_psu,8.0793,biooracle_sampled,biooracle:ph_mean,36.6111,biooracle_sampled,biooracle:depth_mean_m,4.5199,biooracle_sampled,biooracle:do_mean_mlL
A0A6G9W2L2,0.0,0.0,0.0,0.2,0.15384615384615385,0.28695611268649707,0.1076923076923077,0.015384615384615385,0.3333333333333333,0.4444444444444444,0.0,0.1792452830188679,0.11320754716981132,0.27358490566037735,0.2222222222222222,0.3863090652282846,6.0,3.2941176470588234,2.0,1.2725475089872904,0.27692307692307694,1.9204250682084811,2.5048282643799533,0.2,0.1076923076923077,0.13846153846153847,2.307096220234603,2.071266756722045,0.09230769230769231,1,9.045213176927609,81.81588141606485,18,0.06153846153846154,0.03076923076923077,1.6345641342945478,2.1319771915611425,0.015384615384615385,0.24615384615384617,0.09230769230769231,0.015384615384615385,6.934868301863959,48.092398364197514,0.06153846153846154,0.07692307692307693,0.35384615384615387,1.7012227337152903,Alinda biplicata,coastal_estuarine,moderate,12.2429,biooracle_sampled,biooracle:BO22_tempmean_ss,8.0396,biooracle_sampled,biooracle:BO22_phmean_ss,30.0582,biooracle_sampled,biooracle:BO22_salinitymean_ss,7.8333,biooracle_sampled,biooracle:BO_bathymean,,missing,pending_obis,,missing,pending_obis,new_candidate,12.2429,biooracle_sampled,biooracle:sst_mean_c,30.0582,biooracle_sampled,biooracle:salinity_mean_psu,8.0396,biooracle_sampled,biooracle:ph_mean,7.8333,biooracle_sampled,biooracle:depth_mean_m,6.3363,biooracle_sampled,biooracle:do_mean_mlL
A0A6G9W3C0,0.0,0.0,0.0136986301369863,0.21739130434782608,0.3150684931506849,0.2433089964126061,0.0958904109589041,0.0273972602739726,0.3157894736842105,0.47368421052631576,0.0,0.3508771929824561,0.11403508771929824,0.19298245614035087,0.21052631578947367,0.4965253227398213,6.0,3.1666666666666665,1.0,1.5723301886761007,0.2602739726027397,2.016143784599736,2.6238283119994676,0.1232876712328767,0.1095890410958904,0.1643835616438356,2.4052341470039686,2.168623510261737,0.1232876712328767,3,10.08102456715585,101.6270563235998,19,0.1917808219178082,-0.0684931506849315,1.7771085648986304,2.3127456492412213,0.0136986301369863,0.1780821917808219,0.1232876712328767,0.0273972602739726,7.746236646093723,60.00418217728533,0.0,0.0547945205479452,0.273972602739726,1.6936662185201963,Anentome helena,coastal_estuarine,moderate,,missing,pending_biooracle,,missing,pending_biooracle,,missing,pending_biooracle,,missing,pending_obis,,missing,pending_obis,,missing,pending_obis,new_candidate,22.0,habitat_default,habitat_default:coastal_estuarine,32.0,habitat_default,habitat_default:coastal_estuarine,8.1,habitat_default,habitat_default:coastal_estuarine,30.0,habitat_default,habitat_default:coastal_estuarine,6.5,habitat_default,habitat_default:coastal_estuarine
A0A6G9W3D2,0.0,0.0,0.0,0.09090909090909091,0.16923076923076924,0.17305711130904614,0.1076923076923077,0.015384615384615385,0.3333333333333333,0.4444444444444444,0.0,0.19811320754716982,0.1792452830188679,0.25471698113207547,0.2222222222222222,0.3863090652282846,6.0,3.2941176470588234,2.0,1.2725475089872904,0.27692307692307694,2.465986797643865,3.2345256891813716,0.16923076923076924,0.16923076923076924,0.1076923076923077,2.5400442181937093,2.293034866895626,0.09230769230769231,1,11.680231655377174,136.42781152327498,18,0.07692307692307693,0.015384615384615385,2.0989173916755726,2.753057003115658,0.015384615384615385,0.2153846153846154,0.09230769230769231,0.046153846153846156,8.904952324825068,79.29817590740738,0.1076923076923077,0.12307692307692308,0.4153846153846154,1.720440728454777,Aplysia californica (California sea hare),coastal_estuarine,moderate,14.8265,biooracle_sampled,biooracle:BO22_tempmean_ss,7.9849,biooracle_sampled,biooracle:BO22_phmean_ss,33.4379,biooracle_sampled,biooracle:BO22_salinitymean_ss,8.5,obis_aggregate,obis:depth_median,,missing,pending_obis,,missing,pending_obis,new_candidate,14.8265,biooracle_sampled,biooracle:sst_mean_c,33.4379,biooracle_sampled,biooracle:salinity_mean_psu,7.9849,biooracle_sampled,biooracle:ph_mean,171.6667,biooracle_sampled,biooracle:depth_mean_m,5.8107,biooracle_sampled,biooracle:do_mean_mlL
A0A6G9W3Y9,0.0,0.0,0.0,0.09090909090909091,0.16923076923076924,0.25539701491315814,0.1076923076923077,0.015384615384615385,0.3333333333333333,0.4444444444444444,0.0,0.19811320754716982,0.14150943396226415,0.29245283018867924,0.2222222222222222,0.3863090652282846,6.0,3.2941176470588234,2.0,1.2725475089872904,0.27692307692307694,2.036540335526123,2.6538842008624606,0.15384615384615385,0.12307692307692308,0.13846153846153847,2.359293418507901,2.1227612264345797,0.09230769230769231,1,9.583470725336662,91.84291114338481,18,0.07692307692307693,0.015384615384615385,1.733395301697762,2.258845712396105,0.015384615384615385,0.26153846153846155,0.09230769230769231,0.015384615384615385,7.354173433844332,54.08386689506174,0.1076923076923077,0.12307692307692308,0.38461538461538464,1.698157258643996,Alinda biplicata,coastal_estuarine,moderate,12.2429,biooracle_sampled,biooracle:BO22_tempmean_ss,8.0396,biooracle_sampled,biooracle:BO22_phmean_ss,30.0582,biooracle_sampled,biooracle:BO22_salinitymean_ss,7.8333,biooracle_sampled,biooracle:BO_bathymean,,missing,pending_obis,,missing,pending_obis,new_candidate,12.2429,biooracle_sampled,biooracle:sst_mean_c,30.0582,biooracle_sampled,biooracle:salinity_mean_psu,8.0396,biooracle_sampled,biooracle:ph_mean,7.8333,biooracle_sampled,biooracle:depth_mean_m,6.3363,biooracle_sampled,biooracle:do_mean_mlL
A0A6G9W593,0.014925373134328358,0.0,0.0,0.38461538461538464,0.19402985074626866,0.156823339304534,0.11940298507462686,0.029850746268656716,0.3684210526315789,0.3684210526315789,0.0,0.19642857142857142,0.125,0.3125,0.2631578947368421,0.38316367838318516,6.0,3.1666666666666665,2.0,1.2133516482134197,0.2835820895522388,2.7748925439429075,3.5111899942087144,0.13432835820895522,0.13432835820895522,0.13432835820895522,2.59387799228864,2.378169946117571,0.11940298507462686,1,12.381564716420204,153.30314482690173,19,0.05970149253731343,0.07462686567164178,2.244866769921106,2.840525755883395,0.014925373134328358,0.2537313432835821,0.13432835820895522,0.05970149253731343,9.785147391798674,95.74910947922439,0.1044776119402985,0.11940298507462686,0.373134328358209,1.601092121490335,Neritina pulligera,coastal_estuarine,moderate,27.7201,biooracle_sampled,biooracle:BO22_tempmean_ss,8.0793,biooracle_sampled,biooracle:BO22_phmean_ss,34.6551,biooracle_sampled,biooracle:BO22_salinitymean_ss,1,obis_aggregate,obis:depth_median,,missing,pending_obis,,missing,pending_obis,new_candidate,27.7201,biooracle_sampled,biooracle:sst_mean_c,34.6551,biooracle_sampled,biooracle:salinity_mean_psu,8.0793,biooracle_sampled,biooracle:ph_mean,36.6111,biooracle_sampled,biooracle:depth_mean_m,4.5199,biooracle_sampled,biooracle:do_mean_mlL
A0A6G9W5A3,0.0,0.0,0.0,0.16666666666666666,0.1875,0.3156612575309965,0.09375,0.015625,0.35294117647058826,0.4117647058823529,0.0,0.19,0.04,0.37,0.23529411764705882,0.39792852051344163,6.0,3.4375,2.0,1.3678792892649556,0.265625,1.6959376785056106,2.2405551839241165,0.171875,0.046875,0.140625,2.244429494199808,1.9994111798349106,0.109375,1,8.435031280655497,71.14975270563671,17,0.078125,0.03125,1.5485187948386854,2.0457955838548014,0.015625,0.3125,0.109375,0.015625,6.3847065543740635,40.76447778546713,0.0625,0.125,0.3125,1.7453860952194555,Deroceras reticulatum (Gray garden slug),coastal_estuarine,moderate,,missing,pending_biooracle,,missing,pending_biooracle,,missing,pending_biooracle,,missing,pending_obis,,missing,pending_obis,,missing,pending_obis,new_candidate,22.0,habitat_default,habitat_default:coastal_estuarine,32.0,habitat_default,habitat_default:coastal_estuarine,8.1,habitat_default,habitat_default:coastal_estuarine,30.0,habitat_default,habitat_default:coastal_estuarine,6.5,habitat_default,habitat_default:coastal_estuarine
A0A6J2PVG8,0.0,0.0,0.05,0.3333333333333333,0.15,0.185528603184999,0.1,0.06666666666666667,0.3,0.4,0.0,0.1452991452991453,0.1282051282051282,0.39316239316239315,0.3,0.47412381128746534,6.0,2.8947368421052633,1.0,1.372463664253189,0.3333333333333333,3.0351725470812294,3.946328427647446,0.08333333333333333,0.11666666666666667,0.05,2.5524862673307243,2.3130815757923218,0.1,2,11.838985282942339,140.1615725297253,20,0.05,0.05,2.036055641614443,2.647277587727865,0.03333333333333333,0.31666666666666665,0.1,0.03333333333333333,9.105517641243688,82.91045151500002,0.13333333333333333,0.13333333333333333,0.2833333333333333,1.690517539931229,Cottoperca gobio (Frogmouth) (Aphritis gobio),polar,very_low,7.5201,biooracle_sampled,biooracle:BO22_tempmean_ss,8.1029,biooracle_sampled,biooracle:BO22_phmean_ss,34.0203,biooracle_sampled,biooracle:BO22_salinitymean_ss,156.0,obis_aggregate,obis:depth_median,,missing,pending_obis,,missing,pending_obis,new_candidate,7.5201,biooracle_sampled,biooracle:sst_mean_c,34.0203,biooracle_sampled,biooracle:salinity_mean_psu,8.1029,biooracle_sampled,biooracle:ph_mean,16.3611,biooracle_sampled,biooracle:depth_mean_m,6.9277,biooracle_sampled,biooracle:do_mean_mlL
A0A6J2PVR0,0.0,0.0,0.05,0.3333333333333333,0.15,0.21355914016873206,0.1,0.06666666666666667,0.3,0.4,0.0,0.1452991452991453,0.13675213675213677,0.39316239316239315,0.3,0.47412381128746534,6.0,2.8947368421052633,1.0,1.372463664253189,0.3333333333333333,2.8200564531386396,3.689873863608124,0.08333333333333333,0.11666666666666667,0.05,2.4906916834021042,2.247090285590208,0.1,2,11.069621590824372,122.53652216404511,20,0.05,0.05,1.8917513788814846,2.475242636228266,0.03333333333333333,0.31666666666666665,0.1,0.03333333333333333,8.46016935941592,71.57446558999997,0.13333333333333333,0.13333333333333333,0.2833333333333333,1.7120144894405651,Cottoperca gobio (Frogmouth) (Aphritis gobio),polar,very_low,7.5201,biooracle_sampled,biooracle:BO22_tempmean_ss,8.1029,biooracle_sampled,biooracle:BO22_phmean_ss,34.0203,biooracle_sampled,biooracle:BO22_salinitymean_ss,156.0,obis_aggregate,obis:depth_median,,missing,pending_obis,,missing,pending_obis,new_candidate,7.5201,biooracle_sampled,biooracle:sst_mean_c,34.0203,biooracle_sampled,biooracle:salinity_mean_psu,8.1029,biooracle_sampled,biooracle:ph_mean,16.3611,biooracle_sampled,biooracle:depth_mean_m,6.9277,biooracle_sampled,biooracle:do_mean_mlL
A0A6J3QDU2,0.01639344262295082,0.0,0.04918032786885246,0.5555555555555556,0.14754098360655737,0.17665629085142426,0.11475409836065574,0.08196721311475409,0.3,0.4,0.0,0.15384615384615385,0.24786324786324787,0.23076923076923078,0.3,0.5478734244843404,7.0,2.8947368421052633,1.0,1.585949386665196,0.32786885245901637,3.1083591038028464,3.9153448841574847,0.09836065573770492,0.22950819672131148,0.08196721311475409,2.5604625295082104,2.3495159360394924,0.09836065573770492,2,11.94180189668033,142.60663253955792,20,0.03278688524590164,0.08196721311475409,2.119903187647964,2.670268081481314,0.01639344262295082,0.19672131147540983,0.11475409836065574,0.03278688524590164,9.480495266598682,89.87979050000001,0.16393442622950818,0.13114754098360656,0.4098360655737705,1.5866373491330943,Tursiops truncatus (Atlantic bottle-nosed dolphin) (Delphinus truncatus),open_ocean,low,17.335,biooracle_sampled,biooracle:BO22_tempmean_ss,8.0892,biooracle_sampled,biooracle:BO22_phmean_ss,36.0149,biooracle_sampled,biooracle:BO22_salinitymean_ss,0,obis_aggregate,obis:depth_median,,missing,pending_obis,,missing,pending_obis,new_candidate,17.335,biooracle_sampled,biooracle:sst_mean_c,36.0149,biooracle_sampled,biooracle:salinity_mean_psu,8.0892,biooracle_sampled,biooracle:ph_mean,3221.3889,biooracle_sampled,biooracle:depth_mean_m,5.473,biooracle_sampled,biooracle:do_mean_mlL
A0A6J3QDZ8,0.01639344262295082,0.0,0.04918032786885246,0.5555555555555556,0.14754098360655737,0.15385080653272584,0.11475409836065574,0.08196721311475409,0.3,0.4,0.0,0.15384615384615385,0.20512820512820512,0.27350427350427353,0.3,0.5478734244843404,7.0,2.8947368421052633,1.0,1.585949386665196,0.32786885245901637,3.3257993280389457,4.2017915026135295,0.09836065573770492,0.19672131147540983,0.08196721311475409,2.6257885504981844,2.4108732345167874,0.09836065573770492,2,12.815464082971266,164.23611966192655,20,0.03278688524590164,0.08196721311475409,2.2681975799905527,2.8656248852730752,0.03278688524590164,0.22950819672131148,0.11475409836065574,0.04918032786885246,10.143687950518785,102.8944052375,0.19672131147540983,0.14754098360655737,0.39344262295081966,1.5961618057156568,Tursiops truncatus (Atlantic bottle-nosed dolphin) (Delphinus truncatus),open_ocean,low,17.335,biooracle_sampled,biooracle:BO22_tempmean_ss,8.0892,biooracle_sampled,biooracle:BO22_phmean_ss,36.0149,biooracle_sampled,biooracle:BO22_salinitymean_ss,0,obis_aggregate,obis:depth_median,,missing,pending_obis,,missing,pending_obis,new_candidate,17.335,biooracle_sampled,biooracle:sst_mean_c,36.0149,biooracle_sampled,biooracle:salinity_mean_psu,8.0892,biooracle_sampled,biooracle:ph_mean,3221.3889,biooracle_sampled,biooracle:depth_mean_m,5.473,biooracle_sampled,biooracle:do_mean_mlL
A0A6J3QVJ7,0.01639344262295082,0.0,0.04918032786885246,0.6,0.16393442622950818,0.15685068754607873,0.11475409836065574,0.08196721311475409,0.3,0.4,0.0,0.17094017094017094,0.20512820512820512,0.23931623931623933,0.3,0.5478734244843404,7.0,2.8947368421052633,1.0,1.585949386665196,0.32786885245901637,3.3194242805269876,4.129344570725337,0.11475409836065574,0.19672131147540983,0.09836065573770492,2.6096653683788116,2.4091268756858244,0.11475409836065574,2,12.59450094071228,158.6214539456025,20,0.03278688524590164,0.09836065573770492,2.263849792913611,2.8162160246117707,0.03278688524590164,0.19672131147540983,0.13114754098360656,0.04918032786885246,10.124244055607313,102.50031769750002,0.16393442622950818,0.13114754098360656,0.39344262295081966,1.5475215834328215,Tursiops truncatus (Atlantic bottle-nosed dolphin) (Delphinus truncatus),open_ocean,low,17.335,biooracle_sampled,biooracle:BO22_tempmean_ss,8.0892,biooracle_sampled,biooracle:BO22_phmean_ss,36.0149,biooracle_sampled,biooracle:BO22_salinitymean_ss,0,obis_aggregate,obis:depth_median,,missing,pending_obis,,missing,pending_obis,new_candidate,17.335,biooracle_sampled,biooracle:sst_mean_c,36.0149,biooracle_sampled,biooracle:salinity_mean_psu,8.0892,biooracle_sampled,biooracle:ph_mean,3221.3889,biooracle_sampled,biooracle:depth_mean_m,5.473,biooracle_sampled,biooracle:do_mean_mlL
A0A6P3VKX1,0.03260869565217391,0.03260869565217391,0.03260869565217391,0.2222222222222222,0.1956521739130435,0.17090732603536055,0.06521739130434782,0.043478260869565216,0.55,0.45,0.0,0.1452991452991453,0.09401709401709402,0.42735042735042733,0.0,0.47412381128746534,6.0,2.8947368421052633,1.0,1.372463664253189,0.21739130434782608,2.046872152763572,2.7018605820190413,0.06521739130434782,0.21739130434782608,0.05434782608695652,2.5973836836505497,2.343305825047824,0.08695652173913043,2,12.42855867728759,154.46907079478066,20,0.07608695652173914,0.043478260869565216,2.105394826422113,2.779110206475992,0.021739130434782608,0.2826086956521739,0.11956521739130435,0.05434782608695652,9.415611902712431,88.65374750250001,0.05434782608695652,0.09782608695652174,0.25,1.7423862515278858,Clupea harengus (Atlantic herring),coastal_estuarine,moderate,11.8223,biooracle_sampled,biooracle:BO22_tempmean_ss,8.0725,biooracle_sampled,biooracle:BO22_phmean_ss,34.0463,biooracle_sampled,biooracle:BO22_salinitymean_ss,37.0,obis_aggregate,obis:depth_median,,missing,pending_obis,,missing,pending_obis,new_candidate,11.8223,biooracle_sampled,biooracle:sst_mean_c,34.0463,biooracle_sampled,biooracle:salinity_mean_psu,8.0725,biooracle_sampled,biooracle:ph_mean,96.9722,biooracle_sampled,biooracle:depth_mean_m,6.1367,biooracle_sampled,biooracle:do_mean_mlL
A0A7F8K7K6,0.01639344262295082,0.0,0.04918032786885246,0.5555555555555556,0.14754098360655737,0.18437836822041923,0.11475409836065574,0.08196721311475409,0.3,0.4,0.0,0.15384615384615385,0.20512820512820512,0.2564102564102564,0.3,0.5478734244843404,7.0,2.8947368421052633,1.0,1.585949386665196,0.32786885245901637,3.030045547316433,3.8483201350805953,0.11475409836065574,0.19672131147540983,0.08196721311475409,2.5445406958125325,2.32646165751898,0.09836065573770492,2,11.737376411995816,137.76600503687578,20,0.03278688524590164,0.08196721311475409,2.0664932847096305,2.624557153472522,0.01639344262295082,0.21311475409836064,0.11475409836065574,0.03278688524590164,9.241638919315122,85.40788991499997,0.16393442622950818,0.13114754098360656,0.39344262295081966,1.6130360458967423,Delphinapterus leucas (Beluga whale),open_ocean,low,,missing,pending_biooracle,,missing,pending_biooracle,,missing,pending_biooracle,0.0,obis_aggregate,obis:depth_median,,missing,pending_obis,,missing,pending_obis,new_candidate,15.0,habitat_default,habitat_default:open_ocean,35.0,habitat_default,habitat_default:open_ocean,8.1,habitat_default,habitat_default:open_ocean,0.0,obis_aggregate,obis:depth_median_m,7.0,habitat_default,habitat_default:open_ocean
A0A7J5YY29,0.06779661016949153,0.01694915254237288,0.0,0.3333333333333333,0.2033898305084746,0.6217611507701594,0.06779661016949153,0.03389830508474576,0.0,0.3333333333333333,0.0,0.1111111111111111,0.05555555555555555,0.5,0.6666666666666666,0.44095855184409843,6.0,3.0,2.0,1.3228756555322954,0.15254237288135594,0.48288147907976847,0.6975243514202601,0.05084745762711865,0.2542372881355932,0.01694915254237288,1.7178724331691977,1.4268498472154325,0.06779661016949153,1,4.572659637088372,20.909216156657163,9,0.06779661016949153,0.06779661016949153,1.05518545428542,1.5242198790294574,0.01694915254237288,0.3220338983050847,0.13559322033898305,0.05084745762711865,3.1655563628562597,10.020747086419751,0.0847457627118644,0.13559322033898305,0.23728813559322035,2.086592544082228,Dissostichus mawsoni (Antarctic cod),polar,very_low,-1.6519,biooracle_sampled,biooracle:BO22_tempmean_ss,8.0112,biooracle_sampled,biooracle:BO22_phmean_ss,34.1676,biooracle_sampled,biooracle:BO22_salinitymean_ss,1287,obis_aggregate,obis:depth_median,,missing,pending_obis,,missing,pending_obis,new_candidate,-1.6519,biooracle_sampled,biooracle:sst_mean_c,34.1676,biooracle_sampled,biooracle:salinity_mean_psu,8.0112,biooracle_sampled,biooracle:ph_mean,4400.8335,biooracle_sampled,biooracle:depth_mean_m,7.0089,biooracle_sampled,biooracle:do_mean_mlL
A0A7J5YYD4,0.03225806451612903,0.04032258064516129,0.03225806451612903,0.3684210526315789,0.1532258064516129,0.09436391393340064,0.04838709677419355,0.03225806451612903,0.6,0.24,0.006802721088435374,0.17006802721088435,0.1292517006802721,0.3945578231292517,0.16,1.1618064549154166,25.0,4.5,1.0,5.228129047119374,0.20161290322580644,2.956343192097104,3.6426367214740796,0.06451612903225806,0.21774193548387097,0.03225806451612903,2.947984168524142,2.751330753789321,0.07258064516129033,2,18.067478138511436,326.43376628558866,25,0.04838709677419355,0.056451612903225805,2.9326924465603272,3.6134956277022874,0.03225806451612903,0.31451612903225806,0.10483870967741936,0.056451612903225805,14.663462232801637,215.01712465279996,0.08064516129032258,0.13709677419354838,0.2903225806451613,1.5181756653694414,Dissostichus mawsoni (Antarctic cod),polar,very_low,-1.6519,biooracle_sampled,biooracle:BO22_tempmean_ss,8.0112,biooracle_sampled,biooracle:BO22_phmean_ss,34.1676,biooracle_sampled,biooracle:BO22_salinitymean_ss,1287,obis_aggregate,obis:depth_median,,missing,pending_obis,,missing,pending_obis,new_candidate,-1.6519,biooracle_sampled,biooracle:sst_mean_c,34.1676,biooracle_sampled,biooracle:salinity_mean_psu,8.0112,biooracle_sampled,biooracle:ph_mean,4400.8335,biooracle_sampled,biooracle:depth_mean_m,7.0089,biooracle_sampled,biooracle:do_mean_mlL
A0A7M6UWG4,0.0,0.015625,0.0625,0.16666666666666666,0.1875,0.22721318262261866,0.09375,0.03125,0.35,0.35,0.017241379310344827,0.19827586206896552,0.1724137931034483,0.21551724137931033,0.3,0.5468535009363347,6.0,3.0526315789473686,1.0,1.6693422660161796,0.3125,2.587749957875069,3.321805530696971,0.140625,0.171875,0.09375,2.453568851836307,2.2279477354544737,0.078125,2,10.629777698230308,112.99217391379443,20,0.109375,-0.03125,1.8516431406658789,2.3768905518954213,0.0,0.171875,0.078125,0.015625,8.28079986520022,68.5716464075,0.03125,0.03125,0.265625,1.6477973015598466,Strongylocentrotus purpuratus (Purple sea urchin),open_ocean,low,,missing,pending_biooracle,,missing,pending_biooracle,,missing,pending_biooracle,10.9,obis_aggregate,obis:depth_median,,missing,pending_obis,,missing,pending_obis,new_candidate,15.0,habitat_default,habitat_default:open_ocean,35.0,habitat_default,habitat_default:open_ocean,8.1,habitat_default,habitat_default:open_ocean,10.9,obis_aggregate,obis:depth_median_m,7.0,habitat_default,habitat_default:open_ocean
A0A7M6UWS7,0.0,0.015151515151515152,0.06060606060606061,0.0,0.21212121212121213,0.14838317795943173,0.07575757575757576,0.030303030303030304,0.35,0.35,0.02586206896551724,0.23275862068965517,0.13793103448275862,0.23275862068965517,0.3,0.5265189666310438,6.0,3.1578947368421053,1.0,1.6626914735717173,0.30303030303030304,3.145101725154569,3.9353444488195626,0.13636363636363635,0.15151515151515152,0.12121212121212122,2.638102350990045,2.4317551117777025,0.10606060606060606,2,12.986636681104557,168.65273228701037,20,0.10606060606060606,0.0,2.3207782136871673,2.9039002418042044,0.030303030303030304,0.19696969696969696,0.10606060606060606,0.030303030303030304,10.378835693010078,107.72023034249999,0.045454545454545456,0.045454545454545456,0.2727272727272727,1.5656551397149219,Strongylocentrotus purpuratus (Purple sea urchin),open_ocean,low,,missing,pending_biooracle,,missing,pending_biooracle,,missing,pending_biooracle,10.9,obis_aggregate,obis:depth_median,,missing,pending_obis,,missing,pending_obis,new_candidate,15.0,habitat_default,habitat_default:open_ocean,35.0,habitat_default,habitat_default:open_ocean,8.1,habitat_default,habitat_default:open_ocean,10.9,obis_aggregate,obis:depth_median_m,7.0,habitat_default,habitat_default:open_ocean
A0A7M7N433,0.0,0.0,0.06153846153846154,0.0,0.27692307692307694,0.17811239611033525,0.07692307692307693,0.046153846153846156,0.35,0.35,0.0,0.31896551724137934,0.10344827586206896,0.14655172413793102,0.3,0.531674140385021,6.0,3.1052631578947367,1.0,1.6509881201429601,0.3076923076923077,2.8952840293980784,3.671790998330222,0.15384615384615385,0.13846153846153847,0.13846153846153847,2.5598069846029037,2.342735479208123,0.13846153846153847,2,11.933320744573221,142.40414399286158,20,0.13846153846153847,0.0,2.1040668687686708,2.6683716382174127,0.0,0.12307692307692308,0.13846153846153847,0.015384615384615385,9.409673095543754,88.54194776499997,0.03076923076923077,0.015384615384615385,0.24615384615384617,1.6083240496450084,Strongylocentrotus purpuratus (Purple sea urchin),open_ocean,low,,missing,pending_biooracle,,missing,pending_biooracle,,missing,pending_biooracle,10.9,obis_aggregate,obis:depth_median,,missing,pending_obis,,missing,pending_obis,new_candidate,15.0,habitat_default,habitat_default:open_ocean,35.0,habitat_default,habitat_default:open_ocean,8.1,habitat_default,habitat_default:open_ocean,10.9,obis_aggregate,obis:depth_median_m,7.0,habitat_default,habitat_default:open_ocean
A0A7M7N5S8,0.0,0.0,0.06060606060606061,0.0,0.21212121212121213,0.2115453581334911,0.07575757575757576,0.030303030303030304,0.35,0.35,0.0,0.23275862068965517,0.11206896551724138,0.23275862068965517,0.3,0.5265189666310438,6.0,3.1578947368421053,1.0,1.6626914735717173,0.30303030303030304,2.6111004065534833,3.3248728628846207,0.15151515151515152,0.13636363636363635,0.12121212121212122,2.482577309606971,2.2634940309648495,0.10606060606060606,2,10.972080447519248,120.38654934683419,20,0.10606060606060606,0.0,1.9267373416932054,2.4534317735249354,0.030303030303030304,0.19696969696969696,0.10606060606060606,0.030303030303030304,8.616631341626494,74.2463356775,0.045454545454545456,0.045454545454545456,0.2878787878787879,1.6214476882704498,Strongylocentrotus purpuratus (Purple sea urchin),open_ocean,low,,missing,pending_biooracle,,missing,pending_biooracle,,missing,pending_biooracle,10.9,obis_aggregate,obis:depth_median,,missing,pending_obis,,missing,pending_obis,new_candidate,15.0,habitat_default,habitat_default:open_ocean,35.0,habitat_default,habitat_default:open_ocean,8.1,habitat_default,habitat_default:open_ocean,10.9,obis_aggregate,obis:depth_median_m,7.0,habitat_default,habitat_default:open_ocean
A0A7M7P4M6,0.0,0.015625,0.0625,0.06666666666666667,0.234375,0.19931496182451447,0.09375,0.03125,0.35,0.35,0.017241379310344827,0.25862068965517243,0.14655172413793102,0.1896551724137931,0.3,0.5468535009363347,6.0,3.0526315789473686,1.0,1.6693422660161796,0.3125,2.77961945580538,3.5253707382935877,0.140625,0.15625,0.125,2.508068527379935,2.292007573615566,0.109375,2,11.281186362539481,127.26516574634677,20,0.125,-0.015625,1.9889337775237765,2.5225499573481867,0.0,0.15625,0.109375,0.015625,8.894782258577216,79.11715142749999,0.03125,0.015625,0.234375,1.6085660751192212,Strongylocentrotus purpuratus (Purple sea urchin),open_ocean,low,,missing,pending_biooracle,,missing,pending_biooracle,,missing,pending_biooracle,10.9,obis_aggregate,obis:depth_median,,missing,pending_obis,,missing,pending_obis,new_candidate,15.0,habitat_default,habitat_default:open_ocean,35.0,habitat_default,habitat_default:open_ocean,8.1,habitat_default,habitat_default:open_ocean,10.9,obis_aggregate,obis:depth_median_m,7.0,habitat_default,habitat_default:open_ocean
A0A7M7P4P4,0.0,0.015625,0.0625,0.16666666666666666,0.1875,0.23082416177903373,0.09375,0.03125,0.35,0.35,0.017241379310344827,0.19827586206896552,0.1896551724137931,0.19827586206896552,0.3,0.5468535009363347,6.0,3.0526315789473686,1.0,1.6693422660161796,0.3125,2.567780293748453,3.2952692848537852,0.140625,0.1875,0.09375,2.446240464521823,2.221038423436054,0.078125,2,10.544861711532112,111.19410851533596,20,0.109375,-0.03125,1.837354012193894,2.357902760032058,0.0,0.171875,0.078125,0.015625,8.216896939995049,67.51739532250001,0.03125,0.03125,0.265625,1.6468957071612744,Strongylocentrotus purpuratus (Purple sea urchin),open_ocean,low,,missing,pending_biooracle,,missing,pending_biooracle,,missing,pending_biooracle,10.9,obis_aggregate,obis:depth_median,,missing,pending_obis,,missing,pending_obis,new_candidate,15.0,habitat_default,habitat_default:open_ocean,35.0,habitat_default,habitat_default:open_ocean,8.1,habitat_default,habitat_default:open_ocean,10.9,obis_aggregate,obis:depth_median_m,7.0,habitat_default,habitat_default:open_ocean
A0A8B6C2J3,0.015151515151515152,0.0,0.0,0.2,0.15151515151515152,0.21534804802460555,0.12121212121212122,0.030303030303030304,0.3684210526315789,0.3684210526315789,0.0,0.16964285714285715,0.25,0.17857142857142858,0.2631578947368421,0.4242640687119285,6.0,3.3333333333333335,2.0,1.4142135623730951,0.2878787878787879,2.3846735313748235,3.066218226846285,0.16666666666666666,0.22727272727272727,0.12121212121212122,2.4553983509246935,2.2282497034810684,0.07575757575757576,1,10.651073840623937,113.44537395842354,19,0.06060606060606061,0.030303030303030304,1.9003888138934686,2.443523921656283,0.015151515151515152,0.16666666666666666,0.09090909090909091,0.06060606060606061,8.283602793196755,68.61807523545707,0.07575757575757576,0.07575757575757576,0.36363636363636365,1.6532870321580053,Mytilus galloprovincialis (Mediterranean mussel),coastal_estuarine,moderate,,missing,pending_biooracle,,missing,pending_biooracle,,missing,pending_biooracle,14.5,obis_aggregate,obis:depth_median,,missing,pending_obis,,missing,pending_obis,new_candidate,22.0,habitat_default,habitat_default:coastal_estuarine,32.0,habitat_default,habitat_default:coastal_estuarine,8.1,habitat_default,habitat_default:coastal_estuarine,14.5,obis_aggregate,obis:depth_median_m,6.5,habitat_default,habitat_default:coastal_estuarine
A0A8B6DV18,0.015151515151515152,0.0,0.0,0.09090909090909091,0.16666666666666666,0.1255622222469778,0.12121212121212122,0.030303030303030304,0.3684210526315789,0.3684210526315789,0.0,0.19642857142857142,0.21428571428571427,0.20535714285714285,0.2631578947368421,0.4242640687119285,6.0,3.3333333333333335,2.0,1.4142135623730951,0.2878787878787879,3.1800284787002076,3.943509842009378,0.15151515151515152,0.21212121212121213,0.12121212121212122,2.687745983343095,2.488767081679993,0.07575757575757576,1,13.698507872243102,187.64911792590624,19,0.07575757575757576,0.015151515151515152,2.5342213385915477,3.1426532364423183,0.015151515151515152,0.18181818181818182,0.09090909090909091,0.06060606060606061,11.04641471548493,122.02327806648202,0.09090909090909091,0.09090909090909091,0.3484848484848485,1.5378141031719312,Mytilus galloprovincialis (Mediterranean mussel),coastal_estuarine,moderate,,missing,pending_biooracle,,missing,pending_biooracle,,missing,pending_biooracle,14.5,obis_aggregate,obis:depth_median,,missing,pending_obis,,missing,pending_obis,new_candidate,22.0,habitat_default,habitat_default:coastal_estuarine,32.0,habitat_default,habitat_default:coastal_estuarine,8.1,habitat_default,habitat_default:coastal_estuarine,14.5,obis_aggregate,obis:depth_median_m,6.5,habitat_default,habitat_default:coastal_estuarine
A0A8B6DXM4,0.015151515151515152,0.0,0.0,0.09090909090909091,0.16666666666666666,0.12970055753598458,0.12121212121212122,0.030303030303030304,0.3684210526315789,0.3684210526315789,0.0,0.19642857142857142,0.24107142857142858,0.17857142857142858,0.2631578947368421,0.4242640687119285,6.0,3.3333333333333335,2.0,1.4142135623730951,0.2878787878787879,3.1335202362783954,3.874347624840538,0.15151515151515152,0.22727272727272727,0.12121212121212122,2.671265889332419,2.4752653016785975,0.07575757575757576,1,13.458260170498711,181.124766816832,19,0.07575757575757576,0.015151515151515152,2.4971580917825382,3.087536633635913,0.015151515151515152,0.16666666666666666,0.09090909090909091,0.06060606060606061,10.88485976812495,118.48017217174515,0.07575757575757576,0.07575757575757576,0.3333333333333333,1.5287348380476622,Mytilus galloprovincialis (Mediterranean mussel),coastal_estuarine,moderate,,missing,pending_biooracle,,missing,pending_biooracle,,missing,pending_biooracle,14.5,obis_aggregate,obis:depth_median,,missing,pending_obis,,missing,pending_obis,new_candidate,22.0,habitat_default,habitat_default:coastal_estuarine,32.0,habitat_default,habitat_default:coastal_estuarine,8.1,habitat_default,habitat_default:coastal_estuarine,14.5,obis_aggregate,obis:depth_median_m,6.5,habitat_default,habitat_default:coastal_estuarine
A0A8B8BAW1,0.0,0.0,0.04819277108433735,0.2727272727272727,0.26506024096385544,0.14612540387675718,0.10843373493975904,0.024096385542168676,0.24,0.44,0.0,0.32,0.13333333333333333,0.18,0.32,0.6050616158013943,6.0,2.875,1.0,1.7395521454290086,0.30120481927710846,3.5293834620647857,4.397838434115303,0.10843373493975904,0.13253012048192772,0.0963855421686747,2.7473237078146306,2.5429831725875376,0.1686746987951807,3,14.600823601262803,213.1840498351929,25,0.0963855421686747,0.07228915662650602,2.3435106188110177,2.9201647202525605,0.0,0.18072289156626506,0.1686746987951807,0.024096385542168676,11.717553094055088,137.30105051199996,0.04819277108433735,0.03614457831325301,0.24096385542168675,1.552676028626313,Crassostrea virginica (Eastern oyster),coastal_estuarine,moderate,22.0622,biooracle_sampled,biooracle:BO22_tempmean_ss,8.1105,biooracle_sampled,biooracle:BO22_phmean_ss,35.9989,biooracle_sampled,biooracle:BO22_salinitymean_ss,3.0,obis_aggregate,obis:depth_median,,missing,pending_obis,,missing,pending_obis,new_candidate,22.0622,biooracle_sampled,biooracle:sst_mean_c,35.9989,biooracle_sampled,biooracle:salinity_mean_psu,8.1105,biooracle_sampled,biooracle:ph_mean,25.7222,biooracle_sampled,biooracle:depth_mean_m,4.9358,biooracle_sampled,biooracle:do_mean_mlL
A0A8B8VVZ8,0.016129032258064516,0.0,0.04838709677419355,0.2727272727272727,0.1774193548387097,0.15585698164273445,0.11290322580645161,0.08064516129032258,0.3,0.45,0.0,0.1794871794871795,0.17094017094017094,0.26495726495726496,0.25,0.5478734244843404,7.0,2.8947368421052633,1.0,1.585949386665196,0.3225806451612903,3.26726022087873,4.086924562014706,0.11290322580645161,0.1774193548387097,0.0967741935483871,2.6151645967359225,2.409509986000466,0.0967741935483871,2,12.669466142245588,160.5153723295073,20,0.06451612903225806,0.04838709677419355,2.2648029457604033,2.832978753269315,0.03225806451612903,0.20967741935483872,0.11290322580645161,0.06451612903225806,10.128506684724062,102.58664766250001,0.11290322580645161,0.0967741935483871,0.3064516129032258,1.5646809403265334,Balaenoptera musculus (Blue whale),open_ocean,low,,missing,pending_biooracle,,missing,pending_biooracle,,missing,pending_biooracle,20.0,obis_aggregate,obis:depth_median,,missing,pending_obis,,missing,pending_obis,new_candidate,15.0,habitat_default,habitat_default:open_ocean,35.0,habitat_default,habitat_default:open_ocean,8.1,habitat_default,habitat_default:open_ocean,20.0,obis_aggregate,obis:depth_median_m,7.0,habitat_default,habitat_default:open_ocean
A0A8B8VW02,0.01639344262295082,0.0,0.04918032786885246,0.5555555555555556,0.14754098360655737,0.15844801137667452,0.11475409836065574,0.08196721311475409,0.3,0.4,0.0,0.15384615384615385,0.18803418803418803,0.2905982905982906,0.3,0.5478734244843404,7.0,2.8947368421052633,1.0,1.585949386665196,0.32786885245901637,3.293621071796119,4.1197407905375965,0.09836065573770492,0.18032786885245902,0.08196721311475409,2.6075083835987893,2.402027113066605,0.09836065573770492,2,12.565209411139671,157.88448754579295,20,0.03278688524590164,0.08196721311475409,2.2462519856418606,2.8096662394828407,0.01639344262295082,0.2459016393442623,0.11475409836065574,0.03278688524590164,10.045544268978164,100.91295966000003,0.21311475409836064,0.16393442622950818,0.39344262295081966,1.5645610640867502,Balaenoptera musculus (Blue whale),open_ocean,low,,missing,pending_biooracle,,missing,pending_biooracle,,missing,pending_biooracle,20.0,obis_aggregate,obis:depth_median,,missing,pending_obis,,missing,pending_obis,new_candidate,15.0,habitat_default,habitat_default:open_ocean,35.0,habitat_default,habitat_default:open_ocean,8.1,habitat_default,habitat_default:open_ocean,20.0,obis_aggregate,obis:depth_median_m,7.0,habitat_default,habitat_default:open_ocean
A0A8B8VX94,0.0,0.0,0.04918032786885246,0.45454545454545453,0.18032786885245902,0.14781473587069735,0.11475409836065574,0.08196721311475409,0.3,0.4,0.0,0.19658119658119658,0.17094017094017094,0.26495726495726496,0.3,0.5478734244843404,7.0,2.8947368421052633,1.0,1.585949386665196,0.32786885245901637,3.388952295530485,4.291875642391724,0.09836065573770492,0.18032786885245902,0.14754098360655737,2.645480990038776,2.4280103634750394,0.13114754098360656,2,13.09022070929476,171.3538782180494,20,0.04918032786885246,0.08196721311475409,2.311267950119587,2.9270623346458597,0.01639344262295082,0.21311475409836064,0.13114754098360656,0.04918032786885246,10.33630450136798,106.83919074499997,0.16393442622950818,0.13114754098360656,0.36065573770491804,1.6038485224680414,Balaenoptera musculus (Blue whale),open_ocean,low,,missing,pending_biooracle,,missing,pending_biooracle,,missing,pending_biooracle,20.0,obis_aggregate,obis:depth_median,,missing,pending_obis,,missing,pending_obis,new_candidate,15.0,habitat_default,habitat_default:open_ocean,35.0,habitat_default,habitat_default:open_ocean,8.1,habitat_default,habitat_default:open_ocean,20.0,obis_aggregate,obis:depth_median_m,7.0,habitat_default,habitat_default:open_ocean
A0A8B8WDK8,0.01818181818181818,0.0,0.05454545454545454,0.6,0.18181818181818182,0.1530602500932571,0.10909090909090909,0.09090909090909091,0.3333333333333333,0.3888888888888889,0.0,0.19047619047619047,0.2,0.23809523809523808,0.2777777777777778,0.5692377828971981,7.0,2.8823529411764706,1.0,1.640744197762512,0.32727272727272727,3.1602552432223017,3.9857270782399405,0.09090909090909091,0.2,0.10909090909090909,2.5785950999087275,2.366154594665257,0.12727272727272726,2,12.178610516844262,148.31855412098966,18,0.03636363636363636,0.10909090909090909,2.276020096332514,2.8705260272967945,0.03636363636363636,0.2,0.14545454545454545,0.05454545454545454,9.656335465401478,93.24481462037038,0.16363636363636364,0.12727272727272726,0.36363636363636365,1.590635948227708,Balaenoptera musculus (Blue whale),open_ocean,low,,missing,pending_biooracle,,missing,pending_biooracle,,missing,pending_biooracle,20.0,obis_aggregate,obis:depth_median,,missing,pending_obis,,missing,pending_obis,new_candidate,15.0,habitat_default,habitat_default:open_ocean,35.0,habitat_default,habitat_default:open_ocean,8.1,habitat_default,habitat_default:open_ocean,20.0,obis_aggregate,obis:depth_median_m,7.0,habitat_default,habitat_default:open_ocean
A0A8B8XNQ5,0.0379746835443038,0.02531645569620253,0.02531645569620253,0.42857142857142855,0.17721518987341772,0.15211769199130504,0.08860759493670886,0.05063291139240506,0.42105263157894735,0.47368421052631576,0.017699115044247787,0.17699115044247787,0.22123893805309736,0.25663716814159293,0.10526315789473684,0.5211573066470477,7.0,3.0,1.0,1.5634719199411433,0.24050632911392406,2.380835791720352,3.034572026441852,0.08860759493670886,0.27848101265822783,0.0759493670886076,2.6113506674621316,2.388695319773705,0.08860759493670886,2,12.617431057310858,159.1995664859926,19,0.05063291139240506,0.0759493670886076,2.271047054749639,2.8946372055741882,0.02531645569620253,0.20253164556962025,0.12658227848101267,0.06329113924050633,9.89926460767936,97.99543977285319,0.1518987341772152,0.1518987341772152,0.4050632911392405,1.6245609678879593,Balaenoptera musculus (Blue whale),open_ocean,low,,missing,pending_biooracle,,missing,pending_biooracle,,missing,pending_biooracle,20.0,obis_aggregate,obis:depth_median,,missing,pending_obis,,missing,pending_obis,new_candidate,15.0,habitat_default,habitat_default:open_ocean,35.0,habitat_default,habitat_default:open_ocean,8.1,habitat_default,habitat_default:open_ocean,20.0,obis_aggregate,obis:depth_median_m,7.0,habitat_default,habitat_default:open_ocean
A0A8B8YQ69,0.0,0.05063291139240506,0.012658227848101266,0.2,0.12658227848101267,0.2729576402488708,0.0379746835443038,0.02531645569620253,0.0,0.5384615384615384,0.0,0.10256410256410256,0.23076923076923078,0.32051282051282054,0.46153846153846156,0.412310562561766,6.0,3.3333333333333335,1.0,1.3743685418725535,0.16455696202531644,0.9688543147573024,1.3311351195425056,0.08860759493670886,0.3037974683544304,0.0379746835443038,2.2070875255433196,1.9297304092264156,0.0759493670886076,2,8.089205726450611,65.43524928484136,13,0.05063291139240506,0.02531645569620253,1.6329411770097428,2.243542001884201,0.012658227848101266,0.24050632911392406,0.0759493670886076,0.0379746835443038,5.887653143525146,34.66445953846153,0.10126582278481013,0.10126582278481013,0.31645569620253167,1.8876754507664681,Balaenoptera musculus (Blue whale),open_ocean,low,,missing,pending_biooracle,,missing,pending_biooracle,,missing,pending_biooracle,20.0,obis_aggregate,obis:depth_median,,missing,pending_obis,,missing,pending_obis,new_candidate,15.0,habitat_default,habitat_default:open_ocean,35.0,habitat_default,habitat_default:open_ocean,8.1,habitat_default,habitat_default:open_ocean,20.0,obis_aggregate,obis:depth_median_m,7.0,habitat_default,habitat_default:open_ocean
A0A8B8YRT0,0.01639344262295082,0.01639344262295082,0.04918032786885246,0.45454545454545453,0.18032786885245902,0.16829629793318804,0.09836065573770492,0.04918032786885246,0.2777777777777778,0.3888888888888889,0.009523809523809525,0.2,0.1523809523809524,0.3142857142857143,0.3333333333333333,0.6749349524825666,9.0,3.235294117647059,1.0,2.183613081561245,0.29508196721311475,2.687301303217734,3.465508112020953,0.08196721311475409,0.18032786885245902,0.13114754098360656,2.545077987332297,2.3132248423388324,0.11475409836065574,2,11.74422193518212,137.92674886281284,18,0.04918032786885246,0.08196721311475409,2.146532360192576,2.768139656709025,0.01639344262295082,0.2459016393442623,0.13114754098360656,0.03278688524590164,9.10696552757121,82.93682112037038,0.14754098360655737,0.16393442622950818,0.3770491803278688,1.6630339455937533,Balaenoptera musculus (Blue whale),open_ocean,low,,missing,pending_biooracle,,missing,pending_biooracle,,missing,pending_biooracle,20.0,obis_aggregate,obis:depth_median,,missing,pending_obis,,missing,pending_obis,new_candidate,15.0,habitat_default,habitat_default:open_ocean,35.0,habitat_default,habitat_default:open_ocean,8.1,habitat_default,habitat_default:open_ocean,20.0,obis_aggregate,obis:depth_median_m,7.0,habitat_default,habitat_default:open_ocean
A0A8C0I3E3,0.01639344262295082,0.0,0.04918032786885246,0.6,0.16393442622950818,0.17052899056238052,0.11475409836065574,0.08196721311475409,0.3,0.4,0.0,0.17094017094017094,0.20512820512820512,0.2564102564102564,0.3,0.5478734244843404,7.0,2.8947368421052633,1.0,1.585949386665196,0.32786885245901637,3.1705040625663607,3.9765255907174373,0.09836065573770492,0.19672131147540983,0.09836065573770492,2.5747780549990273,2.3674395696024986,0.11475409836065574,2,12.128403051688185,147.09816058419926,20,0.03278688524590164,0.09836065573770492,2.1622860950854768,2.711993368209068,0.03278688524590164,0.21311475409836064,0.13114754098360656,0.04918032786885246,9.670037390827401,93.50962314000002,0.19672131147540983,0.14754098360655737,0.39344262295081966,1.573080455729866,Balaenoptera musculus (Blue whale),open_ocean,low,,missing,pending_biooracle,,missing,pending_biooracle,,missing,pending_biooracle,20.0,obis_aggregate,obis:depth_median,,missing,pending_obis,,missing,pending_obis,new_candidate,15.0,habitat_default,habitat_default:open_ocean,35.0,habitat_default,habitat_default:open_ocean,8.1,habitat_default,habitat_default:open_ocean,20.0,obis_aggregate,obis:depth_median_m,7.0,habitat_default,habitat_default:open_ocean
A0A8C3AVP2,0.0,0.0,0.05,0.2,0.16666666666666666,0.16373190894374673,0.1,0.06666666666666667,0.3,0.4,0.0,0.17094017094017094,0.11965811965811966,0.37606837606837606,0.3,0.47412381128746534,6.0,2.8947368421052633,1.0,1.372463664253189,0.3333333333333333,3.288097040293806,4.127713395114945,0.08333333333333333,0.1,0.05,2.593995719641304,2.3854813672983846,0.1,2,12.383140185344837,153.34216084990217,20,0.06666666666666667,0.03333333333333333,2.2057225496138444,2.76895432293404,0.06666666666666667,0.31666666666666665,0.1,0.05,9.864291120881418,97.30423931749999,0.11666666666666667,0.15,0.3,1.5759042147131184,Cyclopterus lumpus (Lumpsucker),coastal_estuarine,moderate,4.9679,biooracle_sampled,biooracle:BO22_tempmean_ss,8.1143,biooracle_sampled,biooracle:BO22_phmean_ss,33.4177,biooracle_sampled,biooracle:BO22_salinitymean_ss,177.3,obis_aggregate,obis:depth_median,,missing,pending_obis,,missing,pending_obis,new_candidate,4.9679,biooracle_sampled,biooracle:sst_mean_c,33.4177,biooracle_sampled,biooracle:salinity_mean_psu,8.1143,biooracle_sampled,biooracle:ph_mean,140.5972,biooracle_sampled,biooracle:depth_mean_m,7.3656,biooracle_sampled,biooracle:do_mean_mlL
A0A8C3AW41,0.0,0.0,0.05,0.4,0.16666666666666666,0.18808977346062236,0.1,0.06666666666666667,0.3,0.4,0.0,0.17094017094017094,0.13675213675213677,0.3418803418803419,0.3,0.47412381128746534,6.0,2.8947368421052633,1.0,1.372463664253189,0.3333333333333333,3.0102422155220516,3.9248300939888043,0.1,0.11666666666666667,0.06666666666666667,2.5474502356433772,2.3056530466643355,0.11666666666666667,2,11.774490281966413,138.6386214001215,20,0.05,0.06666666666666667,2.019331866794064,2.6328560670887566,0.08333333333333333,0.2833333333333333,0.11666666666666667,0.06666666666666667,9.030726646566155,81.55402376499998,0.1,0.11666666666666667,0.3,1.6999605292267645,Cyclopterus lumpus (Lumpsucker),coastal_estuarine,moderate,4.9679,biooracle_sampled,biooracle:BO22_tempmean_ss,8.1143,biooracle_sampled,biooracle:BO22_phmean_ss,33.4177,biooracle_sampled,biooracle:BO22_salinitymean_ss,177.3,obis_aggregate,obis:depth_median,,missing,pending_obis,,missing,pending_obis,new_candidate,4.9679,biooracle_sampled,biooracle:sst_mean_c,33.4177,biooracle_sampled,biooracle:salinity_mean_psu,8.1143,biooracle_sampled,biooracle:ph_mean,140.5972,biooracle_sampled,biooracle:depth_mean_m,7.3656,biooracle_sampled,biooracle:do_mean_mlL
A0A8C4ZWR0,0.0,0.0,0.05,0.16666666666666666,0.2,0.1707743041845349,0.1,0.06666666666666667,0.3,0.4,0.0,0.21367521367521367,0.1282051282051282,0.3418803418803419,0.3,0.47412381128746534,6.0,2.8947368421052633,1.0,1.372463664253189,0.3333333333333333,3.199560292837126,4.06700459671614,0.06666666666666667,0.11666666666666667,0.06666666666666667,2.580293628927152,2.3607295479505925,0.11666666666666667,2,12.201013790148421,148.86473750739194,20,0.08333333333333333,0.03333333333333333,2.146330293867884,2.7282296229184224,0.03333333333333333,0.2833333333333333,0.11666666666666667,0.03333333333333333,9.598680878511379,92.13467460749997,0.08333333333333333,0.1,0.25,1.6157297797117742,Gadus morhua (Atlantic cod),coastal_estuarine,moderate,10.5173,biooracle_sampled,biooracle:BO22_tempmean_ss,8.0634,biooracle_sampled,biooracle:BO22_phmean_ss,34.8397,biooracle_sampled,biooracle:BO22_salinitymean_ss,45.8,obis_aggregate,obis:depth_median,,missing,pending_obis,,missing,pending_obis,new_candidate,10.5173,biooracle_sampled,biooracle:sst_mean_c,34.8397,biooracle_sampled,biooracle:salinity_mean_psu,8.0634,biooracle_sampled,biooracle:ph_mean,3545.2222,biooracle_sampled,biooracle:depth_mean_m,6.6417,biooracle_sampled,biooracle:do_mean_mlL
A0A8C5D695,0.0,0.0,0.05,0.1111111111111111,0.15,0.17497448591941536,0.1,0.06666666666666667,0.3,0.4,0.0,0.1623931623931624,0.13675213675213677,0.358974358974359,0.3,0.47412381128746534,6.0,2.8947368421052633,1.0,1.372463664253189,0.3333333333333333,3.1487669954108846,4.033408743402465,0.1,0.11666666666666667,0.05,2.5726294995394707,2.3462479431384127,0.08333333333333333,2,12.100226230207394,146.41547482219903,20,0.06666666666666667,0.016666666666666666,2.1122571141139517,2.705692839386975,0.03333333333333333,0.3,0.08333333333333333,0.03333333333333333,9.446300986232654,89.2326023225,0.06666666666666667,0.06666666666666667,0.21666666666666667,1.6408293719041338,Gadus morhua (Atlantic cod),coastal_estuarine,moderate,10.5173,biooracle_sampled,biooracle:BO22_tempmean_ss,8.0634,biooracle_sampled,biooracle:BO22_phmean_ss,34.8397,biooracle_sampled,biooracle:BO22_salinitymean_ss,45.8,obis_aggregate,obis:depth_median,,missing,pending_obis,,missing,pending_obis,new_candidate,10.5173,biooracle_sampled,biooracle:sst_mean_c,34.8397,biooracle_sampled,biooracle:salinity_mean_psu,8.0634,biooracle_sampled,biooracle:ph_mean,3545.2222,biooracle_sampled,biooracle:depth_mean_m,6.6417,biooracle_sampled,biooracle:do_mean_mlL
A0A8C5GH36,0.058823529411764705,0.0784313725490196,0.0,0.14285714285714285,0.13725490196078433,0.17659622189060978,0.0392156862745098,0.0392156862745098,0.36363636363636365,0.36363636363636365,0.10606060606060606,0.10606060606060606,0.4393939393939394,0.2727272727272727,0.2727272727272727,0.6123724356957945,10.0,4.0,2.0,2.449489742783178,0.21568627450980393,1.4988898267727246,1.9332436096059922,0.0,0.43137254901960786,0.0,2.2989003498394363,2.0730962387281755,0.0196078431372549,1,8.9632203718096,80.33931943362262,11,0.058823529411764705,0.0196078431372549,2.0953224217502675,2.702512626051115,0.0196078431372549,0.21568627450980393,0.0784313725490196,0.0784313725490196,6.94939828776445,48.29413656198347,0.0392156862745098,0.0784313725490196,0.21568627450980393,1.6635418945840459,Gouania willdenowi (Blunt-snouted clingfish) (Lepadogaster willdenowi),coastal_estuarine,moderate,19.8124,biooracle_sampled,biooracle:BO22_tempmean_ss,8.0788,biooracle_sampled,biooracle:BO22_phmean_ss,38.0369,biooracle_sampled,biooracle:BO22_salinitymean_ss,2.5,obis_aggregate,obis:depth_median,,missing,pending_obis,,missing,pending_obis,new_candidate,19.8124,biooracle_sampled,biooracle:sst_mean_c,38.0369,biooracle_sampled,biooracle:salinity_mean_psu,8.0788,biooracle_sampled,biooracle:ph_mean,770.5555,biooracle_sampled,biooracle:depth_mean_m,5.1838,biooracle_sampled,biooracle:do_mean_mlL
A0A8C5HUX0,0.07228915662650602,0.08433734939759036,0.0,0.29411764705882354,0.20481927710843373,0.049799711523421164,0.024096385542168676,0.0,0.2857142857142857,0.0,0.047619047619047616,0.16666666666666666,0.21428571428571427,0.30952380952380953,0.7142857142857143,1.4303231247595696,49.0,11.833333333333334,2.0,16.925490309654908,0.08433734939759036,0.8574946601442673,1.1659493483270278,0.07228915662650602,0.3373493975903614,0.024096385542168676,2.696303341936623,2.41300210461246,0.060240963855421686,1,13.824827987306188,191.12586887860445,7,0.07228915662650602,0.060240963855421686,3.842929848337331,5.225293824665399,0.0,0.24096385542168675,0.13253012048192772,0.07228915662650602,10.167436684567742,103.37676873469387,0.060240963855421686,0.13253012048192772,0.30120481927710846,1.8488280415216873,Gouania willdenowi (Blunt-snouted clingfish) (Lepadogaster willdenowi),coastal_estuarine,moderate,19.8124,biooracle_sampled,biooracle:BO22_tempmean_ss,8.0788,biooracle_sampled,biooracle:BO22_phmean_ss,38.0369,biooracle_sampled,biooracle:BO22_salinitymean_ss,2.5,obis_aggregate,obis:depth_median,,missing,pending_obis,,missing,pending_obis,new_candidate,19.8124,biooracle_sampled,biooracle:sst_mean_c,38.0369,biooracle_sampled,biooracle:salinity_mean_psu,8.0788,biooracle_sampled,biooracle:ph_mean,770.5555,biooracle_sampled,biooracle:depth_mean_m,5.1838,biooracle_sampled,biooracle:do_mean_mlL
A0A8C6ADN2,0.045454545454545456,0.022727272727272728,0.0,0.42857142857142855,0.1590909090909091,0.5044404703009555,0.09090909090909091,0.045454545454545456,0.1,0.5,0.016666666666666666,0.18333333333333332,0.18333333333333332,0.3,0.4,0.4334415548267771,6.0,3.2222222222222223,2.0,1.3966450099973928,0.22727272727272727,0.8500024501666193,1.2046601592780972,0.18181818181818182,0.20454545454545456,0.045454545454545456,1.8406297414305985,1.5560394101206698,0.06818181818181818,1,5.300504700823628,28.095350083453376,10,0.045454545454545456,0.06818181818181818,1.1826952540701259,1.6761667603032036,0.022727272727272728,0.22727272727272727,0.11363636363636363,0.045454545454545456,3.740010780733125,13.98768064,0.11363636363636363,0.13636363636363635,0.4318181818181818,2.0085781772219082,Monodon monoceros (Narwhal) (Ceratodon monodon),open_ocean,low,,missing,pending_biooracle,,missing,pending_biooracle,,missing,pending_biooracle,0,obis_aggregate,obis:depth_median,,missing,pending_obis,,missing,pending_obis,new_candidate,15.0,habitat_default,habitat_default:open_ocean,35.0,habitat_default,habitat_default:open_ocean,8.1,habitat_default,habitat_default:open_ocean,0,obis_aggregate,obis:depth_median_m,7.0,habitat_default,habitat_default:open_ocean
A0A8C6AUT8,0.01639344262295082,0.01639344262295082,0.04918032786885246,0.6,0.16393442622950818,0.1379532572066361,0.11475409836065574,0.08196721311475409,0.3,0.4,0.017094017094017096,0.17094017094017094,0.2222222222222222,0.23931623931623933,0.3,0.5478734244843404,7.0,2.8947368421052633,1.0,1.585949386665196,0.32786885245901637,3.5121077609056814,4.437419884671814,0.09836065573770492,0.21311475409836064,0.09836065573770492,2.676499721300116,2.4606078669308,0.11475409836065574,2,13.534130648249034,183.1726924038738,20,0.03278688524590164,0.09836065573770492,2.3952600677953533,3.0263236145848134,0.03278688524590164,0.19672131147540983,0.13114754098360656,0.04918032786885246,10.71192867076233,114.74541584750001,0.18032786885245902,0.13114754098360656,0.3770491803278688,1.596339958777226,Monodon monoceros (Narwhal) (Ceratodon monodon),open_ocean,low,,missing,pending_biooracle,,missing,pending_biooracle,,missing,pending_biooracle,0,obis_aggregate,obis:depth_median,,missing,pending_obis,,missing,pending_obis,new_candidate,15.0,habitat_default,habitat_default:open_ocean,35.0,habitat_default,habitat_default:open_ocean,8.1,habitat_default,habitat_default:open_ocean,0,obis_aggregate,obis:depth_median_m,7.0,habitat_default,habitat_default:open_ocean
A0A8C6B680,0.0,0.0,0.04918032786885246,0.45454545454545453,0.18032786885245902,0.16871217237196187,0.11475409836065574,0.08196721311475409,0.3,0.4,0.0,0.19658119658119658,0.1623931623931624,0.27350427350427353,0.3,0.5478734244843404,7.0,2.8947368421052633,1.0,1.585949386665196,0.32786885245901637,3.1742439006005605,4.01461225225265,0.09836065573770492,0.16393442622950818,0.14754098360655737,2.5835874584963827,2.3685080207264053,0.13114754098360656,2,12.244567369370584,149.92943006305487,20,0.04918032786885246,0.08196721311475409,2.1648366673666164,2.73796849929884,0.01639344262295082,0.22950819672131148,0.13114754098360656,0.04918032786885246,9.681443896831711,93.73035592749999,0.16393442622950818,0.13114754098360656,0.36065573770491804,1.5995824253460065,Monodon monoceros (Narwhal) (Ceratodon monodon),open_ocean,low,,missing,pending_biooracle,,missing,pending_biooracle,,missing,pending_biooracle,0,obis_aggregate,obis:depth_median,,missing,pending_obis,,missing,pending_obis,new_candidate,15.0,habitat_default,habitat_default:open_ocean,35.0,habitat_default,habitat_default:open_ocean,8.1,habitat_default,habitat_default:open_ocean,0,obis_aggregate,obis:depth_median_m,7.0,habitat_default,habitat_default:open_ocean
A0A8C6B6B8,0.01639344262295082,0.0,0.04918032786885246,0.5555555555555556,0.14754098360655737,0.14304657439356466,0.11475409836065574,0.08196721311475409,0.3,0.4,0.0,0.15384615384615385,0.23076923076923078,0.2564102564102564,0.3,0.5478734244843404,7.0,2.8947368421052633,1.0,1.585949386665196,0.32786885245901637,3.437765349305062,4.371964482680414,0.09836065573770492,0.21311475409836064,0.08196721311475409,2.6626686380979594,2.4410578843693136,0.09836065573770492,2,13.334491672175265,177.8086681553115,20,0.03278688524590164,0.08196721311475409,2.3445584885805255,2.981682982438873,0.03278688524590164,0.21311475409836064,0.11475409836065574,0.04918032786885246,10.48518431538044,109.9390901275,0.16393442622950818,0.13114754098360656,0.39344262295081966,1.6173380000607693,Monodon monoceros (Narwhal) (Ceratodon monodon),open_ocean,low,,missing,pending_biooracle,,missing,pending_biooracle,,missing,pending_biooracle,0,obis_aggregate,obis:depth_median,,missing,pending_obis,,missing,pending_obis,new_candidate,15.0,habitat_default,habitat_default:open_ocean,35.0,habitat_default,habitat_default:open_ocean,8.1,habitat_default,habitat_default:open_ocean,0,obis_aggregate,obis:depth_median_m,7.0,habitat_default,habitat_default:open_ocean
A0A8C6B710,0.0,0.0,0.04477611940298507,0.15789473684210525,0.2835820895522388,0.15673571573870418,0.1044776119402985,0.07462686567164178,0.25,0.45,0.0,0.27350427350427353,0.15384615384615385,0.23076923076923078,0.3,0.7706418681131261,12.0,3.1578947368421053,1.0,2.4336058993046086,0.29850746268656714,3.008534890461482,3.779352128100902,0.08955223880597014,0.16417910447761194,0.11940298507462686,2.61453258649591,2.4050145868752884,0.11940298507462686,2,12.660829629138023,160.29660689805925,20,0.16417910447761194,-0.04477611940298507,2.2536416567968387,2.831047570229607,0.05970149253731343,0.16417910447761194,0.11940298507462686,0.05970149253731343,10.078591883045965,101.578014345,0.08955223880597014,0.07462686567164178,0.29850746268656714,1.578063992800914,Monodon monoceros (Narwhal) (Ceratodon monodon),open_ocean,low,,missing,pending_biooracle,,missing,pending_biooracle,,missing,pending_biooracle,0,obis_aggregate,obis:depth_median,,missing,pending_obis,,missing,pending_obis,new_candidate,15.0,habitat_default,habitat_default:open_ocean,35.0,habitat_default,habitat_default:open_ocean,8.1,habitat_default,habitat_default:open_ocean,0,obis_aggregate,obis:depth_median_m,7.0,habitat_default,habitat_default:open_ocean
A0A8C6B8S5,0.0,0.0,0.04838709677419355,0.23076923076923078,0.20967741935483872,0.14719625196622318,0.11290322580645161,0.08064516129032258,0.3,0.45,0.0,0.2222222222222222,0.17094017094017094,0.2222222222222222,0.25,0.5478734244843404,7.0,2.8947368421052633,1.0,1.585949386665196,0.3225806451612903,3.359182600189396,4.208974010998467,0.0967741935483871,0.16129032258064516,0.11290322580645161,2.6424671833146562,2.434793891678041,0.12903225806451613,2,13.047819434095247,170.24559198475362,20,0.08064516129032258,0.04838709677419355,2.328521799285976,2.9175811212779807,0.04838709677419355,0.1935483870967742,0.12903225806451613,0.06451612903225806,10.413466060587128,108.440275395,0.08064516129032258,0.08064516129032258,0.27419354838709675,1.5699479862497965,Monodon monoceros (Narwhal) (Ceratodon monodon),open_ocean,low,,missing,pending_biooracle,,missing,pending_biooracle,,missing,pending_biooracle,0,obis_aggregate,obis:depth_median,,missing,pending_obis,,missing,pending_obis,new_candidate,15.0,habitat_default,habitat_default:open_ocean,35.0,habitat_default,habitat_default:open_ocean,8.1,habitat_default,habitat_default:open_ocean,0,obis_aggregate,obis:depth_median_m,7.0,habitat_default,habitat_default:open_ocean
A0A8C7CLS1,0.0,0.0,0.04918032786885246,0.2727272727272727,0.18032786885245902,0.18011904744107798,0.09836065573770492,0.06557377049180328,0.3,0.4,0.0,0.1794871794871795,0.1282051282051282,0.3418803418803419,0.3,0.48576680388340876,6.0,2.9473684210526314,1.0,1.4317337377616257,0.32786885245901637,3.051625323719569,3.911465150639746,0.09836065573770492,0.11475409836065574,0.08196721311475409,2.5595477727848,2.332867636897097,0.11475409836065574,2,11.929968709451227,142.3241534084854,20,0.06557377049180328,0.04918032786885246,2.081210708037511,2.667622100377838,0.03278688524590164,0.2786885245901639,0.11475409836065574,0.03278688524590164,9.307457237344686,86.62876022499997,0.13114754098360656,0.16393442622950818,0.3442622950819672,1.642920353919742,Oncorhynchus kisutch (Coho salmon) (Salmo kisutch),coastal_estuarine,moderate,,missing,pending_biooracle,,missing,pending_biooracle,,missing,pending_biooracle,4.5,obis_aggregate,obis:depth_median,,missing,pending_obis,,missing,pending_obis,new_candidate,22.0,habitat_default,habitat_default:coastal_estuarine,32.0,habitat_default,habitat_default:coastal_estuarine,8.1,habitat_default,habitat_default:coastal_estuarine,4.5,obis_aggregate,obis:depth_median_m,6.5,habitat_default,habitat_default:coastal_estuarine
A0A8C7D3U0,0.08,0.02666666666666667,0.04,0.2,0.26666666666666666,0.25904201391938614,0.05333333333333334,0.06666666666666667,0.05555555555555555,0.5,0.018518518518518517,0.25,0.1388888888888889,0.26851851851851855,0.4444444444444444,0.46869452334438233,5.0,3.0588235294117645,1.0,1.4336538361122282,0.24,1.7465405312725433,2.2916385117154627,0.09333333333333334,0.14666666666666667,0.05333333333333334,2.3559830818448826,2.1135110550634613,0.08,2,9.548493798814429,91.1737338259976,18,0.10666666666666667,0.05333333333333334,1.7152647962221816,2.2506015717531267,0.02666666666666667,0.24,0.16,0.02666666666666667,7.277252213635597,52.9583997808642,0.06666666666666667,0.13333333333333333,0.30666666666666664,1.721610437688149,Oncorhynchus kisutch (Coho salmon) (Salmo kisutch),coastal_estuarine,moderate,,missing,pending_biooracle,,missing,pending_biooracle,,missing,pending_biooracle,4.5,obis_aggregate,obis:depth_median,,missing,pending_obis,,missing,pending_obis,new_candidate,22.0,habitat_default,habitat_default:coastal_estuarine,32.0,habitat_default,habitat_default:coastal_estuarine,8.1,habitat_default,habitat_default:coastal_estuarine,4.5,obis_aggregate,obis:depth_median_m,6.5,habitat_default,habitat_default:coastal_estuarine
A0A8C7DNP7,0.0,0.03225806451612903,0.04838709677419355,0.42857142857142855,0.11290322580645161,0.07389456198399104,0.03225806451612903,0.03225806451612903,0.5,0.4166666666666667,0.014492753623188406,0.14492753623188406,0.15942028985507245,0.3188405797101449,0.08333333333333333,1.1858541225631423,20.0,4.363636363636363,1.0,5.174636171184621,0.1935483870967742,2.4864879225256185,2.4465918567015352,0.0967741935483871,0.25806451612903225,0.03225806451612903,2.6130597736552326,2.6280580780546425,0.08064516129032258,2,12.640724592957932,159.7879182350115,12,0.03225806451612903,0.04838709677419355,3.708567384467875,3.6490628732480928,0.016129032258064516,0.2903225806451613,0.08064516129032258,0.06451612903225806,12.846854266382362,165.0416645416667,0.08064516129032258,0.1935483870967742,0.3709677419354839,0.968167151481141,Oncorhynchus kisutch (Coho salmon) (Salmo kisutch),coastal_estuarine,moderate,,missing,pending_biooracle,,missing,pending_biooracle,,missing,pending_biooracle,4.5,obis_aggregate,obis:depth_median,,missing,pending_obis,,missing,pending_obis,new_candidate,22.0,habitat_default,habitat_default:coastal_estuarine,32.0,habitat_default,habitat_default:coastal_estuarine,8.1,habitat_default,habitat_default:coastal_estuarine,4.5,obis_aggregate,obis:depth_median_m,6.5,habitat_default,habitat_default:coastal_estuarine
A0A8C7I8I6,0.01694915254237288,0.0,0.05084745762711865,0.2727272727272727,0.1864406779661017,0.22844350007616646,0.0847457627118644,0.03389830508474576,0.3333333333333333,0.3888888888888889,0.0,0.17142857142857143,0.13333333333333333,0.34285714285714286,0.2777777777777778,0.5204988637983406,6.0,3.176470588235294,1.0,1.6533493320653172,0.3050847457627119,2.352376815475772,3.1176531450231644,0.11864406779661017,0.11864406779661017,0.05084745762711865,2.417606469673912,2.164537052882462,0.1016949152542373,2,10.218974197575927,104.42743365072255,18,0.06779661016949153,0.05084745762711865,1.8173984127705023,2.4086353172920987,0.03389830508474576,0.2711864406779661,0.11864406779661017,0.03389830508474576,7.710568450726141,59.45286583333333,0.13559322033898305,0.13559322033898305,0.3220338983050847,1.756474346307683,Oncorhynchus kisutch (Coho salmon) (Salmo kisutch),coastal_estuarine,moderate,,missing,pending_biooracle,,missing,pending_biooracle,,missing,pending_biooracle,4.5,obis_aggregate,obis:depth_median,,missing,pending_obis,,missing,pending_obis,new_candidate,22.0,habitat_default,habitat_default:coastal_estuarine,32.0,habitat_default,habitat_default:coastal_estuarine,8.1,habitat_default,habitat_default:coastal_estuarine,4.5,obis_aggregate,obis:depth_median_m,6.5,habitat_default,habitat_default:coastal_estuarine
A0A8C7I8S5,0.0,0.0,0.05,0.2727272727272727,0.18333333333333332,0.1352630482354905,0.1,0.06666666666666667,0.3,0.4,0.0,0.1794871794871795,0.10256410256410256,0.38461538461538464,0.3,0.47412381128746534,6.0,2.8947368421052633,1.0,1.372463664253189,0.3333333333333333,3.610683375799902,4.550078711220355,0.08333333333333333,0.1,0.08333333333333333,2.6844564536718165,2.4708119619951723,0.11666666666666667,2,13.650236133661064,186.32894650470615,20,0.06666666666666667,0.05,2.4221200420551003,3.0522855903790043,0.03333333333333333,0.3,0.11666666666666667,0.03333333333333333,10.832050127399707,117.33330996250002,0.16666666666666666,0.18333333333333332,0.3333333333333333,1.5880311103833793,Oncorhynchus kisutch (Coho salmon) (Salmo kisutch),coastal_estuarine,moderate,,missing,pending_biooracle,,missing,pending_biooracle,,missing,pending_biooracle,4.5,obis_aggregate,obis:depth_median,,missing,pending_obis,,missing,pending_obis,new_candidate,22.0,habitat_default,habitat_default:coastal_estuarine,32.0,habitat_default,habitat_default:coastal_estuarine,8.1,habitat_default,habitat_default:coastal_estuarine,4.5,obis_aggregate,obis:depth_median_m,6.5,habitat_default,habitat_default:coastal_estuarine
A0A8C8C1S4,0.016129032258064516,0.04838709677419355,0.04838709677419355,0.42857142857142855,0.11290322580645161,0.0636738473428401,0.03225806451612903,0.03225806451612903,0.5,0.4166666666666667,0.014492753623188406,0.14492753623188406,0.15942028985507245,0.3188405797101449,0.08333333333333333,1.1858541225631423,20.0,4.363636363636363,1.0,5.174636171184621,0.1935483870967742,2.679963422588075,2.6343313524505034,0.0967741935483871,0.24193548387096775,0.03225806451612903,2.681754957474647,2.6977626440750493,0.06451612903225806,2,13.610711987660935,185.25148081105706,12,0.03225806451612903,0.04838709677419355,3.997133808911405,3.9290741149692536,0.016129032258064516,0.2903225806451613,0.08064516129032258,0.06451612903225806,13.846477683371722,191.72494423611113,0.08064516129032258,0.1935483870967742,0.3709677419354839,0.9662356744927153,Oncorhynchus tshawytscha (Chinook salmon) (Salmo tshawytscha),coastal_estuarine,moderate,12.1419,biooracle_sampled,biooracle:BO22_tempmean_ss,8.0632,biooracle_sampled,biooracle:BO22_phmean_ss,31.1923,biooracle_sampled,biooracle:BO22_salinitymean_ss,20,obis_aggregate,obis:depth_median,,missing,pending_obis,,missing,pending_obis,new_candidate,12.1419,biooracle_sampled,biooracle:sst_mean_c,31.1923,biooracle_sampled,biooracle:salinity_mean_psu,8.0632,biooracle_sampled,biooracle:ph_mean,634.5555,biooracle_sampled,biooracle:depth_mean_m,6.3763,biooracle_sampled,biooracle:do_mean_mlL
A0A8C8EIB2,0.078125,0.03125,0.015625,0.5384615384615384,0.203125,0.05055279646798947,0.03125,0.015625,0.3,0.2,0.0,0.2,0.18333333333333332,0.31666666666666665,0.5,1.0716517624676405,21.0,5.333333333333333,1.0,5.715476066494082,0.15625,2.008614209347377,2.4043535909321108,0.078125,0.34375,0.046875,2.7965409987737577,2.628655628997329,0.078125,2,15.387862981965508,236.78632715174442,10,0.046875,0.109375,4.065149338954228,4.86606953456015,0.0,0.203125,0.15625,0.015625,12.855130939823212,165.25439148,0.03125,0.078125,0.171875,1.4328595145406564,Oncorhynchus tshawytscha (Chinook salmon) (Salmo tshawytscha),coastal_estuarine,moderate,12.1419,biooracle_sampled,biooracle:BO22_tempmean_ss,8.0632,biooracle_sampled,biooracle:BO22_phmean_ss,31.1923,biooracle_sampled,biooracle:BO22_salinitymean_ss,20,obis_aggregate,obis:depth_median,,missing,pending_obis,,missing,pending_obis,new_candidate,12.1419,biooracle_sampled,biooracle:sst_mean_c,31.1923,biooracle_sampled,biooracle:salinity_mean_psu,8.0632,biooracle_sampled,biooracle:ph_mean,634.5555,biooracle_sampled,biooracle:depth_mean_m,6.3763,biooracle_sampled,biooracle:do_mean_mlL
A0A8C9CE58,0.01639344262295082,0.01639344262295082,0.04918032786885246,0.6,0.16393442622950818,0.1767381800797025,0.11475409836065574,0.08196721311475409,0.3,0.4,0.008547008547008548,0.17094017094017094,0.20512820512820512,0.28205128205128205,0.3,0.5478734244843404,7.0,2.8947368421052633,1.0,1.585949386665196,0.32786885245901637,3.090371858161181,3.9363091342273737,0.08196721311475409,0.19672131147540983,0.09836065573770492,2.565391018329899,2.3442675972391807,0.11475409836065574,2,12.005742859393491,144.1378616058778,20,0.03278688524590164,0.09836065573770492,2.1076358729332254,2.6845657153986546,0.03278688524590164,0.22950819672131148,0.13114754098360656,0.03278688524590164,9.425634167391603,88.84257945750001,0.18032786885245902,0.14754098360655737,0.36065573770491804,1.6223961808181135,Phocoena sinus (Vaquita),open_ocean,low,21.1647,biooracle_sampled,biooracle:BO22_tempmean_ss,8.0774,biooracle_sampled,biooracle:BO22_phmean_ss,34.9663,biooracle_sampled,biooracle:BO22_salinitymean_ss,17.1111,biooracle_sampled,biooracle:BO_bathymean,,missing,pending_obis,,missing,pending_obis,new_candidate,21.1647,biooracle_sampled,biooracle:sst_mean_c,34.9663,biooracle_sampled,biooracle:salinity_mean_psu,8.0774,biooracle_sampled,biooracle:ph_mean,17.1111,biooracle_sampled,biooracle:depth_mean_m,5.0443,biooracle_sampled,biooracle:do_mean_mlL
A0A8C9CGW7,0.045454545454545456,0.022727272727272728,0.0,0.5,0.18181818181818182,0.498763010349694,0.09090909090909091,0.045454545454545456,0.1,0.5,0.016666666666666666,0.2,0.18333333333333332,0.2833333333333333,0.4,0.4334415548267771,6.0,3.2222222222222223,2.0,1.3966450099973928,0.22727272727272727,0.8539579160692613,1.2127294964780235,0.18181818181818182,0.20454545454545456,0.06818181818181818,1.846249198782287,1.5597044179164672,0.09090909090909091,1,5.336009784503304,28.473000420314996,10,0.045454545454545456,0.09090909090909091,1.1881988979122982,1.6873944535974685,0.022727272727272728,0.20454545454545456,0.13636363636363635,0.045454545454545456,3.7574148307047497,14.118166210000004,0.11363636363636363,0.13636363636363635,0.4318181818181818,2.0167633669128615,Phocoena sinus (Vaquita),open_ocean,low,21.1647,biooracle_sampled,biooracle:BO22_tempmean_ss,8.0774,biooracle_sampled,biooracle:BO22_phmean_ss,34.9663,biooracle_sampled,biooracle:BO22_salinitymean_ss,17.1111,biooracle_sampled,biooracle:BO_bathymean,,missing,pending_obis,,missing,pending_obis,new_candidate,21.1647,biooracle_sampled,biooracle:sst_mean_c,34.9663,biooracle_sampled,biooracle:salinity_mean_psu,8.0774,biooracle_sampled,biooracle:ph_mean,17.1111,biooracle_sampled,biooracle:depth_mean_m,5.0443,biooracle_sampled,biooracle:do_mean_mlL
A0A8C9CGX9,0.01639344262295082,0.0,0.04918032786885246,0.6,0.16393442622950818,0.15685068754607873,0.11475409836065574,0.08196721311475409,0.3,0.4,0.0,0.17094017094017094,0.20512820512820512,0.23931623931623933,0.3,0.5478734244843404,7.0,2.8947368421052633,1.0,1.585949386665196,0.32786885245901637,3.3194242805269876,4.129344570725337,0.11475409836065574,0.19672131147540983,0.09836065573770492,2.6096653683788116,2.4091268756858244,0.11475409836065574,2,12.59450094071228,158.6214539456025,20,0.03278688524590164,0.09836065573770492,2.263849792913611,2.8162160246117707,0.03278688524590164,0.19672131147540983,0.13114754098360656,0.04918032786885246,10.124244055607313,102.50031769750002,0.16393442622950818,0.13114754098360656,0.39344262295081966,1.5475215834328215,Phocoena sinus (Vaquita),open_ocean,low,21.1647,biooracle_sampled,biooracle:BO22_tempmean_ss,8.0774,biooracle_sampled,biooracle:BO22_phmean_ss,34.9663,biooracle_sampled,biooracle:BO22_salinitymean_ss,17.1111,biooracle_sampled,biooracle:BO_bathymean,,missing,pending_obis,,missing,pending_obis,new_candidate,21.1647,biooracle_sampled,biooracle:sst_mean_c,34.9663,biooracle_sampled,biooracle:salinity_mean_psu,8.0774,biooracle_sampled,biooracle:ph_mean,17.1111,biooracle_sampled,biooracle:depth_mean_m,5.0443,biooracle_sampled,biooracle:do_mean_mlL
A0A8C9CHC4,0.05263157894736842,0.017543859649122806,0.05263157894736842,0.6363636363636364,0.19298245614035087,0.24685322159547718,0.10526315789473684,0.08771929824561403,0.3333333333333333,0.4444444444444444,0.0,0.17142857142857143,0.2,0.23809523809523808,0.2222222222222222,0.5340383148089843,7.0,2.764705882352941,1.0,1.476458870354251,0.3157894736842105,2.342002623219129,3.1048571761499693,0.10526315789473684,0.21052631578947367,0.08771929824561403,2.3825091220386203,2.130175249300939,0.10526315789473684,2,9.832047724474902,96.66916245635211,18,0.03508771929824561,0.12280701754385964,1.7480484884590919,2.317435872975323,0.017543859649122806,0.17543859649122806,0.15789473684210525,0.05263157894736842,7.416341640193909,55.00212332407408,0.14035087719298245,0.12280701754385964,0.38596491228070173,1.7575532836573353,Phocoena sinus (Vaquita),open_ocean,low,21.1647,biooracle_sampled,biooracle:BO22_tempmean_ss,8.0774,biooracle_sampled,biooracle:BO22_phmean_ss,34.9663,biooracle_sampled,biooracle:BO22_salinitymean_ss,17.1111,biooracle_sampled,biooracle:BO_bathymean,,missing,pending_obis,,missing,pending_obis,new_candidate,21.1647,biooracle_sampled,biooracle:sst_mean_c,34.9663,biooracle_sampled,biooracle:salinity_mean_psu,8.0774,biooracle_sampled,biooracle:ph_mean,17.1111,biooracle_sampled,biooracle:depth_mean_m,5.0443,biooracle_sampled,biooracle:do_mean_mlL
A0A8C9CHS3,0.01639344262295082,0.0,0.04918032786885246,0.4,0.16393442622950818,0.15031100193287214,0.11475409836065574,0.08196721311475409,0.3,0.4,0.0,0.17094017094017094,0.18803418803418803,0.27350427350427353,0.3,0.5478734244843404,7.0,2.8947368421052633,1.0,1.585949386665196,0.32786885245901637,3.356326021570974,4.261626724626218,0.09836065573770492,0.18032786885245902,0.08196721311475409,2.638911712592898,2.41919360501564,0.09836065573770492,2,12.997961510109967,168.94700341830017,20,0.04918032786885246,0.06557377049180328,2.2890168073596575,2.9064325505531703,0.03278688524590164,0.22950819672131148,0.11475409836065574,0.04918032786885246,10.236794365791472,104.79195888750002,0.18032786885245902,0.14754098360655737,0.3770491803278688,1.6122134294643178,Phocoena sinus (Vaquita),open_ocean,low,21.1647,biooracle_sampled,biooracle:BO22_tempmean_ss,8.0774,biooracle_sampled,biooracle:BO22_phmean_ss,34.9663,biooracle_sampled,biooracle:BO22_salinitymean_ss,17.1111,biooracle_sampled,biooracle:BO_bathymean,,missing,pending_obis,,missing,pending_obis,new_candidate,21.1647,biooracle_sampled,biooracle:sst_mean_c,34.9663,biooracle_sampled,biooracle:salinity_mean_psu,8.0774,biooracle_sampled,biooracle:ph_mean,17.1111,biooracle_sampled,biooracle:depth_mean_m,5.0443,biooracle_sampled,biooracle:do_mean_mlL
A0A8C9CNJ4,0.01639344262295082,0.0,0.04918032786885246,0.5555555555555556,0.14754098360655737,0.17043119546865781,0.11475409836065574,0.08196721311475409,0.3,0.4,0.0,0.15384615384615385,0.20512820512820512,0.27350427350427353,0.3,0.5478734244843404,7.0,2.8947368421052633,1.0,1.585949386665196,0.32786885245901637,3.1705376875907363,3.9787651630543075,0.09836065573770492,0.19672131147540983,0.08196721311475409,2.5752982187397726,2.3674491811743916,0.09836065573770492,2,12.135233747315638,147.26389810198836,20,0.03278688524590164,0.08196721311475409,2.162309027376753,2.7135207581847274,0.01639344262295082,0.22950819672131148,0.11475409836065574,0.03278688524590164,9.670139947151746,93.51160659749998,0.18032786885245902,0.16393442622950818,0.4098360655737705,1.574819463169457,Phocoena sinus (Vaquita),open_ocean,low,21.1647,biooracle_sampled,biooracle:BO22_tempmean_ss,8.0774,biooracle_sampled,biooracle:BO22_phmean_ss,34.9663,biooracle_sampled,biooracle:BO22_salinitymean_ss,17.1111,biooracle_sampled,biooracle:BO_bathymean,,missing,pending_obis,,missing,pending_obis,new_candidate,21.1647,biooracle_sampled,biooracle:sst_mean_c,34.9663,biooracle_sampled,biooracle:salinity_mean_psu,8.0774,biooracle_sampled,biooracle:ph_mean,17.1111,biooracle_sampled,biooracle:depth_mean_m,5.0443,biooracle_sampled,biooracle:do_mean_mlL
A0A8C9CR41,0.02127659574468085,0.02127659574468085,0.0,0.42857142857142855,0.14893617021276595,0.4566504835250202,0.0851063829787234,0.0425531914893617,0.1,0.5,0.016666666666666666,0.2,0.18333333333333332,0.2833333333333333,0.4,0.4334415548267771,6.0,3.2222222222222223,2.0,1.3966450099973928,0.2127659574468085,0.8365242537255407,1.1850640541221222,0.1702127659574468,0.2127659574468085,0.06382978723404255,1.8824835511208398,1.5956764549419509,0.0851063829787234,1,5.569801054373975,31.02268378530544,10,0.0425531914893617,0.06382978723404255,1.2433013210802921,1.7613257445829105,0.02127659574468085,0.2553191489361702,0.10638297872340426,0.0425531914893617,3.931663992510041,15.457981749999997,0.10638297872340426,0.1702127659574468,0.48936170212765956,2.0069038951547116,Phocoena sinus (Vaquita),open_ocean,low,21.1647,biooracle_sampled,biooracle:BO22_tempmean_ss,8.0774,biooracle_sampled,biooracle:BO22_phmean_ss,34.9663,biooracle_sampled,biooracle:BO22_salinitymean_ss,17.1111,biooracle_sampled,biooracle:BO_bathymean,,missing,pending_obis,,missing,pending_obis,new_candidate,21.1647,biooracle_sampled,biooracle:sst_mean_c,34.9663,biooracle_sampled,biooracle:salinity_mean_psu,8.0774,biooracle_sampled,biooracle:ph_mean,17.1111,biooracle_sampled,biooracle:depth_mean_m,5.0443,biooracle_sampled,biooracle:do_mean_mlL
A0A8C9CRM1,0.06923076923076923,0.007692307692307693,0.023076923076923078,0.6363636363636364,0.16923076923076924,0.09740745487929534,0.05384615384615385,0.038461538461538464,0.7619047619047619,0.19047619047619047,0.0,0.1951219512195122,0.17073170731707318,0.2601626016260163,0.047619047619047616,2.1237241067597865,57.0,5.6,1.0,11.892854997854805,0.16153846153846155,2.107576458775766,2.669289294415029,0.1076923076923077,0.35384615384615387,0.06923076923076923,2.863581174889273,2.6424018652482792,0.06923076923076923,2,16.524171822569226,273.0482544217908,21,0.03076923076923077,0.1076923076923077,2.8470674040410437,3.60586991301809,0.007692307692307693,0.19230769230769232,0.13846153846153847,0.1,13.046901887659505,170.22164886621314,0.07692307692307693,0.1076923076923077,0.4307692307692308,1.604074782734568,Phocoena sinus (Vaquita),open_ocean,low,21.1647,biooracle_sampled,biooracle:BO22_tempmean_ss,8.0774,biooracle_sampled,biooracle:BO22_phmean_ss,34.9663,biooracle_sampled,biooracle:BO22_salinitymean_ss,17.1111,biooracle_sampled,biooracle:BO_bathymean,,missing,pending_obis,,missing,pending_obis,new_candidate,21.1647,biooracle_sampled,biooracle:sst_mean_c,34.9663,biooracle_sampled,biooracle:salinity_mean_psu,8.0774,biooracle_sampled,biooracle:ph_mean,17.1111,biooracle_sampled,biooracle:depth_mean_m,5.0443,biooracle_sampled,biooracle:do_mean_mlL
A0A8C9DWX7,0.0,0.03278688524590164,0.04918032786885246,0.2727272727272727,0.18032786885245902,0.24784747794453948,0.08196721311475409,0.04918032786885246,0.23529411764705882,0.4117647058823529,0.020202020202020204,0.1919191919191919,0.15151515151515152,0.3434343434343434,0.35294117647058826,0.7485523218268691,11.0,3.4375,1.0,2.5731486062798625,0.2786885245901639,1.9915937969852866,2.6748647355771826,0.08196721311475409,0.19672131147540983,0.11475409836065574,2.360669460618708,2.0975647146150913,0.11475409836065574,2,9.598044051188715,92.12244960855908,17,0.06557377049180328,0.04918032786885246,1.7332340722699366,2.3278676130813127,0.01639344262295082,0.2459016393442623,0.11475409836065574,0.03278688524590164,7.146307153888382,51.06970593771627,0.14754098360655737,0.14754098360655737,0.36065573770491804,1.803857060013426,Phocoena sinus (Vaquita),open_ocean,low,21.1647,biooracle_sampled,biooracle:BO22_tempmean_ss,8.0774,biooracle_sampled,biooracle:BO22_phmean_ss,34.9663,biooracle_sampled,biooracle:BO22_salinitymean_ss,17.1111,biooracle_sampled,biooracle:BO_bathymean,,missing,pending_obis,,missing,pending_obis,new_candidate,21.1647,biooracle_sampled,biooracle:sst_mean_c,34.9663,biooracle_sampled,biooracle:salinity_mean_psu,8.0774,biooracle_sampled,biooracle:ph_mean,17.1111,biooracle_sampled,biooracle:depth_mean_m,5.0443,biooracle_sampled,biooracle:do_mean_mlL
A0A8C9E7K0,0.0,0.0,0.04477611940298507,0.15789473684210525,0.2835820895522388,0.15497484376696194,0.1044776119402985,0.07462686567164178,0.25,0.45,0.0,0.27350427350427353,0.15384615384615385,0.23076923076923078,0.3,0.7706418681131261,12.0,3.1578947368421053,1.0,2.4336058993046086,0.29850746268656714,3.023204084090427,3.8037477527250965,0.08955223880597014,0.16417910447761194,0.11940298507462686,2.620497220863221,2.4094405220650743,0.11940298507462686,2,12.742554971629074,162.37270720498884,20,0.16417910447761194,-0.04477611940298507,2.264630097030197,2.849321912359051,0.05970149253731343,0.16417910447761194,0.11940298507462686,0.05970149253731343,10.127733681702932,102.57098952750002,0.11940298507462686,0.08955223880597014,0.31343283582089554,1.5830275982806574,Phocoena sinus (Vaquita),open_ocean,low,21.1647,biooracle_sampled,biooracle:BO22_tempmean_ss,8.0774,biooracle_sampled,biooracle:BO22_phmean_ss,34.9663,biooracle_sampled,biooracle:BO22_salinitymean_ss,17.1111,biooracle_sampled,biooracle:BO_bathymean,,missing,pending_obis,,missing,pending_obis,new_candidate,21.1647,biooracle_sampled,biooracle:sst_mean_c,34.9663,biooracle_sampled,biooracle:salinity_mean_psu,8.0774,biooracle_sampled,biooracle:ph_mean,17.1111,biooracle_sampled,biooracle:depth_mean_m,5.0443,biooracle_sampled,biooracle:do_mean_mlL
A0A8C9E8G3,0.0,0.0,0.04838709677419355,0.3333333333333333,0.1935483870967742,0.15698262573870017,0.11290322580645161,0.08064516129032258,0.3,0.45,0.0,0.20512820512820512,0.17094017094017094,0.2222222222222222,0.25,0.5478734244843404,7.0,2.8947368421052633,1.0,1.585949386665196,0.3225806451612903,3.250507525648511,4.078531709514065,0.11290322580645161,0.16129032258064516,0.11290322580645161,2.6132594283455512,2.40483236719678,0.12903225806451613,2,12.643448299493603,159.85678490196767,20,0.06451612903225806,0.06451612903225806,2.2531902945046607,2.8271609867671814,0.04838709677419355,0.1935483870967742,0.12903225806451613,0.06451612903225806,10.076573329510385,101.537330065,0.08064516129032258,0.08064516129032258,0.2903225806451613,1.5743646676511385,Phocoena sinus (Vaquita),open_ocean,low,21.1647,biooracle_sampled,biooracle:BO22_tempmean_ss,8.0774,biooracle_sampled,biooracle:BO22_phmean_ss,34.9663,biooracle_sampled,biooracle:BO22_salinitymean_ss,17.1111,biooracle_sampled,biooracle:BO_bathymean,,missing,pending_obis,,missing,pending_obis,new_candidate,21.1647,biooracle_sampled,biooracle:sst_mean_c,34.9663,biooracle_sampled,biooracle:salinity_mean_psu,8.0774,biooracle_sampled,biooracle:ph_mean,17.1111,biooracle_sampled,biooracle:depth_mean_m,5.0443,biooracle_sampled,biooracle:do_mean_mlL
A0A8J4Y7R2,0.03418803418803419,0.05128205128205128,0.0,0.28,0.21367521367521367,0.04214428266263769,0.02564102564102564,0.0,0.75,0.16666666666666666,0.04225352112676056,0.323943661971831,0.23943661971830985,0.2112676056338028,0.08333333333333333,1.1603296442830031,35.0,9.818181818181818,2.0,11.392327416596757,0.10256410256410256,1.6430335666658598,1.82300102360586,0.05128205128205128,0.3333333333333333,0.05128205128205128,2.9324867817020093,2.834364285879802,0.10256410256410256,1,17.774259980157137,315.9243178422156,12,0.07692307692307693,0.05982905982905983,4.62445362601036,5.130986892095057,0.0,0.27350427350427353,0.13675213675213677,0.042735042735042736,16.019577274992134,256.6268560694444,0.042735042735042736,0.07692307692307693,0.29914529914529914,1.231064911447635,Chionoecetes opilio (Atlantic snow crab) (Cancer opilio),coastal_estuarine,moderate,7.1443,biooracle_sampled,biooracle:BO22_tempmean_ss,8.0258,biooracle_sampled,biooracle:BO22_phmean_ss,29.0579,biooracle_sampled,biooracle:BO22_salinitymean_ss,57,obis_aggregate,obis:depth_median,,missing,pending_obis,,missing,pending_obis,new_candidate,7.1443,biooracle_sampled,biooracle:sst_mean_c,29.0579,biooracle_sampled,biooracle:salinity_mean_psu,8.0258,biooracle_sampled,biooracle:ph_mean,58.2222,biooracle_sampled,biooracle:depth_mean_m,7.1951,biooracle_sampled,biooracle:do_mean_mlL
A0A8J4YAA6,0.042735042735042736,0.05128205128205128,0.0,0.36,0.21367521367521367,0.04339921809526006,0.02564102564102564,0.0,0.75,0.16666666666666666,0.04225352112676056,0.323943661971831,0.23943661971830985,0.2112676056338028,0.08333333333333333,1.1603296442830031,35.0,9.818181818181818,2.0,11.392327416596757,0.10256410256410256,1.6220526678883627,1.7931852503182273,0.05128205128205128,0.3333333333333333,0.05128205128205128,2.916881482256808,2.822272148754892,0.10256410256410256,1,17.483556190602716,305.67473706996253,12,0.06837606837606838,0.07692307692307693,4.565401154169847,5.047067936518213,0.0,0.27350427350427353,0.1452991452991453,0.042735042735042736,15.815013511911536,250.11465238194444,0.042735042735042736,0.07692307692307693,0.29914529914529914,1.2221384639360255,Chionoecetes opilio (Atlantic snow crab) (Cancer opilio),coastal_estuarine,moderate,7.1443,biooracle_sampled,biooracle:BO22_tempmean_ss,8.0258,biooracle_sampled,biooracle:BO22_phmean_ss,29.0579,biooracle_sampled,biooracle:BO22_salinitymean_ss,57,obis_aggregate,obis:depth_median,,missing,pending_obis,,missing,pending_obis,new_candidate,7.1443,biooracle_sampled,biooracle:sst_mean_c,29.0579,biooracle_sampled,biooracle:salinity_mean_psu,8.0258,biooracle_sampled,biooracle:ph_mean,58.2222,biooracle_sampled,biooracle:depth_mean_m,7.1951,biooracle_sampled,biooracle:do_mean_mlL
A0A8J4YUS5,0.019417475728155338,0.05825242718446602,0.0,0.2631578947368421,0.18446601941747573,0.04054817696186224,0.02912621359223301,0.0,0.8181818181818182,0.09090909090909091,0.046153846153846156,0.3076923076923077,0.24615384615384617,0.2,0.09090909090909091,1.1704916343854237,31.0,7.3,2.0,8.544588931013593,0.10679611650485436,1.7177179477069124,1.8012766506416962,0.05825242718446602,0.3592233009708738,0.05825242718446602,2.8829274256476074,2.8381474008252523,0.0970873786407767,1,16.8664995469177,284.47880696617506,11,0.06796116504854369,0.04854368932038835,4.849534467809289,5.085440956711397,0.0,0.2621359223300971,0.11650485436893204,0.04854368932038835,16.08408623761927,258.69783009917364,0.038834951456310676,0.07766990291262135,0.32038834951456313,1.0996567186401143,Chionoecetes opilio (Atlantic snow crab) (Cancer opilio),coastal_estuarine,moderate,7.1443,biooracle_sampled,biooracle:BO22_tempmean_ss,8.0258,biooracle_sampled,biooracle:BO22_phmean_ss,29.0579,biooracle_sampled,biooracle:BO22_salinitymean_ss,57,obis_aggregate,obis:depth_median,,missing,pending_obis,,missing,pending_obis,new_candidate,7.1443,biooracle_sampled,biooracle:sst_mean_c,29.0579,biooracle_sampled,biooracle:salinity_mean_psu,8.0258,biooracle_sampled,biooracle:ph_mean,58.2222,biooracle_sampled,biooracle:depth_mean_m,7.1951,biooracle_sampled,biooracle:do_mean_mlL
A0A8J5D0Y8,0.0297029702970297,0.06930693069306931,0.0,0.1,0.19801980198019803,0.04813755463241815,0.0297029702970297,0.0,0.8181818181818182,0.09090909090909091,0.015625,0.296875,0.171875,0.3125,0.09090909090909091,1.3801637300933374,35.0,6.9,2.0,9.523129737644028,0.10891089108910891,1.6643064983879663,1.6286132900799712,0.0594059405940594,0.3564356435643564,0.039603960396039604,2.76968645962247,2.7900208747170145,0.07920792079207921,1,14.953631118007008,223.61108361342752,11,0.0891089108910891,0.019801980198019802,4.607503300178636,4.508689424710179,0.0,0.25742574257425743,0.10891089108910891,0.06930693069306931,15.281359667016782,233.51995327272724,0.04950495049504951,0.07920792079207921,0.297029702970297,0.9575673533656152,Chionoecetes opilio (Atlantic snow crab) (Cancer opilio),coastal_estuarine,moderate,7.1443,biooracle_sampled,biooracle:BO22_tempmean_ss,8.0258,biooracle_sampled,biooracle:BO22_phmean_ss,29.0579,biooracle_sampled,biooracle:BO22_salinitymean_ss,57,obis_aggregate,obis:depth_median,,missing,pending_obis,,missing,pending_obis,new_candidate,7.1443,biooracle_sampled,biooracle:sst_mean_c,29.0579,biooracle_sampled,biooracle:salinity_mean_psu,8.0258,biooracle_sampled,biooracle:ph_mean,58.2222,biooracle_sampled,biooracle:depth_mean_m,7.1951,biooracle_sampled,biooracle:do_mean_mlL
A0A8J5JBW0,0.041666666666666664,0.06944444444444445,0.013888888888888888,0.3333333333333333,0.2916666666666667,0.18627082479281645,0.06944444444444445,0.041666666666666664,0.4375,0.5,0.0,0.3225806451612903,0.17204301075268819,0.1935483870967742,0.0625,0.4180187809444361,6.0,3.1333333333333333,1.0,1.3097921802925665,0.2222222222222222,1.79829333915298,2.3587916506514,0.05555555555555555,0.25,0.125,2.4522596924977718,2.207430104027725,0.1527777777777778,2,10.6145624279313,112.66893553645082,16,0.09722222222222222,0.09722222222222222,2.0230800065471026,2.653640606982825,0.05555555555555555,0.1527777777777778,0.19444444444444445,0.08333333333333333,8.09232002618841,65.48564340624999,0.027777777777777776,0.06944444444444445,0.25,1.72051353053817,Homarus americanus (American lobster),coastal_estuarine,moderate,,missing,pending_biooracle,,missing,pending_biooracle,,missing,pending_biooracle,14.6,obis_aggregate,obis:depth_median,,missing,pending_obis,,missing,pending_obis,new_candidate,22.0,habitat_default,habitat_default:coastal_estuarine,32.0,habitat_default,habitat_default:coastal_estuarine,8.1,habitat_default,habitat_default:coastal_estuarine,14.6,obis_aggregate,obis:depth_median_m,6.5,habitat_default,habitat_default:coastal_estuarine
A0A8J5JK78,0.031496062992125984,0.031496062992125984,0.015748031496062992,0.3333333333333333,0.11811023622047244,0.056121787592108695,0.05511811023622047,0.015748031496062992,0.5,0.3333333333333333,0.034722222222222224,0.125,0.2222222222222222,0.3055555555555556,0.16666666666666666,1.1629413256300771,27.0,4.6521739130434785,1.0,5.410205297496446,0.1889763779527559,3.584085290275712,4.261048245417511,0.07086614173228346,0.31496062992125984,0.03937007874015748,3.1590428856151185,2.9940200415732066,0.047244094488188976,3,22.54804696533433,508.41442195092264,24,0.03937007874015748,0.03937007874015748,3.87137458258814,4.602600813448317,0.03937007874015748,0.2677165354330709,0.07874015748031496,0.10236220472440945,18.96578466104231,359.70098780902777,0.05511811023622047,0.14173228346456693,0.3543307086614173,1.4134362684064956,Homarus americanus (American lobster),coastal_estuarine,moderate,,missing,pending_biooracle,,missing,pending_biooracle,,missing,pending_biooracle,14.6,obis_aggregate,obis:depth_median,,missing,pending_obis,,missing,pending_obis,new_candidate,22.0,habitat_default,habitat_default:coastal_estuarine,32.0,habitat_default,habitat_default:coastal_estuarine,8.1,habitat_default,habitat_default:coastal_estuarine,14.6,obis_aggregate,obis:depth_median_m,6.5,habitat_default,habitat_default:coastal_estuarine
A0A8J5K9U2,0.04032258064516129,0.024193548387096774,0.024193548387096774,0.06666666666666667,0.24193548387096775,0.08214423383559148,0.04032258064516129,0.0,0.5,0.5,0.019230769230769232,0.33653846153846156,0.1346153846153846,0.20192307692307693,0.0,0.8684210526315789,16.0,4.470588235294118,1.0,3.88235294117647,0.14516129032258066,1.9748830147026903,2.338060189158731,0.11290322580645161,0.24193548387096775,0.07258064516129033,2.8394665085982114,2.6813467947712466,0.07258064516129033,2,16.106636858649033,259.4237508963916,18,0.12903225806451613,-0.016129032258064516,3.2066702462324845,3.796370714953308,0.008064516129032258,0.23387096774193547,0.11290322580645161,0.04838709677419355,13.604749656840754,185.0892132253086,0.024193548387096774,0.08870967741935484,0.3225806451612903,1.4016146396418883,Homarus americanus (American lobster),coastal_estuarine,moderate,,missing,pending_biooracle,,missing,pending_biooracle,,missing,pending_biooracle,14.6,obis_aggregate,obis:depth_median,,missing,pending_obis,,missing,pending_obis,new_candidate,22.0,habitat_default,habitat_default:coastal_estuarine,32.0,habitat_default,habitat_default:coastal_estuarine,8.1,habitat_default,habitat_default:coastal_estuarine,14.6,obis_aggregate,obis:depth_median_m,6.5,habitat_default,habitat_default:coastal_estuarine
A0A8J5MRL7,0.037037037037037035,0.06481481481481481,0.009259259259259259,0.2727272727272727,0.10185185185185185,0.09444244101608797,0.037037037037037035,0.009259259259259259,0.5,0.3125,0.0625,0.10416666666666667,0.2604166666666667,0.3020833333333333,0.1875,1.1284309466618165,27.0,5.666666666666667,1.0,6.394442031083627,0.14814814814814814,1.718380035453408,2.1638443364274393,0.06481481481481481,0.35185185185185186,0.018518518518518517,2.747652205073191,2.533622623849105,0.027777777777777776,3,14.605949270885217,213.33375410367242,16,0.037037037037037035,0.027777777777777776,2.8997663098276263,3.6514873177213043,0.027777777777777776,0.26851851851851855,0.06481481481481481,0.10185185185185185,11.599065239310505,134.53831442578127,0.046296296296296294,0.12037037037037036,0.32407407407407407,1.5856728621448508,Homarus americanus (American lobster),coastal_estuarine,moderate,,missing,pending_biooracle,,missing,pending_biooracle,,missing,pending_biooracle,14.6,obis_aggregate,obis:depth_median,,missing,pending_obis,,missing,pending_obis,new_candidate,22.0,habitat_default,habitat_default:coastal_estuarine,32.0,habitat_default,habitat_default:coastal_estuarine,8.1,habitat_default,habitat_default:coastal_estuarine,14.6,obis_aggregate,obis:depth_median_m,6.5,habitat_default,habitat_default:coastal_estuarine
A0A8J5N9J6,0.031496062992125984,0.031496062992125984,0.015748031496062992,0.3333333333333333,0.11811023622047244,0.05520788329003777,0.06299212598425197,0.015748031496062992,0.52,0.32,0.03333333333333333,0.12666666666666668,0.21333333333333335,0.31333333333333335,0.16,1.188607228222141,27.0,4.458333333333333,1.0,5.299207225823711,0.1968503937007874,3.7884639421842317,4.6317843365336495,0.06299212598425197,0.31496062992125984,0.03937007874015748,3.199875024749983,3.007927450492117,0.047244094488188976,3,23.529464429590938,553.6356963433852,25,0.03937007874015748,0.03937007874015748,3.849079365259179,4.705892885918187,0.03937007874015748,0.2677165354330709,0.07874015748031496,0.10236220472440945,19.245396826295895,370.3852990016001,0.07086614173228346,0.14173228346456693,0.3464566929133858,1.4947561305369017,Homarus americanus (American lobster),coastal_estuarine,moderate,,missing,pending_biooracle,,missing,pending_biooracle,,missing,pending_biooracle,14.6,obis_aggregate,obis:depth_median,,missing,pending_obis,,missing,pending_obis,new_candidate,22.0,habitat_default,habitat_default:coastal_estuarine,32.0,habitat_default,habitat_default:coastal_estuarine,8.1,habitat_default,habitat_default:coastal_estuarine,14.6,obis_aggregate,obis:depth_median_m,6.5,habitat_default,habitat_default:coastal_estuarine
A0A8S3R7S8,0.02702702702702703,0.0,0.0,0.2,0.20270270270270271,0.16968058763933164,0.12162162162162163,0.013513513513513514,0.3333333333333333,0.38095238095238093,0.0,0.24193548387096775,0.23387096774193547,0.1693548387096774,0.2857142857142857,0.42008402520840293,6.0,3.4,2.0,1.42828568570857,0.28378378378378377,2.8224183957093034,3.5313510368529584,0.14864864864864866,0.20270270270270271,0.13513513513513514,2.5985186592091836,2.3929434712932425,0.0945945945945946,1,12.443808415577092,154.84836788358726,21,0.08108108108108109,0.04054054054054054,2.170321994664069,2.71546161894812,0.013513513513513514,0.16216216216216217,0.12162162162162163,0.05405405405405406,9.94566482297564,98.91624877097507,0.08108108108108109,0.08108108108108109,0.35135135135135137,1.5654492543698675,Mytilus edulis (Blue mussel),coastal_estuarine,moderate,11.2122,biooracle_sampled,biooracle:BO22_tempmean_ss,8.069,biooracle_sampled,biooracle:BO22_phmean_ss,33.8455,biooracle_sampled,biooracle:BO22_salinitymean_ss,5.0,obis_aggregate,obis:depth_median,,missing,pending_obis,,missing,pending_obis,new_candidate,11.2122,biooracle_sampled,biooracle:sst_mean_c,33.8455,biooracle_sampled,biooracle:salinity_mean_psu,8.069,biooracle_sampled,biooracle:ph_mean,38.0,biooracle_sampled,biooracle:depth_mean_m,6.2662,biooracle_sampled,biooracle:do_mean_mlL
A0A8S3SSD0,0.0136986301369863,0.0,0.0,0.07692307692307693,0.1780821917808219,0.20321417218202667,0.1232876712328767,0.0136986301369863,0.3333333333333333,0.38095238095238093,0.0,0.21774193548387097,0.23387096774193547,0.20161290322580644,0.2857142857142857,0.41443114557954686,6.0,3.35,2.0,1.388344337691482,0.2876712328767123,2.594235640864235,3.2964671324741763,0.1506849315068493,0.2054794520547945,0.136986301369863,2.522455104196152,2.3043891874132343,0.0821917808219178,1,11.459147650981661,131.3120648869985,21,0.0821917808219178,0.0136986301369863,1.9679014222705715,2.500591024299946,0.0136986301369863,0.1780821917808219,0.0958904109589041,0.0547945205479452,9.01805722776615,81.3253561632653,0.0958904109589041,0.0958904109589041,0.3698630136986301,1.614650965971573,Mytilus edulis (Blue mussel),coastal_estuarine,moderate,11.2122,biooracle_sampled,biooracle:BO22_tempmean_ss,8.069,biooracle_sampled,biooracle:BO22_phmean_ss,33.8455,biooracle_sampled,biooracle:BO22_salinitymean_ss,5.0,obis_aggregate,obis:depth_median,,missing,pending_obis,,missing,pending_obis,new_candidate,11.2122,biooracle_sampled,biooracle:sst_mean_c,33.8455,biooracle_sampled,biooracle:salinity_mean_psu,8.069,biooracle_sampled,biooracle:ph_mean,38.0,biooracle_sampled,biooracle:depth_mean_m,6.2662,biooracle_sampled,biooracle:do_mean_mlL
A0A8S3UIJ6,0.0,0.07142857142857142,0.0,0.3333333333333333,0.08571428571428572,0.16201545698720202,0.08571428571428572,0.0,0.6666666666666666,0.0,0.0,0.11428571428571428,0.2571428571428571,0.24285714285714285,0.3333333333333333,1.5543537644307361,34.0,5.818181818181818,2.0,9.043512811233374,0.17142857142857143,1.3347531717091947,1.6307607364348429,0.11428571428571428,0.35714285714285715,0.02857142857142857,2.3525908002379086,2.173166393732237,0.02857142857142857,1,9.512770962536583,90.4928113856792,12,0.05714285714285714,-0.02857142857142857,2.247641967048364,2.746100437979876,0.014285714285714285,0.21428571428571427,0.02857142857142857,0.04285714285714286,7.786060168303636,60.622732944444444,0.02857142857142857,0.014285714285714285,0.21428571428571427,1.492720749963683,Mytilus edulis (Blue mussel),coastal_estuarine,moderate,11.2122,biooracle_sampled,biooracle:BO22_tempmean_ss,8.069,biooracle_sampled,biooracle:BO22_phmean_ss,33.8455,biooracle_sampled,biooracle:BO22_salinitymean_ss,5.0,obis_aggregate,obis:depth_median,,missing,pending_obis,,missing,pending_obis,new_candidate,11.2122,biooracle_sampled,biooracle:sst_mean_c,33.8455,biooracle_sampled,biooracle:salinity_mean_psu,8.069,biooracle_sampled,biooracle:ph_mean,38.0,biooracle_sampled,biooracle:depth_mean_m,6.2662,biooracle_sampled,biooracle:do_mean_mlL
A0A8S3YX03,0.011627906976744186,0.0,0.0,0.25,0.09302325581395349,0.11994110328309956,0.09302325581395349,0.03488372093023256,0.391304347826087,0.391304347826087,0.0,0.11940298507462686,0.1865671641791045,0.29850746268656714,0.21739130434782608,0.5175116046967356,9.0,3.772727272727273,2.0,1.9524301449922299,0.26744186046511625,3.353796462680488,4.089609715134046,0.10465116279069768,0.18604651162790697,0.05813953488372093,2.790648664800472,2.605669125883642,0.046511627906976744,1,15.291584152240345,233.83254588504806,23,0.03488372093023256,0.023255813953488372,2.614829642099828,3.188515709508846,0.023255813953488372,0.2558139534883721,0.05813953488372093,0.023255813953488372,12.540282425674869,157.25868331568998,0.12790697674418605,0.16279069767441862,0.3488372093023256,1.4869293126131506,Candidula unifasciata,coastal_estuarine,moderate,,missing,pending_biooracle,,missing,pending_biooracle,,missing,pending_biooracle,,missing,pending_obis,,missing,pending_obis,,missing,pending_obis,new_candidate,22.0,habitat_default,habitat_default:coastal_estuarine,32.0,habitat_default,habitat_default:coastal_estuarine,8.1,habitat_default,habitat_default:coastal_estuarine,30.0,habitat_default,habitat_default:coastal_estuarine,6.5,habitat_default,habitat_default:coastal_estuarine
A0A8S3Z1P8,0.030303030303030304,0.0,0.015151515151515152,0.2,0.22727272727272727,0.2722037178601397,0.12121212121212122,0.015151515151515152,0.2857142857142857,0.38095238095238093,0.0,0.25203252032520324,0.10569105691056911,0.3008130081300813,0.3333333333333333,0.443475067253791,6.0,3.1,1.0,1.374772708486752,0.3181818181818182,2.4271072348342497,3.21800708271896,0.10606060606060606,0.07575757575757576,0.13636363636363635,2.408181869851931,2.155018675365865,0.10606060606060606,3,10.11373654568816,102.28766691558829,21,0.09090909090909091,0.045454545454545456,1.6645772633664218,2.206998251402724,0.015151515151515152,0.2727272727272727,0.13636363636363635,0.030303030303030304,7.62805130947907,58.18716678004535,0.07575757575757576,0.09090909090909091,0.25757575757575757,1.7579076723609561,Candidula unifasciata,coastal_estuarine,moderate,,missing,pending_biooracle,,missing,pending_biooracle,,missing,pending_biooracle,,missing,pending_obis,,missing,pending_obis,,missing,pending_obis,new_candidate,22.0,habitat_default,habitat_default:coastal_estuarine,32.0,habitat_default,habitat_default:coastal_estuarine,8.1,habitat_default,habitat_default:coastal_estuarine,30.0,habitat_default,habitat_default:coastal_estuarine,6.5,habitat_default,habitat_default:coastal_estuarine
A0A8S3Z4S0,0.02631578947368421,0.0,0.0,0.3333333333333333,0.19736842105263158,0.20978773174431697,0.10526315789473684,0.013157894736842105,0.3684210526315789,0.47368421052631576,0.0,0.1875,0.11607142857142858,0.32142857142857145,0.15789473684210525,0.5677270907634907,9.0,3.6666666666666665,2.0,2.0816659994661326,0.25,2.097400154782053,2.6988095311704927,0.11842105263157894,0.09210526315789473,0.13157894736842105,2.467695901268142,2.2396027597414307,0.10526315789473684,1,10.79523812468197,116.53716616858712,19,0.06578947368421052,0.06578947368421052,1.9247063829182178,2.476597476681381,0.013157894736842105,0.34210526315789475,0.13157894736842105,0.013157894736842105,8.389600619128212,70.38539854847647,0.05263157894736842,0.09210526315789473,0.2631578947368421,1.6557008779075761,Candidula unifasciata,coastal_estuarine,moderate,,missing,pending_biooracle,,missing,pending_biooracle,,missing,pending_biooracle,,missing,pending_obis,,missing,pending_obis,,missing,pending_obis,new_candidate,22.0,habitat_default,habitat_default:coastal_estuarine,32.0,habitat_default,habitat_default:coastal_estuarine,8.1,habitat_default,habitat_default:coastal_estuarine,30.0,habitat_default,habitat_default:coastal_estuarine,6.5,habitat_default,habitat_default:coastal_estuarine
A0A8S4BEQ0,0.0,0.0,0.05,0.4,0.16666666666666666,0.1634128469182749,0.1,0.06666666666666667,0.3,0.4,0.0,0.17094017094017094,0.08547008547008547,0.39316239316239315,0.3,0.47412381128746534,6.0,2.8947368421052633,1.0,1.372463664253189,0.3333333333333333,3.271971941989519,4.1561548413123255,0.1,0.08333333333333333,0.05,2.600350991640841,2.381018736907951,0.11666666666666667,2,12.468464523936978,155.46260758467497,20,0.05,0.06666666666666667,2.194905504828169,2.7880334250567635,0.03333333333333333,0.31666666666666665,0.11666666666666667,0.03333333333333333,9.815915825968558,96.3522035025,0.13333333333333333,0.13333333333333333,0.2833333333333333,1.6134826390414752,Menidia menidia (Atlantic silverside),coastal_estuarine,moderate,8.6796,biooracle_sampled,biooracle:BO22_tempmean_ss,8.0402,biooracle_sampled,biooracle:BO22_phmean_ss,31.9685,biooracle_sampled,biooracle:BO22_salinitymean_ss,21.5,obis_aggregate,obis:depth_median,,missing,pending_obis,,missing,pending_obis,new_candidate,8.6796,biooracle_sampled,biooracle:sst_mean_c,31.9685,biooracle_sampled,biooracle:salinity_mean_psu,8.0402,biooracle_sampled,biooracle:ph_mean,162.75,biooracle_sampled,biooracle:depth_mean_m,6.6402,biooracle_sampled,biooracle:do_mean_mlL
A0A8W8L4J5,0.014925373134328358,0.08955223880597014,0.014925373134328358,0.1111111111111111,0.13432835820895522,0.25324062048581814,0.05970149253731343,0.029850746268656716,0.4166666666666667,0.4166666666666667,0.041666666666666664,0.18055555555555555,0.19444444444444445,0.2638888888888889,0.16666666666666666,0.640274413857498,9.0,3.909090909090909,1.0,2.502890890533856,0.1791044776119403,1.0768543361594516,1.41157449470209,0.07462686567164178,0.31343283582089554,0.029850746268656716,2.183946921297788,1.9476852455280302,0.05970149253731343,2,7.881290928753337,62.114746703649644,12,0.05970149253731343,0.014925373134328358,1.735640976566593,2.2751327196387474,0.029850746268656716,0.2537313432835821,0.07462686567164178,0.08955223880597014,6.0124367102236045,36.14939519444444,0.0,0.029850746268656716,0.26865671641791045,1.7182790021669752,Magallana gigas (Pacific oyster) (Crassostrea gigas),coastal_estuarine,moderate,,missing,pending_biooracle,,missing,pending_biooracle,,missing,pending_biooracle,0,obis_aggregate,obis:depth_median,,missing,pending_obis,,missing,pending_obis,new_candidate,22.0,habitat_default,habitat_default:coastal_estuarine,32.0,habitat_default,habitat_default:coastal_estuarine,8.1,habitat_default,habitat_default:coastal_estuarine,0,obis_aggregate,obis:depth_median_m,6.5,habitat_default,habitat_default:coastal_estuarine
A0A8W8LFP0,0.0,0.0,0.0,0.4,0.16129032258064516,0.2818457808167166,0.12903225806451613,0.03225806451612903,0.3888888888888889,0.3333333333333333,0.0,0.18691588785046728,0.16822429906542055,0.3644859813084112,0.2777777777777778,0.37924058947626,5.0,3.1176470588235294,2.0,1.1823383083671635,0.2903225806451613,2.036338271233623,2.64345958431998,0.06451612903225806,0.1774193548387097,0.04838709677419355,2.313055059043593,2.0811967560594757,0.04838709677419355,1,9.105249679324375,82.90557172283664,18,0.11290322580645161,-0.06451612903225806,1.6532283930277245,2.1461279308823014,0.03225806451612903,0.3064516129032258,0.04838709677419355,0.04838709677419355,7.014054045360256,49.19695415123457,0.03225806451612903,0.016129032258064516,0.20967741935483872,1.6851769210748218,Magallana gigas (Pacific oyster) (Crassostrea gigas),coastal_estuarine,moderate,,missing,pending_biooracle,,missing,pending_biooracle,,missing,pending_biooracle,0,obis_aggregate,obis:depth_median,,missing,pending_obis,,missing,pending_obis,new_candidate,22.0,habitat_default,habitat_default:coastal_estuarine,32.0,habitat_default,habitat_default:coastal_estuarine,8.1,habitat_default,habitat_default:coastal_estuarine,0,obis_aggregate,obis:depth_median_m,6.5,habitat_default,habitat_default:coastal_estuarine
A0A8W8M202,0.0,0.0,0.0,0.3333333333333333,0.19626168224299065,0.12402398701434345,0.12149532710280374,0.009345794392523364,0.3333333333333333,0.3333333333333333,0.0,0.22346368715083798,0.11731843575418995,0.25139664804469275,0.3333333333333333,0.4347413023856832,6.0,3.4482758620689653,2.0,1.4991079392609765,0.2803738317757009,3.930962545864578,4.837172936184286,0.19626168224299065,0.11214953271028037,0.14018691588785046,2.9043066301408036,2.7094114794922355,0.1308411214953271,1,17.252583472390622,297.65163647180606,30,0.06542056074766354,0.06542056074766354,2.5597691546815815,3.1498763810230503,0.018691588785046728,0.21495327102803738,0.1308411214953271,0.04672897196261682,14.02043308025033,196.57254375777774,0.06542056074766354,0.09345794392523364,0.3644859813084112,1.5142075835299806,Magallana gigas (Pacific oyster) (Crassostrea gigas),coastal_estuarine,moderate,,missing,pending_biooracle,,missing,pending_biooracle,,missing,pending_biooracle,0,obis_aggregate,obis:depth_median,,missing,pending_obis,,missing,pending_obis,new_candidate,22.0,habitat_default,habitat_default:coastal_estuarine,32.0,habitat_default,habitat_default:coastal_estuarine,8.1,habitat_default,habitat_default:coastal_estuarine,0,obis_aggregate,obis:depth_median_m,6.5,habitat_default,habitat_default:coastal_estuarine
A0A8W8M520,0.0,0.01680672268907563,0.03361344537815126,0.1724137931034483,0.24369747899159663,0.11650240134490375,0.07563025210084033,0.008403361344537815,0.46153846153846156,0.46153846153846156,0.0,0.34615384615384615,0.14743589743589744,0.15384615384615385,0.07692307692307693,0.6422993776040643,7.0,3.08,1.0,1.9782820830205181,0.2184873949579832,2.9422629032204544,3.6208436145011467,0.09243697478991597,0.2184873949579832,0.09243697478991597,2.866325090225578,2.6718363906377878,0.14285714285714285,3,16.572322697139864,274.6418795781371,26,0.10084033613445378,0.04201680672268908,2.6410000872179134,3.250099877625876,0.01680672268907563,0.17647058823529413,0.14285714285714285,0.04201680672268908,13.466510980124387,181.34691797781068,0.05042016806722689,0.07563025210084033,0.2773109243697479,1.5144557329159674,Magallana gigas (Pacific oyster) (Crassostrea gigas),coastal_estuarine,moderate,,missing,pending_biooracle,,missing,pending_biooracle,,missing,pending_biooracle,0,obis_aggregate,obis:depth_median,,missing,pending_obis,,missing,pending_obis,new_candidate,22.0,habitat_default,habitat_default:coastal_estuarine,32.0,habitat_default,habitat_default:coastal_estuarine,8.1,habitat_default,habitat_default:coastal_estuarine,0,obis_aggregate,obis:depth_median_m,6.5,habitat_default,habitat_default:coastal_estuarine
A0A977XTA3,0.0,0.0,0.06666666666666667,0.3333333333333333,0.15,0.16703055416225165,0.1,0.06666666666666667,0.2857142857142857,0.42857142857142855,0.0,0.15447154471544716,0.08130081300813008,0.3983739837398374,0.2857142857142857,0.5126498974498794,6.0,2.75,1.0,1.4097872179871684,0.35,3.4874682679559967,4.416204711445775,0.1,0.08333333333333333,0.05,2.6113724547172907,2.3946349684412573,0.1,2,12.617727746987928,159.20705349710906,21,0.05,0.05,2.1743656219952237,2.7534139285198473,0.03333333333333333,0.31666666666666665,0.1,0.03333333333333333,9.964195051302848,99.28518302040817,0.15,0.15,0.3,1.6035328601286243,Mugil incilis (Parassi mullet),coastal_estuarine,moderate,,missing,pending_biooracle,,missing,pending_biooracle,,missing,pending_biooracle,,missing,pending_obis,,missing,pending_obis,,missing,pending_obis,new_candidate,22.0,habitat_default,habitat_default:coastal_estuarine,32.0,habitat_default,habitat_default:coastal_estuarine,8.1,habitat_default,habitat_default:coastal_estuarine,30.0,habitat_default,habitat_default:coastal_estuarine,6.5,habitat_default,habitat_default:coastal_estuarine
A0A9W2WKM3,0.0,0.01639344262295082,0.04918032786885246,0.2727272727272727,0.18032786885245902,0.16136111984773166,0.09836065573770492,0.04918032786885246,0.2777777777777778,0.3888888888888889,0.009523809523809525,0.19047619047619047,0.1619047619047619,0.29523809523809524,0.3333333333333333,0.6749349524825666,9.0,3.235294117647059,1.0,2.183613081561245,0.29508196721311475,2.7455475466334667,3.537773112845935,0.09836065573770492,0.18032786885245902,0.13114754098360656,2.564112083471124,2.332566677181028,0.11475409836065574,2,11.989119993533446,143.73899821934342,18,0.06557377049180328,0.04918032786885246,2.1930576404809523,2.8258626826289057,0.01639344262295082,0.22950819672131148,0.11475409836065574,0.03278688524590164,9.304355574702305,86.57103266049386,0.14754098360655737,0.14754098360655737,0.3770491803278688,1.660359057781435,Physeter macrocephalus (Sperm whale) (Physeter catodon),open_ocean,low,,missing,pending_biooracle,,missing,pending_biooracle,,missing,pending_biooracle,0.0,obis_aggregate,obis:depth_median,,missing,pending_obis,,missing,pending_obis,new_candidate,15.0,habitat_default,habitat_default:open_ocean,35.0,habitat_default,habitat_default:open_ocean,8.1,habitat_default,habitat_default:open_ocean,0.0,obis_aggregate,obis:depth_median_m,7.0,habitat_default,habitat_default:open_ocean
A0A9W2WPC5,0.01639344262295082,0.0,0.03278688524590164,0.6,0.16393442622950818,0.16827742105879254,0.11475409836065574,0.06557377049180328,0.2631578947368421,0.42105263157894735,0.0,0.17699115044247787,0.22123893805309736,0.25663716814159293,0.3157894736842105,0.5211573066470477,7.0,3.0,1.0,1.5634719199411433,0.3114754098360656,2.9387712129171377,3.727430102495208,0.09836065573770492,0.22950819672131148,0.09836065573770492,2.562408627487142,2.34516576239354,0.11475409836065574,2,11.967012434326719,143.2093866033303,19,0.03278688524590164,0.09836065573770492,2.164537980201738,2.7454209398592018,0.04918032786885246,0.19672131147540983,0.13114754098360656,0.04918032786885246,9.435002315155021,89.01926868698061,0.19672131147540983,0.14754098360655737,0.4098360655737705,1.6087459346234236,Physeter macrocephalus (Sperm whale) (Physeter catodon),open_ocean,low,,missing,pending_biooracle,,missing,pending_biooracle,,missing,pending_biooracle,0.0,obis_aggregate,obis:depth_median,,missing,pending_obis,,missing,pending_obis,new_candidate,15.0,habitat_default,habitat_default:open_ocean,35.0,habitat_default,habitat_default:open_ocean,8.1,habitat_default,habitat_default:open_ocean,0.0,obis_aggregate,obis:depth_median_m,7.0,habitat_default,habitat_default:open_ocean
A0A9W2WQ23,0.05357142857142857,0.0,0.017857142857142856,0.5555555555555556,0.16071428571428573,0.15897667104862215,0.05357142857142857,0.03571428571428571,0.2857142857142857,0.35714285714285715,0.0,0.14634146341463414,0.23170731707317074,0.34146341463414637,0.35714285714285715,0.4874423042781576,7.0,3.8461538461538463,1.0,1.8747780933775293,0.25,2.0309075191655235,2.7100949493431843,0.07142857142857142,0.21428571428571427,0.03571428571428571,2.4715157064221938,2.210867759613155,0.07142857142857142,2,10.840379797372737,117.51383415128699,14,0.03571428571428571,0.08928571428571429,2.1711314631258345,2.897213367448193,0.03571428571428571,0.26785714285714285,0.125,0.05357142857142857,8.123630076662094,65.99336562244898,0.16071428571428573,0.14285714285714285,0.3392857142857143,1.7806916353317837,Physeter macrocephalus (Sperm whale) (Physeter catodon),open_ocean,low,,missing,pending_biooracle,,missing,pending_biooracle,,missing,pending_biooracle,0.0,obis_aggregate,obis:depth_median,,missing,pending_obis,,missing,pending_obis,new_candidate,15.0,habitat_default,habitat_default:open_ocean,35.0,habitat_default,habitat_default:open_ocean,8.1,habitat_default,habitat_default:open_ocean,0.0,obis_aggregate,obis:depth_median_m,7.0,habitat_default,habitat_default:open_ocean
A0A9W2WSD1,0.01639344262295082,0.01639344262295082,0.04918032786885246,0.45454545454545453,0.18032786885245902,0.26197066321274254,0.06557377049180328,0.04918032786885246,0.23529411764705882,0.4117647058823529,0.020202020202020204,0.1717171717171717,0.18181818181818182,0.3333333333333333,0.35294117647058826,0.6253594007970851,9.0,3.4375,1.0,2.14967294023998,0.2786885245901639,1.940702606902611,2.5970209035649714,0.09836065573770492,0.18032786885245902,0.08196721311475409,2.3339599215459326,2.07489341329039,0.11475409836065574,2,9.318722065733134,86.83858093838161,17,0.04918032786885246,0.08196721311475409,1.6889447474271002,2.2601220807524536,0.03278688524590164,0.2459016393442623,0.13114754098360656,0.04918032786885246,6.963697589474076,48.49308411764705,0.18032786885245902,0.16393442622950818,0.39344262295081966,1.7907415566249847,Physeter macrocephalus (Sperm whale) (Physeter catodon),open_ocean,low,,missing,pending_biooracle,,missing,pending_biooracle,,missing,pending_biooracle,0.0,obis_aggregate,obis:depth_median,,missing,pending_obis,,missing,pending_obis,new_candidate,15.0,habitat_default,habitat_default:open_ocean,35.0,habitat_default,habitat_default:open_ocean,8.1,habitat_default,habitat_default:open_ocean,0.0,obis_aggregate,obis:depth_median_m,7.0,habitat_default,habitat_default:open_ocean
A0A9W2X6U7,0.01639344262295082,0.0,0.04918032786885246,0.45454545454545453,0.18032786885245902,0.16092626426557005,0.11475409836065574,0.08196721311475409,0.3,0.4,0.0,0.1794871794871795,0.20512820512820512,0.24786324786324787,0.3,0.5478734244843404,7.0,2.8947368421052633,1.0,1.585949386665196,0.32786885245901637,3.2590399142783513,4.099337806137298,0.08196721311475409,0.19672131147540983,0.09836065573770492,2.6029104246884813,2.3924323544265373,0.11475409836065574,2,12.50298030871876,156.32451660020905,20,0.04918032786885246,0.08196721311475409,2.222667610862002,2.7957513891636454,0.03278688524590164,0.19672131147540983,0.13114754098360656,0.03278688524590164,9.940071738548973,98.8050261675,0.19672131147540983,0.14754098360655737,0.36065573770491804,1.5821514619630657,Physeter macrocephalus (Sperm whale) (Physeter catodon),open_ocean,low,,missing,pending_biooracle,,missing,pending_biooracle,,missing,pending_biooracle,0.0,obis_aggregate,obis:depth_median,,missing,pending_obis,,missing,pending_obis,new_candidate,15.0,habitat_default,habitat_default:open_ocean,35.0,habitat_default,habitat_default:open_ocean,8.1,habitat_default,habitat_default:open_ocean,0.0,obis_aggregate,obis:depth_median_m,7.0,habitat_default,habitat_default:open_ocean
A0AA35XB41,0.010638297872340425,0.0,0.02127659574468085,0.1111111111111111,0.2872340425531915,0.19377432611464698,0.09574468085106383,0.0425531914893617,0.35714285714285715,0.32142857142857145,0.0,0.32142857142857145,0.17261904761904762,0.1488095238095238,0.32142857142857145,0.40500569431256894,5.0,3.074074074074074,1.0,1.2450175047386378,0.2978723404255319,3.2076252275629025,3.997040337496862,0.11702127659574468,0.1702127659574468,0.13829787234042554,2.668521496223616,2.4654227419892076,0.14893617021276595,2,13.418635418739466,180.0597765010493,28,0.1276595744680851,0.031914893617021274,2.035046921468036,2.5358837322734065,0.02127659574468085,0.11702127659574468,0.1595744680851064,0.05319148936170213,10.76845612110403,115.95964723214286,0.0425531914893617,0.05319148936170213,0.30851063829787234,1.5527796160036826,Geodia barretti (Barrett's horny sponge),open_ocean,low,,missing,pending_biooracle,,missing,pending_biooracle,,missing,pending_biooracle,700.5,obis_aggregate,obis:depth_median,,missing,pending_obis,,missing,pending_obis,new_candidate,15.0,habitat_default,habitat_default:open_ocean,35.0,habitat_default,habitat_default:open_ocean,8.1,habitat_default,habitat_default:open_ocean,700.5,obis_aggregate,obis:depth_median_m,7.0,habitat_default,habitat_default:open_ocean
A0AA36BLK1,0.0,0.0,0.028985507246376812,0.14285714285714285,0.30434782608695654,0.2342341781707556,0.08695652173913043,0.014492753623188406,0.3157894736842105,0.3684210526315789,0.0,0.34234234234234234,0.08108108108108109,0.26126126126126126,0.3157894736842105,0.5734092656567759,8.0,3.5,1.0,2.0069324297987157,0.2753623188405797,2.1870802728118477,2.812209252760181,0.11594202898550725,0.08695652173913043,0.2028985507246377,2.417052408201504,2.1908213061886257,0.17391304347826086,3,10.212759917918552,104.30046514104374,19,0.13043478260869565,0.043478260869565216,1.822147009560323,2.3429678114131427,0.0,0.2028985507246377,0.17391304347826086,0.028985507246376812,7.94255467494829,63.08417476454293,0.07246376811594203,0.11594202898550725,0.2753623188405797,1.653353880435745,Octopus vulgaris (Common octopus),coastal_estuarine,moderate,19.3412,biooracle_sampled,biooracle:BO22_tempmean_ss,8.0669,biooracle_sampled,biooracle:BO22_phmean_ss,36.4074,biooracle_sampled,biooracle:BO22_salinitymean_ss,62.9,obis_aggregate,obis:depth_median,,missing,pending_obis,,missing,pending_obis,new_candidate,19.3412,biooracle_sampled,biooracle:sst_mean_c,36.4074,biooracle_sampled,biooracle:salinity_mean_psu,8.0669,biooracle_sampled,biooracle:ph_mean,1300.4722,biooracle_sampled,biooracle:depth_mean_m,5.1935,biooracle_sampled,biooracle:do_mean_mlL
A0AA89BWF8,0.008695652173913044,0.05217391304347826,0.0,0.14285714285714285,0.12173913043478261,0.13512279048220033,0.043478260869565216,0.008695652173913044,0.0,0.5,0.05952380952380952,0.10714285714285714,0.34523809523809523,0.35714285714285715,0.5,0.7012868733182767,12.0,4.6923076923076925,2.0,3.2906537901857598,0.12173913043478261,1.1309171275289691,1.3577788500197583,0.05217391304347826,0.43478260869565216,0.02608695652173913,2.4975911445938057,2.3311411018006716,0.043478260869565216,1,11.153183410876585,124.39350019665265,14,0.06956521739130435,-0.017391304347826087,2.4827704528852674,2.9808136496679256,0.043478260869565216,0.23478260869565218,0.05217391304347826,0.0782608695652174,9.289676404702245,86.29808770408162,0.034782608695652174,0.10434782608695652,0.34782608695652173,1.4414398222032585,Pinctada imbricata (Atlantic pearl-oyster) (Pinctada martensii),coastal_estuarine,moderate,27.2899,biooracle_sampled,biooracle:BO22_tempmean_ss,8.0641,biooracle_sampled,biooracle:BO22_phmean_ss,35.6143,biooracle_sampled,biooracle:BO22_salinitymean_ss,5.0,obis_aggregate,obis:depth_median,,missing,pending_obis,,missing,pending_obis,new_candidate,27.2899,biooracle_sampled,biooracle:sst_mean_c,35.6143,biooracle_sampled,biooracle:salinity_mean_psu,8.0641,biooracle_sampled,biooracle:ph_mean,4862.3335,biooracle_sampled,biooracle:depth_mean_m,4.5726,biooracle_sampled,biooracle:do_mean_mlL
A0AAD8D5K3,0.0,0.0,0.047619047619047616,0.3333333333333333,0.19047619047619047,0.15562034967073662,0.09523809523809523,0.06349206349206349,0.3,0.45,0.0,0.21367521367521367,0.09401709401709402,0.3247863247863248,0.25,0.4980830600350483,6.0,2.9473684210526314,1.0,1.4680342822085635,0.31746031746031744,3.19696311627029,4.051397683795393,0.1111111111111111,0.1111111111111111,0.14285714285714285,2.6219041008494313,2.404277934412627,0.12698412698412698,2,12.761902703955489,162.8661606252264,20,0.06349206349206349,0.06349206349206349,2.2518174576050787,2.8536481968282845,0.015873015873015872,0.2698412698412698,0.12698412698412698,0.031746031746031744,10.070433816251414,101.41363724750002,0.12698412698412698,0.09523809523809523,0.2857142857142857,1.6059591692560191,Acipenser oxyrinchus oxyrinchus,coastal_estuarine,moderate,7.775,biooracle_sampled,biooracle:BO22_tempmean_ss,7.7479,biooracle_sampled,biooracle:BO22_phmean_ss,12.4246,biooracle_sampled,biooracle:BO22_salinitymean_ss,12.7,obis_aggregate,obis:depth_median,,missing,pending_obis,,missing,pending_obis,new_candidate,7.775,biooracle_sampled,biooracle:sst_mean_c,12.4246,biooracle_sampled,biooracle:salinity_mean_psu,7.7479,biooracle_sampled,biooracle:ph_mean,7.4167,biooracle_sampled,biooracle:depth_mean_m,7.4052,biooracle_sampled,biooracle:do_mean_mlL
A0AAD8FMK1,0.0,0.008064516129032258,0.008064516129032258,0.0967741935483871,0.25,0.09050221628898647,0.07258064516129033,0.024193548387096774,0.3125,0.375,0.010471204188481676,0.2670157068062827,0.07329842931937172,0.3089005235602094,0.3125,0.4334789158107311,8.0,3.6774193548387095,1.0,1.594083754916882,0.25806451612903225,4.391950553813601,5.361544413785164,0.14516129032258066,0.07258064516129033,0.10483870967741936,3.0808077388652118,2.8914161232472018,0.13709677419354838,2,20.77598460341751,431.6415362414414,32,0.11290322580645161,0.024193548387096774,3.0085287061364347,3.672709899725956,0.008064516129032258,0.25806451612903225,0.13709677419354838,0.024193548387096774,17.018808396027705,289.6398392207031,0.08064516129032258,0.0967741935483871,0.3064516129032258,1.490269906939612,Biomphalaria pfeifferi (Bloodfluke planorb) (Freshwater snail),coastal_estuarine,moderate,,missing,pending_biooracle,,missing,pending_biooracle,,missing,pending_biooracle,,missing,pending_obis,,missing,pending_obis,,missing,pending_obis,new_candidate,22.0,habitat_default,habitat_default:coastal_estuarine,32.0,habitat_default,habitat_default:coastal_estuarine,8.1,habitat_default,habitat_default:coastal_estuarine,30.0,habitat_default,habitat_default:coastal_estuarine,6.5,habitat_default,habitat_default:coastal_estuarine
A0AAD9BSH5,0.07142857142857142,0.02857142857142857,0.0,0.5294117647058824,0.24285714285714285,0.11767427320753476,0.05714285714285714,0.02857142857142857,0.1,0.2,0.0,0.15,0.06666666666666667,0.43333333333333335,0.7,1.626035340853702,39.0,7.0,2.0,11.382247385975914,0.14285714285714285,1.2452275796423882,1.3927515944803344,0.12857142857142856,0.15714285714285714,0.02857142857142857,2.3748370230361178,2.2738350485418977,0.11428571428571428,1,9.749261161362341,95.04809319244818,10,0.05714285714285714,0.12857142857142856,2.756428749850066,3.082987077372336,0.014285714285714285,0.3142857142857143,0.18571428571428572,0.02857142857142857,8.716593057496718,75.97899452999998,0.07142857142857142,0.1,0.2857142857142857,1.2509785603298402,Dissostichus eleginoides (Patagonian toothfish) (Dissostichus amissus),polar,very_low,6.4503,biooracle_sampled,biooracle:BO22_tempmean_ss,8.0529,biooracle_sampled,biooracle:BO22_phmean_ss,34.0691,biooracle_sampled,biooracle:BO22_salinitymean_ss,253.0,obis_aggregate,obis:depth_median,,missing,pending_obis,,missing,pending_obis,new_candidate,6.4503,biooracle_sampled,biooracle:sst_mean_c,34.0691,biooracle_sampled,biooracle:salinity_mean_psu,8.0529,biooracle_sampled,biooracle:ph_mean,971.8333,biooracle_sampled,biooracle:depth_mean_m,6.9068,biooracle_sampled,biooracle:do_mean_mlL
A0AAE0Y359,0.015151515151515152,0.0,0.0,0.16666666666666666,0.18181818181818182,0.33285490658444955,0.10606060606060606,0.0,0.29411764705882354,0.47058823529411764,0.0,0.21568627450980393,0.14705882352941177,0.3333333333333333,0.23529411764705882,0.39792852051344163,6.0,3.4375,2.0,1.3678792892649556,0.25757575757575757,1.612125087002634,2.1018668154185187,0.09090909090909091,0.13636363636363635,0.09090909090909091,2.2148667912248334,1.9822198398778659,0.09090909090909091,1,8.160188812801309,66.58868146056763,17,0.07575757575757576,0.030303030303030304,1.5179913253208124,1.9791364941272573,0.015151515151515152,0.2878787878787879,0.10606060606060606,0.015151515151515152,6.25883857306905,39.17306028373702,0.13636363636363635,0.15151515151515152,0.3484848484848485,1.699859060748757,Elysia crispata (lettuce slug),coastal_estuarine,moderate,28.1247,biooracle_sampled,biooracle:BO22_tempmean_ss,8.0618,biooracle_sampled,biooracle:BO22_phmean_ss,35.8186,biooracle_sampled,biooracle:BO22_salinitymean_ss,2.0,obis_aggregate,obis:depth_median,,missing,pending_obis,,missing,pending_obis,new_candidate,28.1247,biooracle_sampled,biooracle:sst_mean_c,35.8186,biooracle_sampled,biooracle:salinity_mean_psu,8.0618,biooracle_sampled,biooracle:ph_mean,2411.3057,biooracle_sampled,biooracle:depth_mean_m,4.523,biooracle_sampled,biooracle:do_mean_mlL
A0AAE1K2Q1,0.034482758620689655,0.034482758620689655,0.022988505747126436,0.21739130434782608,0.26436781609195403,0.14917801061388922,0.05747126436781609,0.034482758620689655,0.4444444444444444,0.5555555555555556,0.0,0.37962962962962965,0.12962962962962962,0.21296296296296297,0.0,0.4410517285069121,6.0,3.0588235294117645,1.0,1.3490994048446723,0.20689655172413793,2.0036398376840197,2.577831586114347,0.04597701149425287,0.19540229885057472,0.11494252873563218,2.599686612797808,2.3687715569781775,0.12643678160919541,2,12.45951933288601,155.23962200656027,18,0.10344827586206896,0.05747126436781609,2.2826017873430353,2.9367368702028624,0.04597701149425287,0.2413793103448276,0.16091954022988506,0.06896551724137931,9.684259215472762,93.78487655246911,0.011494252873563218,0.09195402298850575,0.25287356321839083,1.6552735122459696,Petrolisthes cinctipes (Flat porcelain crab),coastal_estuarine,moderate,11.6983,biooracle_sampled,biooracle:BO22_tempmean_ss,8.0604,biooracle_sampled,biooracle:BO22_phmean_ss,32.2994,biooracle_sampled,biooracle:BO22_salinitymean_ss,0,obis_aggregate,obis:depth_median,,missing,pending_obis,,missing,pending_obis,new_candidate,11.6983,biooracle_sampled,biooracle:sst_mean_c,32.2994,biooracle_sampled,biooracle:salinity_mean_psu,8.0604,biooracle_sampled,biooracle:ph_mean,2606.6389,biooracle_sampled,biooracle:depth_mean_m,6.1978,biooracle_sampled,biooracle:do_mean_mlL
A0AAN8JZ53,0.014285714285714285,0.02857142857142857,0.07142857142857142,0.4,0.14285714285714285,0.21741000711260294,0.05714285714285714,0.0,0.3684210526315789,0.3157894736842105,0.03571428571428571,0.16964285714285715,0.16964285714285715,0.35714285714285715,0.3157894736842105,0.6507819678010326,8.0,3.4444444444444446,1.0,2.2415823335368903,0.2714285714285714,2.2335550574574774,2.882627531705459,0.12857142857142856,0.15714285714285714,0.1,2.452745539196453,2.2223384620235604,0.08571428571428572,2,10.620206695756956,112.78879026060088,19,0.04285714285714286,0.05714285714285714,1.8878361623833597,2.4364425129641356,0.0,0.2714285714285714,0.1,0.014285714285714285,8.228887053790707,67.7145821440443,0.04285714285714286,0.05714285714285714,0.2714285714285714,1.665649948495192,Patella caerulea (Rayed Mediterranean limpet),coastal_estuarine,moderate,16.6991,biooracle_sampled,biooracle:BO22_tempmean_ss,8.1026,biooracle_sampled,biooracle:BO22_phmean_ss,37.2074,biooracle_sampled,biooracle:BO22_salinitymean_ss,6.2083,biooracle_sampled,biooracle:BO_bathymean,,missing,pending_obis,,missing,pending_obis,new_candidate,16.6991,biooracle_sampled,biooracle:sst_mean_c,37.2074,biooracle_sampled,biooracle:salinity_mean_psu,8.1026,biooracle_sampled,biooracle:ph_mean,6.2083,biooracle_sampled,biooracle:depth_mean_m,5.5331,biooracle_sampled,biooracle:do_mean_mlL
A0AAN8K3G9,0.0,0.013888888888888888,0.06944444444444445,0.14285714285714285,0.19444444444444445,0.19874552706247314,0.05555555555555555,0.0,0.3684210526315789,0.3157894736842105,0.017857142857142856,0.23214285714285715,0.1875,0.2767857142857143,0.3157894736842105,0.6546536707079771,8.0,3.5,1.0,2.29128784747792,0.2638888888888889,2.2770586278352094,2.923642282281411,0.1111111111111111,0.16666666666666666,0.1111111111111111,2.491473829477026,2.264764189399008,0.1111111111111111,2,11.07906549075061,122.74569214834105,19,0.08333333333333333,0.027777777777777776,1.9795948149642022,2.5417119401605666,0.0,0.25,0.1111111111111111,0.027777777777777776,8.628853747586056,74.45711699722993,0.05555555555555555,0.09722222222222222,0.3055555555555556,1.6485421017967647,Patella caerulea (Rayed Mediterranean limpet),coastal_estuarine,moderate,16.6991,biooracle_sampled,biooracle:BO22_tempmean_ss,8.1026,biooracle_sampled,biooracle:BO22_phmean_ss,37.2074,biooracle_sampled,biooracle:BO22_salinitymean_ss,6.2083,biooracle_sampled,biooracle:BO_bathymean,,missing,pending_obis,,missing,pending_obis,new_candidate,16.6991,biooracle_sampled,biooracle:sst_mean_c,37.2074,biooracle_sampled,biooracle:salinity_mean_psu,8.1026,biooracle_sampled,biooracle:ph_mean,6.2083,biooracle_sampled,biooracle:depth_mean_m,5.5331,biooracle_sampled,biooracle:do_mean_mlL
A0AAN8K993,0.0,0.0,0.06944444444444445,0.125,0.2222222222222222,0.16595102386333205,0.05555555555555555,0.0,0.3684210526315789,0.3157894736842105,0.0,0.24107142857142858,0.20535714285714285,0.22321428571428573,0.3157894736842105,0.6546536707079771,8.0,3.5,1.0,2.29128784747792,0.2638888888888889,2.5141662801224856,3.171187175067157,0.1111111111111111,0.18055555555555555,0.1111111111111111,2.566266209079644,2.3539782432399288,0.125,2,12.01713034762291,144.41142179175952,19,0.09722222222222222,0.027777777777777776,2.1857278821230666,2.756918777718109,0.0,0.20833333333333334,0.125,0.027777777777777776,9.52736695625363,90.77072111911356,0.06944444444444445,0.1111111111111111,0.3472222222222222,1.590947168991377,Patella caerulea (Rayed Mediterranean limpet),coastal_estuarine,moderate,16.6991,biooracle_sampled,biooracle:BO22_tempmean_ss,8.1026,biooracle_sampled,biooracle:BO22_phmean_ss,37.2074,biooracle_sampled,biooracle:BO22_salinitymean_ss,6.2083,biooracle_sampled,biooracle:BO_bathymean,,missing,pending_obis,,missing,pending_obis,new_candidate,16.6991,biooracle_sampled,biooracle:sst_mean_c,37.2074,biooracle_sampled,biooracle:salinity_mean_psu,8.1026,biooracle_sampled,biooracle:ph_mean,6.2083,biooracle_sampled,biooracle:depth_mean_m,5.5331,biooracle_sampled,biooracle:do_mean_mlL
A0AAN8KD72,0.0,0.0,0.07042253521126761,0.16666666666666666,0.16901408450704225,0.22029996852295203,0.056338028169014086,0.0,0.3684210526315789,0.3157894736842105,0.0,0.19642857142857142,0.24107142857142858,0.25892857142857145,0.3157894736842105,0.6507819678010326,8.0,3.4444444444444446,1.0,2.2415823335368903,0.2676056338028169,2.2004134339486123,2.806889930881634,0.11267605633802817,0.2112676056338028,0.07042253521126761,2.44138174167161,2.221656729881457,0.09859154929577464,2,10.488904478557686,110.01711716030748,19,0.07042253521126761,0.028169014084507043,1.8863932556066016,2.4063197184465333,0.0,0.23943661971830985,0.09859154929577464,0.04225352112676056,8.222597568965869,67.61111078116342,0.056338028169014086,0.08450704225352113,0.323943661971831,1.627204698890385,Patella caerulea (Rayed Mediterranean limpet),coastal_estuarine,moderate,16.6991,biooracle_sampled,biooracle:BO22_tempmean_ss,8.1026,biooracle_sampled,biooracle:BO22_phmean_ss,37.2074,biooracle_sampled,biooracle:BO22_salinitymean_ss,6.2083,biooracle_sampled,biooracle:BO_bathymean,,missing,pending_obis,,missing,pending_obis,new_candidate,16.6991,biooracle_sampled,biooracle:sst_mean_c,37.2074,biooracle_sampled,biooracle:salinity_mean_psu,8.1026,biooracle_sampled,biooracle:ph_mean,6.2083,biooracle_sampled,biooracle:depth_mean_m,5.5331,biooracle_sampled,biooracle:do_mean_mlL
A0AAQ4PF34,0.015625,0.0,0.046875,0.5555555555555556,0.140625,0.16136051999370177,0.09375,0.078125,0.35,0.4,0.0,0.1282051282051282,0.1111111111111111,0.37606837606837606,0.25,0.42482157758412536,5.0,2.736842105263158,1.0,1.1626695807565537,0.3125,3.1006649966790767,3.9037132407307733,0.09375,0.125,0.046875,2.602088198686633,2.390790822153614,0.09375,2,12.491882370338475,156.0471251543732,20,0.03125,0.078125,2.218655266569144,2.7932698147008033,0.046875,0.328125,0.109375,0.03125,9.922127989373045,98.4486238375,0.109375,0.09375,0.234375,1.585061518096441,Gasterosteus aculeatus aculeatus (three-spined stickleback),coastal_estuarine,moderate,,missing,pending_biooracle,,missing,pending_biooracle,,missing,pending_biooracle,0.6,obis_aggregate,obis:depth_median,,missing,pending_obis,,missing,pending_obis,new_candidate,22.0,habitat_default,habitat_default:coastal_estuarine,32.0,habitat_default,habitat_default:coastal_estuarine,8.1,habitat_default,habitat_default:coastal_estuarine,0.6,obis_aggregate,obis:depth_median_m,6.5,habitat_default,habitat_default:coastal_estuarine
A0AAQ4R673,0.0,0.0,0.05,0.3333333333333333,0.15,0.17199424075211436,0.1,0.06666666666666667,0.3,0.4,0.0,0.1452991452991453,0.11965811965811966,0.38461538461538464,0.3,0.47412381128746534,6.0,2.8947368421052633,1.0,1.372463664253189,0.3333333333333333,3.1553070363454503,4.094793031643608,0.1,0.1,0.05,2.5865888408166438,2.348124370088275,0.1,2,12.284379094930825,150.90596974797347,20,0.05,0.05,2.116644306945548,2.746870671764267,0.06666666666666667,0.31666666666666665,0.1,0.05,9.465921109036351,89.60366244249998,0.13333333333333333,0.13333333333333333,0.3,1.6841495719531787,Gasterosteus aculeatus aculeatus (three-spined stickleback),coastal_estuarine,moderate,,missing,pending_biooracle,,missing,pending_biooracle,,missing,pending_biooracle,0.6,obis_aggregate,obis:depth_median,,missing,pending_obis,,missing,pending_obis,new_candidate,22.0,habitat_default,habitat_default:coastal_estuarine,32.0,habitat_default,habitat_default:coastal_estuarine,8.1,habitat_default,habitat_default:coastal_estuarine,0.6,obis_aggregate,obis:depth_median_m,6.5,habitat_default,habitat_default:coastal_estuarine
A0AAQ4REG4,0.0,0.03508771929824561,0.05263157894736842,0.5,0.14035087719298245,0.16783427679643892,0.08771929824561403,0.08771929824561403,0.3157894736842105,0.42105263157894735,0.009009009009009009,0.12612612612612611,0.10810810810810811,0.3783783783783784,0.2631578947368421,0.425205832509386,5.0,2.7777777777777777,1.0,1.1811273125260722,0.3333333333333333,3.1114647912888196,4.042644377021659,0.12280701754385964,0.08771929824561403,0.05263157894736842,2.57474226016307,2.335477591887584,0.10526315789473684,2,12.127933131064978,147.08676203158356,19,0.03508771929824561,0.07017543859649122,2.1414569355178164,2.782338679596372,0.05263157894736842,0.2982456140350877,0.10526315789473684,0.03508771929824561,9.33439437386646,87.1309183268698,0.12280701754385964,0.10526315789473684,0.2807017543859649,1.6881121518746156,Gasterosteus aculeatus aculeatus (three-spined stickleback),coastal_estuarine,moderate,,missing,pending_biooracle,,missing,pending_biooracle,,missing,pending_biooracle,0.6,obis_aggregate,obis:depth_median,,missing,pending_obis,,missing,pending_obis,new_candidate,22.0,habitat_default,habitat_default:coastal_estuarine,32.0,habitat_default,habitat_default:coastal_estuarine,8.1,habitat_default,habitat_default:coastal_estuarine,0.6,obis_aggregate,obis:depth_median_m,6.5,habitat_default,habitat_default:coastal_estuarine
A0AAV1PBI7,0.0,0.0,0.05,0.3333333333333333,0.15,0.1715347391365217,0.1,0.06666666666666667,0.3,0.4,0.0,0.1452991452991453,0.15384615384615385,0.37606837606837606,0.3,0.47412381128746534,6.0,2.8947368421052633,1.0,1.372463664253189,0.3333333333333333,3.1688251605813367,4.0882469563877075,0.08333333333333333,0.13333333333333333,0.05,2.5851094524696157,2.351991779621493,0.1,2,12.264740869163123,150.42386858772022,20,0.05,0.05,2.1257125403614667,2.74247943098686,0.03333333333333333,0.3,0.1,0.05,9.50647548174401,90.37307608500001,0.18333333333333332,0.15,0.3333333333333333,1.6644765797972803,Scomber scombrus (Atlantic mackerel) (Scomber vernalis),coastal_estuarine,moderate,13.5358,biooracle_sampled,biooracle:BO22_tempmean_ss,8.0902,biooracle_sampled,biooracle:BO22_phmean_ss,35.5235,biooracle_sampled,biooracle:BO22_salinitymean_ss,116,obis_aggregate,obis:depth_median,,missing,pending_obis,,missing,pending_obis,new_candidate,13.5358,biooracle_sampled,biooracle:sst_mean_c,35.5235,biooracle_sampled,biooracle:salinity_mean_psu,8.0902,biooracle_sampled,biooracle:ph_mean,3814.75,biooracle_sampled,biooracle:depth_mean_m,5.7627,biooracle_sampled,biooracle:do_mean_mlL
A0AAV2HW41,0.0,0.0,0.0,0.0,0.2413793103448276,0.22394729705569788,0.10344827586206896,0.017241379310344827,0.26666666666666666,0.4666666666666667,0.0,0.27906976744186046,0.10465116279069768,0.26744186046511625,0.26666666666666666,0.5865151319446072,10.0,3.5714285714285716,2.0,2.0946968998021687,0.25862068965517243,1.8589964870228715,2.4098687826835308,0.15517241379310345,0.10344827586206896,0.15517241379310345,2.333905381067601,2.102684292731396,0.1206896551724138,1,9.318159293042985,86.82809261052334,15,0.1206896551724138,0.0,1.8559645387736223,2.4059383839508905,0.017241379310344827,0.2413793103448276,0.1206896551724138,0.034482758620689655,7.1881197498217695,51.669065537777776,0.05172413793103448,0.08620689655172414,0.3275862068965517,1.6804657043204914,Lymnaea stagnalis (Great pond snail) (Helix stagnalis),coastal_estuarine,moderate,12.7297,biooracle_sampled,biooracle:BO22_tempmean_ss,8.0918,biooracle_sampled,biooracle:BO22_phmean_ss,35.3389,biooracle_sampled,biooracle:BO22_salinitymean_ss,0.6,obis_aggregate,obis:depth_median,,missing,pending_obis,,missing,pending_obis,new_candidate,12.7297,biooracle_sampled,biooracle:sst_mean_c,35.3389,biooracle_sampled,biooracle:salinity_mean_psu,8.0918,biooracle_sampled,biooracle:ph_mean,3874.8057,biooracle_sampled,biooracle:depth_mean_m,5.7999,biooracle_sampled,biooracle:do_mean_mlL
A0AAV2QT66,0.0392156862745098,0.00980392156862745,0.0196078431372549,0.07142857142857142,0.27450980392156865,0.07310579737846477,0.049019607843137254,0.029411764705882353,0.55,0.35,0.0,0.36752136752136755,0.15384615384615385,0.21367521367521367,0.1,1.2311962773769622,28.0,4.947368421052632,1.0,6.09118158281234,0.19607843137254902,2.9833823690015597,3.5255664625211565,0.049019607843137254,0.2647058823529412,0.06862745098039216,2.943406286062312,2.785952162514723,0.08823529411764706,2,17.980388958857898,323.294387111819,20,0.14705882352941177,-0.0196078431372549,3.402233347780543,4.0205371973892925,0.0392156862745098,0.21568627450980393,0.12745098039215685,0.08823529411764706,15.215250081907955,231.50383505500005,0.029411764705882353,0.06862745098039216,0.27450980392156865,1.3964968961961757,Meganyctiphanes norvegica (Northern krill) (Thysanopoda norvegica),coastal_estuarine,moderate,12.402,biooracle_sampled,biooracle:BO22_tempmean_ss,8.0699,biooracle_sampled,biooracle:BO22_phmean_ss,34.989,biooracle_sampled,biooracle:BO22_salinitymean_ss,163.3,obis_aggregate,obis:depth_median,,missing,pending_obis,,missing,pending_obis,new_candidate,12.402,biooracle_sampled,biooracle:sst_mean_c,34.989,biooracle_sampled,biooracle:salinity_mean_psu,8.0699,biooracle_sampled,biooracle:ph_mean,4287.1113,biooracle_sampled,biooracle:depth_mean_m,6.539,biooracle_sampled,biooracle:do_mean_mlL
A0AAV4ARX4,0.08641975308641975,0.06172839506172839,0.012345679012345678,0.13043478260869565,0.2839506172839506,0.026626307137771258,0.024691358024691357,0.012345679012345678,0.75,0.125,0.0,0.3958333333333333,0.10416666666666667,0.3125,0.125,1.0072622595308627,19.0,7.0,1.0,7.050835816716038,0.09876543209876543,1.568522347569189,1.8685222563076531,0.037037037037037035,0.3333333333333333,0.024691358024691357,2.9916633991560997,2.8262058351359687,0.07407407407407407,2,18.918787845114988,357.9205335284706,8,0.12345679012345678,0.037037037037037035,5.614883491319632,6.688801588555219,0.012345679012345678,0.2222222222222222,0.16049382716049382,0.06172839506172839,15.881288769138038,252.21533296874998,0.0,0.07407407407407407,0.18518518518518517,1.4191069564070382,Plakobranchus ocellatus,coastal_estuarine,moderate,26.8022,biooracle_sampled,biooracle:BO22_tempmean_ss,8.0867,biooracle_sampled,biooracle:BO22_phmean_ss,34.5682,biooracle_sampled,biooracle:BO22_salinitymean_ss,5.5,obis_aggregate,obis:depth_median,,missing,pending_obis,,missing,pending_obis,new_candidate,26.8022,biooracle_sampled,biooracle:sst_mean_c,34.5682,biooracle_sampled,biooracle:salinity_mean_psu,8.0867,biooracle_sampled,biooracle:ph_mean,15.9167,biooracle_sampled,biooracle:depth_mean_m,4.5931,biooracle_sampled,biooracle:do_mean_mlL
A0AAV4EUN4,0.0963855421686747,0.024096385542168676,0.0,0.625,0.1927710843373494,0.6304525365628505,0.03614457831325301,0.0,0.5,0.4,0.0,0.2,0.26666666666666666,0.26666666666666666,0.1,1.1967032904743342,26.0,6.0,2.0,7.180219742846005,0.12048192771084337,0.4015498427810426,0.5733924347561746,0.10843373493975904,0.3614457831325301,0.0,1.7507911460294077,1.4662286848622519,0.060240963855421686,1,4.75915720847625,22.64957733499145,10,0.03614457831325301,0.12048192771084337,1.0539440407346112,1.504977652159375,0.024096385542168676,0.18072289156626506,0.1566265060240964,0.13253012048192772,3.332863695082654,11.107980410000001,0.03614457831325301,0.07228915662650602,0.39759036144578314,2.039036485390367,Elysia marginata,coastal_estuarine,moderate,24.094,biooracle_sampled,biooracle:BO22_tempmean_ss,8.0992,biooracle_sampled,biooracle:BO22_phmean_ss,33.5234,biooracle_sampled,biooracle:BO22_salinitymean_ss,5,obis_aggregate,obis:depth_median,,missing,pending_obis,,missing,pending_obis,new_candidate,24.094,biooracle_sampled,biooracle:sst_mean_c,33.5234,biooracle_sampled,biooracle:salinity_mean_psu,8.0992,biooracle_sampled,biooracle:ph_mean,30.75,biooracle_sampled,biooracle:depth_mean_m,4.9701,biooracle_sampled,biooracle:do_mean_mlL
A0AAV6GII3,0.0,0.0,0.05,0.2,0.16666666666666666,0.17066447890409941,0.1,0.06666666666666667,0.3,0.4,0.0,0.1623931623931624,0.1111111111111111,0.41025641025641024,0.3,0.47412381128746534,6.0,2.8947368421052633,1.0,1.372463664253189,0.3333333333333333,3.1873403298570633,4.085224325290232,0.06666666666666667,0.11666666666666667,0.08333333333333333,2.5844256099248657,2.3572646415551763,0.1,2,12.255672975870699,150.20152009148734,20,0.06666666666666667,0.03333333333333333,2.1381328934960986,2.740451788405402,0.03333333333333333,0.31666666666666665,0.1,0.03333333333333333,9.56202098957119,91.432245405,0.08333333333333333,0.13333333333333333,0.2833333333333333,1.6427631130151983,Alosa alosa (allis shad),coastal_estuarine,moderate,,missing,pending_biooracle,,missing,pending_biooracle,,missing,pending_biooracle,36.0,obis_aggregate,obis:depth_median,,missing,pending_obis,,missing,pending_obis,new_candidate,22.0,habitat_default,habitat_default:coastal_estuarine,32.0,habitat_default,habitat_default:coastal_estuarine,8.1,habitat_default,habitat_default:coastal_estuarine,36.0,obis_aggregate,obis:depth_median_m,6.5,habitat_default,habitat_default:coastal_estuarine
A0AAW1RJ05,0.015873015873015872,0.023809523809523808,0.0,0.05263157894736842,0.15079365079365079,0.09415453677908064,0.06349206349206349,0.047619047619047616,0.4230769230769231,0.5,0.0,0.16025641025641027,0.21794871794871795,0.21153846153846154,0.07692307692307693,0.40607950714102936,7.0,3.32,2.0,1.3481839637082174,0.20634920634920634,3.0549535632201663,3.8488686433134554,0.12698412698412698,0.2698412698412698,0.015873015873015872,2.978189778768895,2.760312107048073,0.05555555555555555,1,18.65220957913444,347.9049221839545,26,0.07936507936507936,-0.007936507936507936,2.903455246789067,3.657999254447261,0.023809523809523808,0.20634920634920634,0.07142857142857142,0.07142857142857142,14.804774960220808,219.18136162278103,0.07936507936507936,0.0873015873015873,0.3968253968253968,1.5872924577533711,Elliptochloris bilobata,coastal_estuarine,moderate,,missing,pending_biooracle,,missing,pending_biooracle,,missing,pending_biooracle,1.0,obis_aggregate,obis:depth_median,,missing,pending_obis,,missing,pending_obis,new_candidate,22.0,habitat_default,habitat_default:coastal_estuarine,32.0,habitat_default,habitat_default:coastal_estuarine,8.1,habitat_default,habitat_default:coastal_estuarine,1.0,obis_aggregate,obis:depth_median_m,6.5,habitat_default,habitat_default:coastal_estuarine
A0AAW1RYH7,0.036585365853658534,0.012195121951219513,0.0,0.0,0.21951219512195122,0.4712318162573745,0.036585365853658534,0.024390243902439025,0.1111111111111111,0.6666666666666666,0.0,0.16666666666666666,0.24074074074074073,0.16666666666666666,0.2222222222222222,0.8348471099367218,13.0,4.125,2.0,3.4437443284889775,0.10975609756097561,0.4021950028842138,0.5720428320563029,0.13414634146341464,0.2804878048780488,0.0,1.826474180711944,1.5399685044813365,0.07317073170731707,1,5.211945803179649,27.16437905528196,9,0.10975609756097561,0.0,1.2214811198705753,1.7373152677265498,0.024390243902439025,0.24390243902439024,0.10975609756097561,0.06097560975609756,3.6644433596117256,13.42814513580247,0.0,0.04878048780487805,0.32926829268292684,2.0229435101096414,Apatococcus lobatus,coastal_estuarine,moderate,15.7546,biooracle_sampled,biooracle:BO22_tempmean_ss,8.0164,biooracle_sampled,biooracle:BO22_phmean_ss,33.098,biooracle_sampled,biooracle:BO22_salinitymean_ss,1.9722,biooracle_sampled,biooracle:BO_bathymean,,missing,pending_obis,,missing,pending_obis,new_candidate,15.7546,biooracle_sampled,biooracle:sst_mean_c,33.098,biooracle_sampled,biooracle:salinity_mean_psu,8.0164,biooracle_sampled,biooracle:ph_mean,1.9722,biooracle_sampled,biooracle:depth_mean_m,5.8223,biooracle_sampled,biooracle:do_mean_mlL
A0AAX4NZV8,0.044444444444444446,0.0,0.0,0.4666666666666667,0.16666666666666666,0.5666985507269914,0.03333333333333333,0.0,0.7777777777777778,0.2222222222222222,0.0,0.2777777777777778,0.2222222222222222,0.2222222222222222,0.0,1.2668070097690494,27.0,6.25,2.0,7.917543811056558,0.1,0.33406732373897857,0.4753969702098435,0.1,0.34444444444444444,0.022222222222222223,1.7498899995782036,1.4680294599043886,0.07777777777777778,1,4.753969702098435,22.600227928469884,9,0.044444444444444446,0.07777777777777778,1.113557745796595,1.584656567366145,0.022222222222222223,0.28888888888888886,0.12222222222222222,0.05555555555555555,3.3406732373897854,11.160097679012349,0.011111111111111112,0.08888888888888889,0.36666666666666664,2.0250923046105425,Chloropicon roscoffensis,coastal_estuarine,moderate,20.5338,biooracle_sampled,biooracle:BO22_tempmean_ss,8.1096,biooracle_sampled,biooracle:BO22_phmean_ss,35.497,biooracle_sampled,biooracle:BO22_salinitymean_ss,37.0,obis_aggregate,obis:depth_median,,missing,pending_obis,,missing,pending_obis,new_candidate,20.5338,biooracle_sampled,biooracle:sst_mean_c,35.497,biooracle_sampled,biooracle:salinity_mean_psu,8.1096,biooracle_sampled,biooracle:ph_mean,58.9583,biooracle_sampled,biooracle:depth_mean_m,5.0196,biooracle_sampled,biooracle:do_mean_mlL
A0AAY4END1,0.0,0.0,0.05,0.4,0.16666666666666666,0.17600314657295654,0.1,0.06666666666666667,0.3,0.4,0.0,0.1623931623931624,0.08547008547008547,0.4017094017094017,0.3,0.47412381128746534,6.0,2.8947368421052633,1.0,1.372463664253189,0.3333333333333333,3.146257627987045,4.013033383673652,0.1,0.08333333333333333,0.11666666666666667,2.5679525472938804,2.345527035695677,0.11666666666666667,2,12.039100151020957,144.93993244631284,20,0.05,0.06666666666666667,2.110573779271883,2.6920246325610844,0.03333333333333333,0.31666666666666665,0.11666666666666667,0.03333333333333333,9.438772883961136,89.09043355500002,0.15,0.2,0.35,1.6268854765066794,Denticeps clupeoides (denticle herring),coastal_estuarine,moderate,,missing,pending_biooracle,,missing,pending_biooracle,,missing,pending_biooracle,,missing,pending_obis,,missing,pending_obis,,missing,pending_obis,new_candidate,22.0,habitat_default,habitat_default:coastal_estuarine,32.0,habitat_default,habitat_default:coastal_estuarine,8.1,habitat_default,habitat_default:coastal_estuarine,30.0,habitat_default,habitat_default:coastal_estuarine,6.5,habitat_default,habitat_default:coastal_estuarine
A0AAZ3Q663,0.0,0.0,0.05,0.2,0.16666666666666666,0.148963056369197,0.1,0.06666666666666667,0.3,0.4,0.0,0.1623931623931624,0.13675213675213677,0.36752136752136755,0.3,0.47412381128746534,6.0,2.8947368421052633,1.0,1.372463664253189,0.3333333333333333,3.435021810176594,4.342895835372522,0.08333333333333333,0.11666666666666667,0.05,2.6411043406377073,2.4252508934646024,0.1,2,13.028687506117565,169.74669813206395,20,0.06666666666666667,0.03333333333333333,2.3042826815247732,2.9133030921281082,0.06666666666666667,0.3,0.1,0.05,10.305065430529783,106.19437352749999,0.13333333333333333,0.16666666666666666,0.3333333333333333,1.5984528416480228,Oncorhynchus tshawytscha (Chinook salmon) (Salmo tshawytscha),coastal_estuarine,moderate,12.1419,biooracle_sampled,biooracle:BO22_tempmean_ss,8.0632,biooracle_sampled,biooracle:BO22_phmean_ss,31.1923,biooracle_sampled,biooracle:BO22_salinitymean_ss,20,obis_aggregate,obis:depth_median,,missing,pending_obis,,missing,pending_obis,new_candidate,12.1419,biooracle_sampled,biooracle:sst_mean_c,31.1923,biooracle_sampled,biooracle:salinity_mean_psu,8.0632,biooracle_sampled,biooracle:ph_mean,634.5555,biooracle_sampled,biooracle:depth_mean_m,6.3763,biooracle_sampled,biooracle:do_mean_mlL
A0AAZ3RTC6,0.01694915254237288,0.0,0.05084745762711865,0.2727272727272727,0.1864406779661017,0.22844350007616646,0.0847457627118644,0.03389830508474576,0.3333333333333333,0.3888888888888889,0.0,0.17142857142857143,0.13333333333333333,0.34285714285714286,0.2777777777777778,0.5204988637983406,6.0,3.176470588235294,1.0,1.6533493320653172,0.3050847457627119,2.352376815475772,3.1176531450231644,0.11864406779661017,0.11864406779661017,0.05084745762711865,2.417606469673912,2.164537052882462,0.1016949152542373,2,10.218974197575927,104.42743365072255,18,0.06779661016949153,0.05084745762711865,1.8173984127705023,2.4086353172920987,0.03389830508474576,0.2711864406779661,0.11864406779661017,0.03389830508474576,7.710568450726141,59.45286583333333,0.13559322033898305,0.13559322033898305,0.3220338983050847,1.756474346307683,Oncorhynchus tshawytscha (Chinook salmon) (Salmo tshawytscha),coastal_estuarine,moderate,12.1419,biooracle_sampled,biooracle:BO22_tempmean_ss,8.0632,biooracle_sampled,biooracle:BO22_phmean_ss,31.1923,biooracle_sampled,biooracle:BO22_salinitymean_ss,20,obis_aggregate,obis:depth_median,,missing,pending_obis,,missing,pending_obis,new_candidate,12.1419,biooracle_sampled,biooracle:sst_mean_c,31.1923,biooracle_sampled,biooracle:salinity_mean_psu,8.0632,biooracle_sampled,biooracle:ph_mean,634.5555,biooracle_sampled,biooracle:depth_mean_m,6.3763,biooracle_sampled,biooracle:do_mean_mlL
A0AAZ3STN5,0.0,0.0,0.04918032786885246,0.2727272727272727,0.18032786885245902,0.18011904744107798,0.09836065573770492,0.06557377049180328,0.3,0.4,0.0,0.1794871794871795,0.1282051282051282,0.3418803418803419,0.3,0.48576680388340876,6.0,2.9473684210526314,1.0,1.4317337377616257,0.32786885245901637,3.051625323719569,3.911465150639746,0.09836065573770492,0.11475409836065574,0.08196721311475409,2.5595477727848,2.332867636897097,0.11475409836065574,2,11.929968709451227,142.3241534084854,20,0.06557377049180328,0.04918032786885246,2.081210708037511,2.667622100377838,0.03278688524590164,0.2786885245901639,0.11475409836065574,0.03278688524590164,9.307457237344686,86.62876022499997,0.13114754098360656,0.16393442622950818,0.3442622950819672,1.642920353919742,Oncorhynchus tshawytscha (Chinook salmon) (Salmo tshawytscha),coastal_estuarine,moderate,12.1419,biooracle_sampled,biooracle:BO22_tempmean_ss,8.0632,biooracle_sampled,biooracle:BO22_phmean_ss,31.1923,biooracle_sampled,biooracle:BO22_salinitymean_ss,20,obis_aggregate,obis:depth_median,,missing,pending_obis,,missing,pending_obis,new_candidate,12.1419,biooracle_sampled,biooracle:sst_mean_c,31.1923,biooracle_sampled,biooracle:salinity_mean_psu,8.0632,biooracle_sampled,biooracle:ph_mean,634.5555,biooracle_sampled,biooracle:depth_mean_m,6.3763,biooracle_sampled,biooracle:do_mean_mlL
A0AB34HGU8,0.02727272727272727,0.02727272727272727,0.02727272727272727,0.09090909090909091,0.1,0.41066494024415345,0.03636363636363636,0.03636363636363636,0.8571428571428571,0.0,0.012345679012345678,0.09876543209876543,0.2839506172839506,0.20987654320987653,0.14285714285714285,1.9977887486328476,49.0,6.230769230769231,1.0,12.447760664558512,0.12727272727272726,0.6356770080098828,0.8687095698046539,0.08181818181818182,0.4636363636363636,0.02727272727272727,2.0573972406029655,1.7908599085671242,0.02727272727272727,2,6.825575191322281,46.588476692394195,14,0.045454545454545456,0.00909090909090909,1.3348643519820356,1.8242117023994266,0.02727272727272727,0.20909090909090908,0.05454545454545454,0.11818181818181818,4.994605062934794,24.94607973469388,0.05454545454545454,0.08181818181818182,0.4,1.8675670561415327,Eschrichtius robustus (California gray whale) (Eschrichtius gibbosus),open_ocean,low,13.2415,biooracle_sampled,biooracle:BO22_tempmean_ss,8.0469,biooracle_sampled,biooracle:BO22_phmean_ss,32.651,biooracle_sampled,biooracle:BO22_salinitymean_ss,3591.3889,biooracle_sampled,biooracle:BO_bathymean,,missing,pending_obis,,missing,pending_obis,new_candidate,13.2415,biooracle_sampled,biooracle:sst_mean_c,32.651,biooracle_sampled,biooracle:salinity_mean_psu,8.0469,biooracle_sampled,biooracle:ph_mean,3591.3889,biooracle_sampled,biooracle:depth_mean_m,6.0542,biooracle_sampled,biooracle:do_mean_mlL
A0AB34HM13,0.0,0.0,0.04477611940298507,0.15789473684210525,0.2835820895522388,0.1597716986220299,0.1044776119402985,0.07462686567164178,0.25,0.45,0.0,0.27350427350427353,0.15384615384615385,0.23076923076923078,0.3,0.7706418681131261,12.0,3.1578947368421053,1.0,2.4336058993046086,0.29850746268656714,2.971142146013136,3.7541973537444955,0.08955223880597014,0.14925373134328357,0.11940298507462686,2.608344859947815,2.393643171701969,0.11940298507462686,2,12.576561135044061,158.16988998350075,20,0.16417910447761194,-0.04477611940298507,2.2256313961154928,2.8122045621140432,0.05970149253731343,0.1791044776119403,0.11940298507462686,0.05970149253731343,9.953326189144008,99.06870222749997,0.11940298507462686,0.08955223880597014,0.29850746268656714,1.596567699254621,Eschrichtius robustus (California gray whale) (Eschrichtius gibbosus),open_ocean,low,13.2415,biooracle_sampled,biooracle:BO22_tempmean_ss,8.0469,biooracle_sampled,biooracle:BO22_phmean_ss,32.651,biooracle_sampled,biooracle:BO22_salinitymean_ss,3591.3889,biooracle_sampled,biooracle:BO_bathymean,,missing,pending_obis,,missing,pending_obis,new_candidate,13.2415,biooracle_sampled,biooracle:sst_mean_c,32.651,biooracle_sampled,biooracle:salinity_mean_psu,8.0469,biooracle_sampled,biooracle:ph_mean,3591.3889,biooracle_sampled,biooracle:depth_mean_m,6.0542,biooracle_sampled,biooracle:do_mean_mlL
A0ABD0L8S5,0.03636363636363636,0.05454545454545454,0.0,0.043478260869565216,0.20909090909090908,0.2126151567868121,0.00909090909090909,0.01818181818181818,0.5,0.375,0.08333333333333333,0.08333333333333333,0.3333333333333333,0.2708333333333333,0.125,0.9236144501834872,31.0,11.714285714285714,2.0,10.819483559292278,0.07272727272727272,0.3878427906355021,0.513138554673447,0.10909090909090909,0.3090909090909091,0.00909090909090909,2.086374345011316,1.845748535534546,0.06363636363636363,1,7.055655126759897,49.78226926777321,8,0.10909090909090909,-0.00909090909090909,1.8854430876371606,2.494550792922776,0.0,0.2727272727272727,0.1,0.0,5.332838371238154,28.439165093750006,0.00909090909090909,0.12727272727272726,0.3090909090909091,1.75048279735588,Batillaria attramentaria,coastal_estuarine,moderate,12.7844,biooracle_sampled,biooracle:BO22_tempmean_ss,7.9466,biooracle_sampled,biooracle:BO22_phmean_ss,27.5354,biooracle_sampled,biooracle:BO22_salinitymean_ss,0.1,obis_aggregate,obis:depth_median,,missing,pending_obis,,missing,pending_obis,new_candidate,12.7844,biooracle_sampled,biooracle:sst_mean_c,27.5354,biooracle_sampled,biooracle:salinity_mean_psu,7.9466,biooracle_sampled,biooracle:ph_mean,5.6667,biooracle_sampled,biooracle:depth_mean_m,5.8352,biooracle_sampled,biooracle:do_mean_mlL
A0ABD0LPS7,0.03278688524590164,0.01639344262295082,0.0,0.0,0.22950819672131148,0.3889207940579266,0.04918032786885246,0.0,0.3,0.2,0.03333333333333333,0.18333333333333332,0.25,0.3333333333333333,0.5,0.6217543324380476,11.0,5.111111111111111,2.0,3.177855476905576,0.16393442622950818,0.7132378778201778,0.9688237285762372,0.13114754098360656,0.2459016393442623,0.0,1.9329442748407273,1.677236935111647,0.08196721311475409,1,5.909824744315047,34.926028508518414,10,0.11475409836065574,0.0,1.3758282865241578,1.8688506764457777,0.03278688524590164,0.21311475409836064,0.11475409836065574,0.04918032786885246,4.3507510547030845,18.929034740000002,0.06557377049180328,0.13114754098360656,0.3770491803278688,1.8451035136363436,Batillaria attramentaria,coastal_estuarine,moderate,12.7844,biooracle_sampled,biooracle:BO22_tempmean_ss,7.9466,biooracle_sampled,biooracle:BO22_phmean_ss,27.5354,biooracle_sampled,biooracle:BO22_salinitymean_ss,0.1,obis_aggregate,obis:depth_median,,missing,pending_obis,,missing,pending_obis,new_candidate,12.7844,biooracle_sampled,biooracle:sst_mean_c,27.5354,biooracle_sampled,biooracle:salinity_mean_psu,7.9466,biooracle_sampled,biooracle:ph_mean,5.6667,biooracle_sampled,biooracle:depth_mean_m,5.8352,biooracle_sampled,biooracle:do_mean_mlL
A0ABD2H640,0.0,0.0,0.05,0.4,0.16666666666666666,0.17209120474792336,0.1,0.06666666666666667,0.3,0.4,0.0,0.17094017094017094,0.11965811965811966,0.358974358974359,0.3,0.47412381128746534,6.0,2.8947368421052633,1.0,1.372463664253189,0.3333333333333333,3.1769139481403785,4.064651915653188,0.1,0.1,0.06666666666666667,2.579758826767433,2.3542987742266708,0.11666666666666667,2,12.193955746959565,148.6925567588082,20,0.05,0.06666666666666667,2.1311386640127385,2.726651396482581,0.06666666666666667,0.3,0.11666666666666667,0.05,9.530741844421136,90.835040105,0.11666666666666667,0.15,0.31666666666666665,1.636951517684456,Pagothenia borchgrevinki (Bald rockcod) (Trematomus borchgrevinki),polar,very_low,,missing,pending_biooracle,,missing,pending_biooracle,,missing,pending_biooracle,12,obis_aggregate,obis:depth_median,,missing,pending_obis,,missing,pending_obis,new_candidate,-1.5,habitat_default,habitat_default:polar,34.0,habitat_default,habitat_default:polar,8.0,habitat_default,habitat_default:polar,12,obis_aggregate,obis:depth_median_m,8.5,habitat_default,habitat_default:polar
A0ABD2H6M1,0.0,0.0,0.05,0.3333333333333333,0.15,0.17195298536036113,0.1,0.06666666666666667,0.3,0.4,0.0,0.1452991452991453,0.11965811965811966,0.38461538461538464,0.3,0.47412381128746534,6.0,2.8947368421052633,1.0,1.372463664253189,0.3333333333333333,3.1732787423525632,4.072579244444963,0.1,0.1,0.05,2.5815596952214306,2.3532626394182032,0.1,2,12.21773773333489,149.27311532055515,20,0.05,0.05,2.1287000938366116,2.7319692103001008,0.06666666666666667,0.31666666666666665,0.1,0.05,9.51983622705769,90.62728178999998,0.11666666666666667,0.15,0.31666666666666665,1.647110145777607,Pagothenia borchgrevinki (Bald rockcod) (Trematomus borchgrevinki),polar,very_low,,missing,pending_biooracle,,missing,pending_biooracle,,missing,pending_biooracle,12,obis_aggregate,obis:depth_median,,missing,pending_obis,,missing,pending_obis,new_candidate,-1.5,habitat_default,habitat_default:polar,34.0,habitat_default,habitat_default:polar,8.0,habitat_default,habitat_default:polar,12,obis_aggregate,obis:depth_median_m,8.5,habitat_default,habitat_default:polar
A0ABD2H871,0.023076923076923078,0.038461538461538464,0.03076923076923077,0.2,0.15384615384615385,0.06236080502726904,0.046153846153846156,0.03076923076923077,0.6153846153846154,0.19230769230769232,0.006535947712418301,0.17647058823529413,0.1503267973856209,0.38562091503267976,0.19230769230769232,1.1129135635614384,25.0,4.84,1.0,5.3865016476373615,0.2,3.692752542152529,4.516181845066022,0.06153846153846154,0.23076923076923078,0.03076923076923077,3.160437453540144,2.9685544142212654,0.06923076923076923,2,22.58090922533011,509.89746144259846,26,0.06153846153846154,0.03076923076923077,3.62104178294329,4.428480645177907,0.03076923076923077,0.3076923076923077,0.09230769230769231,0.05384615384615385,18.463762710762644,340.91053343934914,0.07692307692307693,0.13846153846153847,0.2923076923076923,1.4956928913236807,Pagothenia borchgrevinki (Bald rockcod) (Trematomus borchgrevinki),polar,very_low,,missing,pending_biooracle,,missing,pending_biooracle,,missing,pending_biooracle,12,obis_aggregate,obis:depth_median,,missing,pending_obis,,missing,pending_obis,new_candidate,-1.5,habitat_default,habitat_default:polar,34.0,habitat_default,habitat_default:polar,8.0,habitat_default,habitat_default:polar,12,obis_aggregate,obis:depth_median_m,8.5,habitat_default,habitat_default:polar
A0ABM3SGP1,0.01639344262295082,0.0,0.04918032786885246,0.6,0.16393442622950818,0.1814089651324439,0.11475409836065574,0.08196721311475409,0.3,0.4,0.0,0.17094017094017094,0.20512820512820512,0.2564102564102564,0.3,0.5478734244843404,7.0,2.8947368421052633,1.0,1.585949386665196,0.32786885245901637,3.0523988366785244,3.8826683161649806,0.09836065573770492,0.19672131147540983,0.09836065573770492,2.552731823671639,2.3330964949479407,0.11475409836065574,2,11.842138364303192,140.2362410393015,20,0.03278688524590164,0.09836065573770492,2.08173824444261,2.6479826381540104,0.03278688524590164,0.21311475409836064,0.13114754098360656,0.04918032786885246,9.3098164518695,86.6726823675,0.19672131147540983,0.14754098360655737,0.39344262295081966,1.6179981651506663,Balaenoptera acutorostrata (Common minke whale) (Balaena rostrata),open_ocean,low,20.0416,biooracle_sampled,biooracle:BO22_tempmean_ss,8.0564,biooracle_sampled,biooracle:BO22_phmean_ss,34.4957,biooracle_sampled,biooracle:BO22_salinitymean_ss,0.0,obis_aggregate,obis:depth_median,,missing,pending_obis,,missing,pending_obis,new_candidate,20.0416,biooracle_sampled,biooracle:sst_mean_c,34.4957,biooracle_sampled,biooracle:salinity_mean_psu,8.0564,biooracle_sampled,biooracle:ph_mean,4113.5278,biooracle_sampled,biooracle:depth_mean_m,5.175,biooracle_sampled,biooracle:do_mean_mlL
A0ABM3SL92,0.01639344262295082,0.0,0.04918032786885246,0.5555555555555556,0.14754098360655737,0.15579998057597338,0.11475409836065574,0.08196721311475409,0.3,0.4,0.0,0.15384615384615385,0.18803418803418803,0.2905982905982906,0.3,0.5478734244843404,7.0,2.8947368421052633,1.0,1.585949386665196,0.32786885245901637,3.3229898147687273,4.152732030458279,0.09836065573770492,0.18032786885245902,0.08196721311475409,2.614898753703355,2.410103981841746,0.09836065573770492,2,12.665832692897752,160.4233178044775,20,0.03278688524590164,0.08196721311475409,2.2662814898805044,2.832166289295859,0.01639344262295082,0.2459016393442623,0.11475409836065574,0.03278688524590164,10.13511893504462,102.72063582749999,0.21311475409836064,0.16393442622950818,0.39344262295081966,1.5617438162462152,Balaenoptera acutorostrata (Common minke whale) (Balaena rostrata),open_ocean,low,20.0416,biooracle_sampled,biooracle:BO22_tempmean_ss,8.0564,biooracle_sampled,biooracle:BO22_phmean_ss,34.4957,biooracle_sampled,biooracle:BO22_salinitymean_ss,0.0,obis_aggregate,obis:depth_median,,missing,pending_obis,,missing,pending_obis,new_candidate,20.0416,biooracle_sampled,biooracle:sst_mean_c,34.4957,biooracle_sampled,biooracle:salinity_mean_psu,8.0564,biooracle_sampled,biooracle:ph_mean,4113.5278,biooracle_sampled,biooracle:depth_mean_m,5.175,biooracle_sampled,biooracle:do_mean_mlL
A0ABM3TLZ0,0.03333333333333333,0.044444444444444446,0.022222222222222223,0.375,0.17777777777777778,0.16441940723031948,0.07777777777777778,0.044444444444444446,0.5263157894736842,0.47368421052631576,0.017699115044247787,0.17699115044247787,0.22123893805309736,0.25663716814159293,0.0,0.5211573066470477,7.0,3.0,1.0,1.5634719199411433,0.2111111111111111,2.005376790063019,2.5681874635768445,0.08888888888888889,0.28888888888888886,0.06666666666666667,2.577569275767203,2.3512946078245487,0.08888888888888889,2,12.165098511679789,147.9896217988738,19,0.05555555555555555,0.06666666666666667,2.1792552062177317,2.790865002664697,0.022222222222222223,0.2111111111111111,0.12222222222222222,0.06666666666666667,9.499153216087985,90.2339118227147,0.13333333333333333,0.14444444444444443,0.4,1.640066564881211,Balaenoptera acutorostrata (Common minke whale) (Balaena rostrata),open_ocean,low,20.0416,biooracle_sampled,biooracle:BO22_tempmean_ss,8.0564,biooracle_sampled,biooracle:BO22_phmean_ss,34.4957,biooracle_sampled,biooracle:BO22_salinitymean_ss,0.0,obis_aggregate,obis:depth_median,,missing,pending_obis,,missing,pending_obis,new_candidate,20.0416,biooracle_sampled,biooracle:sst_mean_c,34.4957,biooracle_sampled,biooracle:salinity_mean_psu,8.0564,biooracle_sampled,biooracle:ph_mean,4113.5278,biooracle_sampled,biooracle:depth_mean_m,5.175,biooracle_sampled,biooracle:do_mean_mlL
A0ABM3UGN0,0.0,0.0,0.018867924528301886,0.5,0.1509433962264151,0.2522575102426847,0.05660377358490566,0.03773584905660377,0.2857142857142857,0.42857142857142855,0.0,0.14634146341463414,0.23170731707317074,0.32926829268292684,0.2857142857142857,0.4543437554055877,7.0,3.6153846153846154,1.0,1.6426274233894325,0.2641509433962264,1.6904212754942611,2.2908323785576674,0.07547169811320754,0.20754716981132076,0.09433962264150944,2.2692802799602254,2.001405939564187,0.11320754716981132,2,8.672436861682598,75.21116111987112,14,0.03773584905660377,0.07547169811320754,1.7103254814657411,2.3178062460603797,0.018867924528301886,0.2641509433962264,0.11320754716981132,0.03773584905660377,6.399451971513988,40.95298553571427,0.16981132075471697,0.1509433962264151,0.33962264150943394,1.8365244959804208,Balaenoptera acutorostrata (Common minke whale) (Balaena rostrata),open_ocean,low,20.0416,biooracle_sampled,biooracle:BO22_tempmean_ss,8.0564,biooracle_sampled,biooracle:BO22_phmean_ss,34.4957,biooracle_sampled,biooracle:BO22_salinitymean_ss,0.0,obis_aggregate,obis:depth_median,,missing,pending_obis,,missing,pending_obis,new_candidate,20.0416,biooracle_sampled,biooracle:sst_mean_c,34.4957,biooracle_sampled,biooracle:salinity_mean_psu,8.0564,biooracle_sampled,biooracle:ph_mean,4113.5278,biooracle_sampled,biooracle:depth_mean_m,5.175,biooracle_sampled,biooracle:do_mean_mlL
A0ABM3UGU2,0.0,0.015625,0.0625,0.2727272727272727,0.171875,0.13119935081288728,0.109375,0.0625,0.25,0.45,0.008547008547008548,0.17094017094017094,0.13675213675213677,0.3076923076923077,0.3,0.7007724632035025,9.0,3.0526315789473686,1.0,2.1392001508317446,0.3125,3.4355154592082666,4.333177164482117,0.09375,0.171875,0.125,2.699087954972925,2.4843772988287043,0.109375,2,13.866166926342775,192.27058522920223,20,0.0625,0.046875,2.4582547534531485,3.100569183466176,0.015625,0.234375,0.109375,0.03125,10.993649469466453,120.86032865750002,0.171875,0.15625,0.375,1.5908494322737459,Balaenoptera acutorostrata (Common minke whale) (Balaena rostrata),open_ocean,low,20.0416,biooracle_sampled,biooracle:BO22_tempmean_ss,8.0564,biooracle_sampled,biooracle:BO22_phmean_ss,34.4957,biooracle_sampled,biooracle:BO22_salinitymean_ss,0.0,obis_aggregate,obis:depth_median,,missing,pending_obis,,missing,pending_obis,new_candidate,20.0416,biooracle_sampled,biooracle:sst_mean_c,34.4957,biooracle_sampled,biooracle:salinity_mean_psu,8.0564,biooracle_sampled,biooracle:ph_mean,4113.5278,biooracle_sampled,biooracle:depth_mean_m,5.175,biooracle_sampled,biooracle:do_mean_mlL
A0ABN8LK53,0.05982905982905983,0.042735042735042736,0.017094017094017096,0.28,0.21367521367521367,0.1731179420425995,0.02564102564102564,0.0,0.5714285714285714,0.35714285714285715,0.047619047619047616,0.21428571428571427,0.2619047619047619,0.2619047619047619,0.07142857142857142,0.982878111830785,22.0,5.538461538461538,1.0,5.443632619370502,0.11965811965811966,0.9547779930807466,1.2127405593457834,0.05982905982905983,0.3504273504273504,0.017094017094017096,2.410097441078312,2.1949125828501637,0.07692307692307693,2,10.135046103104047,102.71915951204453,14,0.07692307692307693,0.05982905982905983,2.1325352003732325,2.7087050083552646,0.017094017094017096,0.20512820512820512,0.13675213675213677,0.03418803418803419,7.979216085031953,63.66788933163265,0.017094017094017096,0.05982905982905983,0.23931623931623933,1.613358956773359,Porites evermanni,coastal_estuarine,moderate,24.8233,biooracle_sampled,biooracle:BO22_tempmean_ss,8.073,biooracle_sampled,biooracle:BO22_phmean_ss,35.3068,biooracle_sampled,biooracle:BO22_salinitymean_ss,0.0,obis_aggregate,obis:depth_median,,missing,pending_obis,,missing,pending_obis,new_candidate,24.8233,biooracle_sampled,biooracle:sst_mean_c,35.3068,biooracle_sampled,biooracle:salinity_mean_psu,8.073,biooracle_sampled,biooracle:ph_mean,19.0278,biooracle_sampled,biooracle:depth_mean_m,4.7874,biooracle_sampled,biooracle:do_mean_mlL
A0ABN8LP55,0.10112359550561797,0.0449438202247191,0.0,0.25,0.2696629213483146,0.579530115766298,0.033707865168539325,0.0,0.0,0.4444444444444444,0.018518518518518517,0.24074074074074073,0.14814814814814814,0.4074074074074074,0.5555555555555556,0.6205171643448208,11.0,4.75,2.0,2.947456530637899,0.10112359550561797,0.3323654043744578,0.4778105047229753,0.10112359550561797,0.23595505617977527,0.02247191011235955,1.7448451679782588,1.4555229341799594,0.06741573033707865,1,4.725014991149423,22.32576666658678,9,0.10112359550561797,0.06741573033707865,1.095574851456546,1.5750049970498077,0.033707865168539325,0.2696629213483146,0.16853932584269662,0.06741573033707865,3.286724554369638,10.802558296296297,0.056179775280898875,0.07865168539325842,0.3146067415730337,2.0667110562357496,Porites evermanni,coastal_estuarine,moderate,24.8233,biooracle_sampled,biooracle:BO22_tempmean_ss,8.073,biooracle_sampled,biooracle:BO22_phmean_ss,35.3068,biooracle_sampled,biooracle:BO22_salinitymean_ss,0.0,obis_aggregate,obis:depth_median,,missing,pending_obis,,missing,pending_obis,new_candidate,24.8233,biooracle_sampled,biooracle:sst_mean_c,35.3068,biooracle_sampled,biooracle:salinity_mean_psu,8.073,biooracle_sampled,biooracle:ph_mean,19.0278,biooracle_sampled,biooracle:depth_mean_m,4.7874,biooracle_sampled,biooracle:do_mean_mlL
A0ABN8PEI1,0.06593406593406594,0.04395604395604396,0.0,0.0,0.2857142857142857,0.03322567259632436,0.02197802197802198,0.02197802197802198,0.14285714285714285,0.2857142857142857,0.09523809523809523,0.19047619047619047,0.2857142857142857,0.16666666666666666,0.5714285714285714,1.4962822200720443,53.0,12.333333333333334,2.0,18.454147380888546,0.07692307692307693,1.0854935391997906,1.148445290765053,0.12087912087912088,0.27472527472527475,0.02197802197802198,2.768190864571384,2.7154504853019796,0.07692307692307693,1,14.92978877994569,222.89859301379224,7,0.14285714285714285,0.0,5.333613915481407,5.642929748351246,0.0,0.2087912087912088,0.14285714285714285,0.054945054945054944,14.111416009597278,199.13206179591836,0.0,0.12087912087912088,0.38461538461538464,1.1193506008200285,Porites lobata,coastal_estuarine,moderate,25.4223,biooracle_sampled,biooracle:BO22_tempmean_ss,8.069,biooracle_sampled,biooracle:BO22_phmean_ss,34.9392,biooracle_sampled,biooracle:BO22_salinitymean_ss,37,obis_aggregate,obis:depth_median,,missing,pending_obis,,missing,pending_obis,new_candidate,25.4223,biooracle_sampled,biooracle:sst_mean_c,34.9392,biooracle_sampled,biooracle:salinity_mean_psu,8.069,biooracle_sampled,biooracle:ph_mean,86.9722,biooracle_sampled,biooracle:depth_mean_m,4.6687,biooracle_sampled,biooracle:do_mean_mlL
A0ABN8QBS2,0.05084745762711865,0.01694915254237288,0.0,0.2857142857142857,0.23728813559322035,0.12494871796259882,0.03389830508474576,0.01694915254237288,0.2,0.4,0.05084745762711865,0.288135593220339,0.13559322033898305,0.3898305084745763,0.4,0.6550311015094143,13.0,5.666666666666667,2.0,3.711842908553348,0.1694915254237288,1.3059213374090124,1.76054509819282,0.03389830508474576,0.2033898305084746,0.05084745762711865,2.43249132961555,2.163890208542048,0.1016949152542373,1,10.387216079337637,107.89425787885035,10,0.0847457627118644,0.06779661016949153,2.436514664023182,3.284726135903119,0.01694915254237288,0.3220338983050847,0.15254237288135594,0.05084745762711865,7.704935890713173,59.36603708,0.03389830508474576,0.11864406779661017,0.2033898305084746,1.8174407992478105,Porites lobata,coastal_estuarine,moderate,25.4223,biooracle_sampled,biooracle:BO22_tempmean_ss,8.069,biooracle_sampled,biooracle:BO22_phmean_ss,34.9392,biooracle_sampled,biooracle:BO22_salinitymean_ss,37,obis_aggregate,obis:depth_median,,missing,pending_obis,,missing,pending_obis,new_candidate,25.4223,biooracle_sampled,biooracle:sst_mean_c,34.9392,biooracle_sampled,biooracle:salinity_mean_psu,8.069,biooracle_sampled,biooracle:ph_mean,86.9722,biooracle_sampled,biooracle:depth_mean_m,4.6687,biooracle_sampled,biooracle:do_mean_mlL
A0ABN8QFG8,0.0898876404494382,0.0449438202247191,0.0,0.21739130434782608,0.25842696629213485,0.599104823832059,0.033707865168539325,0.0,0.0,0.4444444444444444,0.018518518518518517,0.2222222222222222,0.14814814814814814,0.42592592592592593,0.5555555555555556,0.6205171643448208,11.0,4.75,2.0,2.947456530637899,0.10112359550561797,0.32692199823533685,0.46989470782368015,0.10112359550561797,0.23595505617977527,0.02247191011235955,1.7310777774234696,1.4428862307540737,0.06741573033707865,1,4.6467365551452815,21.592160612923436,9,0.10112359550561797,0.056179775280898875,1.0776317719609252,1.548912185048427,0.033707865168539325,0.2808988764044944,0.15730337078651685,0.06741573033707865,3.2328953158827756,10.45161212345679,0.056179775280898875,0.07865168539325842,0.3146067415730337,2.0659167559867306,Porites evermanni,coastal_estuarine,moderate,24.8233,biooracle_sampled,biooracle:BO22_tempmean_ss,8.073,biooracle_sampled,biooracle:BO22_phmean_ss,35.3068,biooracle_sampled,biooracle:BO22_salinitymean_ss,0.0,obis_aggregate,obis:depth_median,,missing,pending_obis,,missing,pending_obis,new_candidate,24.8233,biooracle_sampled,biooracle:sst_mean_c,35.3068,biooracle_sampled,biooracle:salinity_mean_psu,8.073,biooracle_sampled,biooracle:ph_mean,19.0278,biooracle_sampled,biooracle:depth_mean_m,4.7874,biooracle_sampled,biooracle:do_mean_mlL
A0ABN8S2V1,0.0660377358490566,0.05660377358490566,0.02830188679245283,0.15384615384615385,0.24528301886792453,0.0940725302253049,0.02830188679245283,0.009433962264150943,0.5714285714285714,0.35714285714285715,0.023809523809523808,0.2261904761904762,0.2619047619047619,0.23809523809523808,0.07142857142857142,1.4428200911800457,32.0,5.461538461538462,1.0,7.880017421060249,0.1320754716981132,1.55866861291091,1.6655426614441866,0.05660377358490566,0.330188679245283,0.018867924528301886,2.610844293752748,2.5495504832849214,0.07547169811320754,2,12.6105372937917,159.02565083811126,14,0.10377358490566038,0.03773584905660377,3.1540429412105344,3.3703078583217128,0.018867924528301886,0.18867924528301888,0.14150943396226415,0.04716981132075472,11.801348069182604,139.27181624999997,0.018867924528301886,0.07547169811320754,0.27358490566037735,1.1418365547315918,Porites evermanni,coastal_estuarine,moderate,24.8233,biooracle_sampled,biooracle:BO22_tempmean_ss,8.073,biooracle_sampled,biooracle:BO22_phmean_ss,35.3068,biooracle_sampled,biooracle:BO22_salinitymean_ss,0.0,obis_aggregate,obis:depth_median,,missing,pending_obis,,missing,pending_obis,new_candidate,24.8233,biooracle_sampled,biooracle:sst_mean_c,35.3068,biooracle_sampled,biooracle:salinity_mean_psu,8.073,biooracle_sampled,biooracle:ph_mean,19.0278,biooracle_sampled,biooracle:depth_mean_m,4.7874,biooracle_sampled,biooracle:do_mean_mlL
A0ABQ7GJK0,0.05714285714285714,0.04285714285714286,0.0,0.2,0.14285714285714285,0.08370175601338445,0.014285714285714285,0.0,0.1,0.3,0.06779661016949153,0.1694915254237288,0.4067796610169492,0.288135593220339,0.6,0.9035746740669292,23.0,6.777777777777778,2.0,6.124228346453631,0.14285714285714285,1.3425943292212816,1.8160363708078786,0.05714285714285714,0.4142857142857143,0.014285714285714285,2.6182899290441344,2.3416288967064065,0.02857142857142857,1,12.712254595655152,161.60141690475552,10,0.05714285714285714,0.02857142857142857,2.9719592377756463,4.01996787182131,0.014285714285714285,0.21428571428571427,0.08571428571428572,0.014285714285714285,9.398160304548972,88.32541711000002,0.014285714285714285,0.04285714285714286,0.2714285714285714,1.82961396834954,Dunaliella salina (Green alga) (Protococcus salinus),coastal_estuarine,moderate,,missing,pending_biooracle,,missing,pending_biooracle,,missing,pending_biooracle,5.0,obis_aggregate,obis:depth_median,,missing,pending_obis,,missing,pending_obis,new_candidate,22.0,habitat_default,habitat_default:coastal_estuarine,32.0,habitat_default,habitat_default:coastal_estuarine,8.1,habitat_default,habitat_default:coastal_estuarine,5.0,obis_aggregate,obis:depth_median_m,6.5,habitat_default,habitat_default:coastal_estuarine
A0ABQ9EAG0,0.028169014084507043,0.0,0.0,0.38461538461538464,0.18309859154929578,0.16482443578388664,0.1267605633802817,0.014084507042253521,0.3333333333333333,0.3333333333333333,0.0,0.2032520325203252,0.17073170731707318,0.2926829268292683,0.3333333333333333,0.41443114557954686,6.0,3.35,2.0,1.388344337691482,0.29577464788732394,2.966191199116525,3.7576856562316014,0.14084507042253522,0.15492957746478872,0.09859154929577464,2.6177283517265253,2.4004874735060024,0.09859154929577464,1,12.704556266306843,161.40574992375647,21,0.056338028169014086,0.07042253521126761,2.188409284335816,2.772361464817936,0.014084507042253521,0.22535211267605634,0.1267605633802817,0.04225352112676056,10.028551197013012,100.57183911111112,0.18309859154929578,0.18309859154929578,0.43661971830985913,1.6048801667575796,Tegillarca granosa (Malaysian cockle) (Anadara granosa),coastal_estuarine,moderate,28.4114,biooracle_sampled,biooracle:BO22_tempmean_ss,8.0684,biooracle_sampled,biooracle:BO22_phmean_ss,34.0447,biooracle_sampled,biooracle:BO22_salinitymean_ss,16.5,obis_aggregate,obis:depth_median,,missing,pending_obis,,missing,pending_obis,new_candidate,28.4114,biooracle_sampled,biooracle:sst_mean_c,34.0447,biooracle_sampled,biooracle:salinity_mean_psu,8.0684,biooracle_sampled,biooracle:ph_mean,42.0556,biooracle_sampled,biooracle:depth_mean_m,4.4899,biooracle_sampled,biooracle:do_mean_mlL
A0ABY7FRS2,0.0,0.0,0.0,0.0,0.18461538461538463,0.1357733101469001,0.12307692307692308,0.03076923076923077,0.3157894736842105,0.3684210526315789,0.0,0.19642857142857142,0.10714285714285714,0.30357142857142855,0.3157894736842105,0.48564572142014933,7.0,3.2777777777777777,2.0,1.5918387535438228,0.2923076923076923,3.0882583218132065,3.8717389094387418,0.16923076923076924,0.12307692307692308,0.06153846153846154,2.6564356330010503,2.4479914460033796,0.09230769230769231,1,13.24542258492201,175.4412194531621,19,0.09230769230769231,0.0,2.4237988528022107,3.038708342745596,0.03076923076923077,0.23076923076923078,0.09230769230769231,0.046153846153846156,10.565094258834653,111.62121669806096,0.13846153846153847,0.12307692307692308,0.4,1.571755125441217,Mya arenaria (Soft-shell clam),coastal_estuarine,moderate,11.5712,biooracle_sampled,biooracle:BO22_tempmean_ss,8.0679,biooracle_sampled,biooracle:BO22_phmean_ss,34.2983,biooracle_sampled,biooracle:BO22_salinitymean_ss,4.0,obis_aggregate,obis:depth_median,,missing,pending_obis,,missing,pending_obis,new_candidate,11.5712,biooracle_sampled,biooracle:sst_mean_c,34.2983,biooracle_sampled,biooracle:salinity_mean_psu,8.0679,biooracle_sampled,biooracle:ph_mean,36.8611,biooracle_sampled,biooracle:depth_mean_m,6.2161,biooracle_sampled,biooracle:do_mean_mlL
A0ABY8UHK5,0.04054054054054054,0.0,0.02702702702702703,0.14285714285714285,0.28378378378378377,0.22923389395346971,0.08108108108108109,0.013513513513513514,0.3888888888888889,0.4444444444444444,0.0,0.3148148148148148,0.1388888888888889,0.2222222222222222,0.16666666666666666,0.46523879267690393,6.0,3.1176470588235294,1.0,1.4504503536397593,0.24324324324324326,1.887730710700352,2.461133675458023,0.0945945945945946,0.1891891891891892,0.12162162162162163,2.4085648767852432,2.170272465892538,0.12162162162162163,2,10.117993999105206,102.37380256592895,18,0.12162162162162163,0.04054054054054054,1.829207626068216,2.384834056257362,0.013513513513513514,0.17567567567567569,0.16216216216216217,0.06756756756756757,7.760670699545892,60.22800970679012,0.04054054054054054,0.06756756756756757,0.2972972972972973,1.6997706393473486,Tetradesmus obliquus (Green alga) (Acutodesmus obliquus),coastal_estuarine,moderate,,missing,pending_biooracle,,missing,pending_biooracle,,missing,pending_biooracle,5.2,obis_aggregate,obis:depth_median,,missing,pending_obis,,missing,pending_obis,new_candidate,22.0,habitat_default,habitat_default:coastal_estuarine,32.0,habitat_default,habitat_default:coastal_estuarine,8.1,habitat_default,habitat_default:coastal_estuarine,5.2,obis_aggregate,obis:depth_median_m,6.5,habitat_default,habitat_default:coastal_estuarine
A0ACB7FDW3,0.0967741935483871,0.021505376344086023,0.0,0.7333333333333333,0.16129032258064516,0.12230199282422122,0.03225806451612903,0.021505376344086023,0.1,0.1,0.0,0.19298245614035087,0.12280701754385964,0.3508771929824561,0.8,1.5992507458949248,48.0,8.777777777777779,2.0,14.037867658411008,0.10752688172043011,0.860863817586256,1.0981612490172625,0.043010752688172046,0.3763440860215054,0.043010752688172046,2.417064866960345,2.197894742009278,0.043010752688172046,1,10.212899615860541,104.3033185636444,10,0.021505376344086023,0.11827956989247312,2.531730089484264,3.2296024300778012,0.010752688172043012,0.27956989247311825,0.13978494623655913,0.053763440860215055,8.00603350355218,64.09657245999999,0.053763440860215055,0.12903225806451613,0.24731182795698925,1.6272838712044357,Nibea albiflora (Yellow drum) (Corvina albiflora),coastal_estuarine,moderate,20.5307,biooracle_sampled,biooracle:BO22_tempmean_ss,8.1244,biooracle_sampled,biooracle:BO22_phmean_ss,33.2957,biooracle_sampled,biooracle:BO22_salinitymean_ss,50,obis_aggregate,obis:depth_median,,missing,pending_obis,,missing,pending_obis,new_candidate,20.5307,biooracle_sampled,biooracle:sst_mean_c,33.2957,biooracle_sampled,biooracle:salinity_mean_psu,8.1244,biooracle_sampled,biooracle:ph_mean,89.2222,biooracle_sampled,biooracle:depth_mean_m,5.0307,biooracle_sampled,biooracle:do_mean_mlL
A0ACB9XHR6,0.0,0.0,0.05,0.3333333333333333,0.15,0.17195298536036113,0.1,0.06666666666666667,0.3,0.4,0.0,0.1452991452991453,0.11965811965811966,0.38461538461538464,0.3,0.47412381128746534,6.0,2.8947368421052633,1.0,1.372463664253189,0.3333333333333333,3.1732787423525632,4.072579244444963,0.1,0.1,0.05,2.5815596952214306,2.3532626394182032,0.1,2,12.21773773333489,149.27311532055515,20,0.05,0.05,2.1287000938366116,2.7319692103001008,0.06666666666666667,0.31666666666666665,0.1,0.05,9.51983622705769,90.62728178999998,0.11666666666666667,0.15,0.31666666666666665,1.647110145777607,Chaenocephalus aceratus (Blackfin icefish) (Chaenichthys aceratus),polar,very_low,-0.1582,biooracle_sampled,biooracle:BO22_tempmean_ss,8.072,biooracle_sampled,biooracle:BO22_phmean_ss,33.9844,biooracle_sampled,biooracle:BO22_salinitymean_ss,183,obis_aggregate,obis:depth_median,,missing,pending_obis,,missing,pending_obis,new_candidate,-0.1582,biooracle_sampled,biooracle:sst_mean_c,33.9844,biooracle_sampled,biooracle:salinity_mean_psu,8.072,biooracle_sampled,biooracle:ph_mean,4365.1387,biooracle_sampled,biooracle:depth_mean_m,7.9817,biooracle_sampled,biooracle:do_mean_mlL
A1XDQ0,0.0,0.0,0.0,0.14285714285714285,0.18666666666666668,0.15080543768392773,0.12,0.013333333333333334,0.2857142857142857,0.42857142857142855,0.0,0.2,0.136,0.256,0.2857142857142857,0.4302570246566998,6.0,3.4,2.0,1.4628738838327793,0.28,2.975376509896596,3.6692425910455175,0.18666666666666668,0.13333333333333333,0.12,2.6464894872373077,2.4532736160272113,0.10666666666666667,1,13.104437825162561,171.7262907135513,21,0.08,0.02666666666666667,2.3188585165977336,2.8596227749357106,0.02666666666666667,0.21333333333333335,0.10666666666666667,0.06666666666666667,10.626344678202127,112.91920121995466,0.08,0.10666666666666667,0.37333333333333335,1.520789102812077,Magallana ariakensis (Suminoe oyster) (Crassostrea ariakensis),coastal_estuarine,moderate,,missing,pending_biooracle,,missing,pending_biooracle,,missing,pending_biooracle,,missing,pending_obis,,missing,pending_obis,,missing,pending_obis,new_candidate,22.0,habitat_default,habitat_default:coastal_estuarine,32.0,habitat_default,habitat_default:coastal_estuarine,8.1,habitat_default,habitat_default:coastal_estuarine,30.0,habitat_default,habitat_default:coastal_estuarine,6.5,habitat_default,habitat_default:coastal_estuarine
A1YWB3,0.0,0.0,0.0136986301369863,0.16666666666666666,0.1643835616438356,0.2381992640574728,0.1232876712328767,0.0136986301369863,0.3181818181818182,0.36363636363636365,0.0,0.2,0.2230769230769231,0.19230769230769232,0.3181818181818182,0.4700900223290633,6.0,3.1904761904761907,1.0,1.4998110236212971,0.3013698630136986,2.5572267781883373,3.2802931975704546,0.1506849315068493,0.2054794520547945,0.136986301369863,2.4752442223990374,2.249747807302215,0.0958904109589041,3,10.884609246483782,118.47471844864025,22,0.0684931506849315,0.0273972602739726,1.8090812914784424,2.320606488601243,0.0136986301369863,0.1780821917808219,0.0958904109589041,0.0547945205479452,8.48534340035221,72.00105262190081,0.0958904109589041,0.0958904109589041,0.3698630136986301,1.645458144491118,Mytilus sp. KL-2006,coastal_estuarine,moderate,,missing,pending_biooracle,,missing,pending_biooracle,,missing,pending_biooracle,,missing,pending_obis,,missing,pending_obis,,missing,pending_obis,new_candidate,22.0,habitat_default,habitat_default:coastal_estuarine,32.0,habitat_default,habitat_default:coastal_estuarine,8.1,habitat_default,habitat_default:coastal_estuarine,30.0,habitat_default,habitat_default:coastal_estuarine,6.5,habitat_default,habitat_default:coastal_estuarine
A1YWB4,0.013888888888888888,0.0,0.013888888888888888,0.2727272727272727,0.1527777777777778,0.14281941754685193,0.1388888888888889,0.027777777777777776,0.34782608695652173,0.34782608695652173,0.0,0.18382352941176472,0.18382352941176472,0.21323529411764705,0.30434782608695654,0.4494665749754947,6.0,3.0,1.0,1.348399724926484,0.3194444444444444,3.620479966348163,4.539051485919954,0.16666666666666666,0.16666666666666666,0.125,2.7219008137518026,2.5123334411346936,0.08333333333333333,2,14.20920465157551,201.90149683035511,23,0.05555555555555555,0.041666666666666664,2.363234897076934,2.962823982140329,0.013888888888888888,0.19444444444444445,0.09722222222222222,0.041666666666666664,11.33367641639425,128.4522211115312,0.06944444444444445,0.08333333333333333,0.3333333333333333,1.571802301923998,Mytilus sp. KL-2006,coastal_estuarine,moderate,,missing,pending_biooracle,,missing,pending_biooracle,,missing,pending_biooracle,,missing,pending_obis,,missing,pending_obis,,missing,pending_obis,new_candidate,22.0,habitat_default,habitat_default:coastal_estuarine,32.0,habitat_default,habitat_default:coastal_estuarine,8.1,habitat_default,habitat_default:coastal_estuarine,30.0,habitat_default,habitat_default:coastal_estuarine,6.5,habitat_default,habitat_default:coastal_estuarine
A2I5Y3,0.0,0.0,0.03125,0.5,0.125,0.17905897230410142,0.125,0.03125,0.38095238095238093,0.23809523809523808,0.0,0.144,0.12,0.336,0.38095238095238093,0.5102982271361636,6.0,2.9,1.0,1.4798648586948742,0.328125,3.1454866869148557,4.014338561728527,0.125,0.140625,0.09375,2.5828024736526527,2.3595555302689255,0.09375,3,12.23417466431551,149.67502971697954,21,0.03125,0.0625,2.091890189970168,2.669715784025561,0.0625,0.28125,0.09375,0.0625,9.586245141073846,91.89609590476192,0.109375,0.140625,0.375,1.6287419856453729,Portunus pelagicus (Blue swimmer crab),coastal_estuarine,moderate,,missing,pending_biooracle,,missing,pending_biooracle,,missing,pending_biooracle,21,obis_aggregate,obis:depth_median,,missing,pending_obis,,missing,pending_obis,new_candidate,22.0,habitat_default,habitat_default:coastal_estuarine,32.0,habitat_default,habitat_default:coastal_estuarine,8.1,habitat_default,habitat_default:coastal_estuarine,21,obis_aggregate,obis:depth_median_m,6.5,habitat_default,habitat_default:coastal_estuarine
A2I5Y4,0.01694915254237288,0.01694915254237288,0.03389830508474576,0.3333333333333333,0.2033898305084746,0.21467041708380846,0.0847457627118644,0.05084745762711865,0.2777777777777778,0.4444444444444444,0.028037383177570093,0.22429906542056074,0.22429906542056074,0.24299065420560748,0.2777777777777778,0.4410517285069121,6.0,3.0588235294117645,1.0,1.3490994048446723,0.3050847457627119,2.447095197647356,3.1892636810452237,0.0847457627118644,0.2033898305084746,0.05084745762711865,2.438312614217205,2.1995589903565955,0.11864406779661017,2,10.453697621203789,109.27979395556176,18,0.06779661016949153,0.06779661016949153,1.8905759055456173,2.4639601588089604,0.06779661016949153,0.2033898305084746,0.13559322033898305,0.0847457627118644,8.021034258955222,64.33699058333335,0.05084745762711865,0.05084745762711865,0.2711864406779661,1.6985530868748926,Portunus pelagicus (Blue swimmer crab),coastal_estuarine,moderate,,missing,pending_biooracle,,missing,pending_biooracle,,missing,pending_biooracle,21,obis_aggregate,obis:depth_median,,missing,pending_obis,,missing,pending_obis,new_candidate,22.0,habitat_default,habitat_default:coastal_estuarine,32.0,habitat_default,habitat_default:coastal_estuarine,8.1,habitat_default,habitat_default:coastal_estuarine,21,obis_aggregate,obis:depth_median_m,6.5,habitat_default,habitat_default:coastal_estuarine
A3FM99,0.0,0.0,0.05,0.3333333333333333,0.15,0.20317263902721863,0.1,0.06666666666666667,0.3,0.4,0.0,0.15384615384615385,0.11965811965811966,0.37606837606837606,0.3,0.47412381128746534,6.0,2.8947368421052633,1.0,1.372463664253189,0.3333333333333333,2.8954474649390933,3.777518283245302,0.1,0.1,0.05,2.512242501692262,2.2707168928108628,0.1,2,11.332554849735907,128.4267994222728,20,0.05,0.05,1.9423252070649757,2.53403630027544,0.06666666666666667,0.31666666666666665,0.1,0.05,8.68634239481728,75.45254420000002,0.06666666666666667,0.11666666666666667,0.2833333333333333,1.7020870639147085,Paralichthys olivaceus (Bastard halibut) (Hippoglossus olivaceus),coastal_estuarine,moderate,17.1045,biooracle_sampled,biooracle:BO22_tempmean_ss,8.0946,biooracle_sampled,biooracle:BO22_phmean_ss,31.5374,biooracle_sampled,biooracle:BO22_salinitymean_ss,25.0,obis_aggregate,obis:depth_median,,missing,pending_obis,,missing,pending_obis,new_candidate,17.1045,biooracle_sampled,biooracle:sst_mean_c,31.5374,biooracle_sampled,biooracle:salinity_mean_psu,8.0946,biooracle_sampled,biooracle:ph_mean,0.0,biooracle_sampled,biooracle:depth_mean_m,5.5877,biooracle_sampled,biooracle:do_mean_mlL
A3RG99,0.0,0.0,0.0,0.0,0.18181818181818182,0.5371327111149653,0.11363636363636363,0.022727272727272728,0.3333333333333333,0.3333333333333333,0.0,0.18055555555555555,0.1527777777777778,0.2638888888888889,0.3333333333333333,0.4138795673819816,6.0,3.272727272727273,2.0,1.3545149477955762,0.2727272727272727,1.0936029580026134,1.5194874149634956,0.1590909090909091,0.18181818181818182,0.1590909090909091,1.8827350949060118,1.6114114662302874,0.09090909090909091,1,5.571453854866151,31.041098056902896,12,0.09090909090909091,0.0,1.1575519306805298,1.6083401914422755,0.045454545454545456,0.20454545454545456,0.09090909090909091,0.06818181818181818,4.009877512676249,16.079117666666665,0.06818181818181818,0.09090909090909091,0.3409090909090909,1.9305224764449387,Cerastoderma edule (Common cockle) (Cardium edule),coastal_estuarine,moderate,11.9543,biooracle_sampled,biooracle:BO22_tempmean_ss,8.0694,biooracle_sampled,biooracle:BO22_phmean_ss,34.2213,biooracle_sampled,biooracle:BO22_salinitymean_ss,0.1,obis_aggregate,obis:depth_median,,missing,pending_obis,,missing,pending_obis,new_candidate,11.9543,biooracle_sampled,biooracle:sst_mean_c,34.2213,biooracle_sampled,biooracle:salinity_mean_psu,8.0694,biooracle_sampled,biooracle:ph_mean,27.6111,biooracle_sampled,biooracle:depth_mean_m,6.1855,biooracle_sampled,biooracle:do_mean_mlL
A4RUP3,0.07042253521126761,0.028169014084507043,0.0,0.8181818181818182,0.15492957746478872,0.3815701340017028,0.04225352112676056,0.0,0.6666666666666666,0.3333333333333333,0.037037037037037035,0.2037037037037037,0.24074074074074073,0.2222222222222222,0.0,0.6719550176212475,12.0,4.75,2.0,3.191786333700926,0.1267605633802817,0.5163680546504781,0.7339679392277036,0.16901408450704225,0.29577464788732394,0.056338028169014086,1.9154791474429342,1.624044752999254,0.07042253521126761,1,5.790191520574107,33.526317844928286,9,0.014084507042253521,0.1267605633802817,1.357856736303109,1.9300638401913688,0.014084507042253521,0.23943661971830985,0.14084507042253522,0.056338028169014086,4.073570208909327,16.593974246913582,0.014084507042253521,0.1267605633802817,0.49295774647887325,2.0203910977603248,Ostreococcus lucimarinus (strain CCE9901),coastal_estuarine,moderate,17.0792,biooracle_sampled,biooracle:BO22_tempmean_ss,8.1072,biooracle_sampled,biooracle:BO22_phmean_ss,35.5341,biooracle_sampled,biooracle:BO22_salinitymean_ss,99.0278,biooracle_sampled,biooracle:BO_bathymean,,missing,pending_obis,,missing,pending_obis,new_candidate,17.0792,biooracle_sampled,biooracle:sst_mean_c,35.5341,biooracle_sampled,biooracle:salinity_mean_psu,8.1072,biooracle_sampled,biooracle:ph_mean,99.0278,biooracle_sampled,biooracle:depth_mean_m,5.4164,biooracle_sampled,biooracle:do_mean_mlL
A4S3C7,0.0392156862745098,0.0,0.0,0.3333333333333333,0.17647058823529413,0.2732216747012279,0.09803921568627451,0.0784313725490196,0.3333333333333333,0.3333333333333333,0.0,0.20224719101123595,0.29213483146067415,0.1348314606741573,0.3333333333333333,0.4141106172338318,6.0,3.142857142857143,2.0,1.3014905113063284,0.29411764705882354,1.8740915855554117,2.5341216848082073,0.09803921568627451,0.2549019607843137,0.0196078431372549,2.2634298054486446,1.9976770200511835,0.0784313725490196,1,8.616013728347905,74.23569256707957,15,0.058823529411764705,0.058823529411764705,1.645220446694674,2.2246451787057273,0.0,0.13725490196078433,0.11764705882352941,0.0196078431372549,6.3719113908884,40.60125477333334,0.0392156862745098,0.058823529411764705,0.37254901960784315,1.8284088258237066,Ostreococcus lucimarinus (strain CCE9901),coastal_estuarine,moderate,17.0792,biooracle_sampled,biooracle:BO22_tempmean_ss,8.1072,biooracle_sampled,biooracle:BO22_phmean_ss,35.5341,biooracle_sampled,biooracle:BO22_salinitymean_ss,99.0278,biooracle_sampled,biooracle:BO_bathymean,,missing,pending_obis,,missing,pending_obis,new_candidate,17.0792,biooracle_sampled,biooracle:sst_mean_c,35.5341,biooracle_sampled,biooracle:salinity_mean_psu,8.1072,biooracle_sampled,biooracle:ph_mean,99.0278,biooracle_sampled,biooracle:depth_mean_m,5.4164,biooracle_sampled,biooracle:do_mean_mlL
A5A2H9,0.0,0.0,0.0,0.2727272727272727,0.16666666666666666,0.1402105513816142,0.12121212121212122,0.015151515151515152,0.3684210526315789,0.3684210526315789,0.0,0.17272727272727273,0.2,0.2727272727272727,0.2631578947368421,0.4303083524067766,6.0,3.388888888888889,2.0,1.4582671942674097,0.2878787878787879,3.0171229968539715,3.72219584064971,0.15151515151515152,0.16666666666666666,0.10606060606060606,2.634025614610898,2.4406527761734007,0.06060606060606061,1,12.929732920151624,167.17799338645264,19,0.10606060606060606,-0.045454545454545456,2.404399058371903,2.966284166626946,0.030303030303030304,0.22727272727272727,0.06060606060606061,0.06060606060606061,10.480532515387479,109.84156180609419,0.045454545454545456,0.07575757575757576,0.3484848484848485,1.5219921370161846,Ruditapes philippinarum (Japanese carpet shell) (Venerupis philippinarum),coastal_estuarine,moderate,,missing,pending_biooracle,,missing,pending_biooracle,,missing,pending_biooracle,3.4,obis_aggregate,obis:depth_median,,missing,pending_obis,,missing,pending_obis,new_candidate,22.0,habitat_default,habitat_default:coastal_estuarine,32.0,habitat_default,habitat_default:coastal_estuarine,8.1,habitat_default,habitat_default:coastal_estuarine,3.4,obis_aggregate,obis:depth_median_m,6.5,habitat_default,habitat_default:coastal_estuarine
A5A2I2,0.0136986301369863,0.0,0.0136986301369863,0.0,0.1095890410958904,0.17938414643923983,0.1232876712328767,0.0,0.3333333333333333,0.38095238095238093,0.0,0.13709677419354838,0.1532258064516129,0.2903225806451613,0.2857142857142857,0.4929893899974252,7.0,3.35,1.0,1.6515144564913744,0.2876712328767123,2.7557009044112704,3.515572242053842,0.1780821917808219,0.1506849315068493,0.0547945205479452,2.5817912521283968,2.3589031597604277,0.0410958904109589,2,12.220798746187166,149.3479219948098,21,0.0547945205479452,0.0,2.0903836350566274,2.6667969193916243,0.0273972602739726,0.2602739726027397,0.0547945205479452,0.0410958904109589,9.57934123914394,91.76377857596376,0.0684931506849315,0.0958904109589041,0.3972602739726027,1.627525852928744,Cerastoderma edule (Common cockle) (Cardium edule),coastal_estuarine,moderate,11.9543,biooracle_sampled,biooracle:BO22_tempmean_ss,8.0694,biooracle_sampled,biooracle:BO22_phmean_ss,34.2213,biooracle_sampled,biooracle:BO22_salinitymean_ss,0.1,obis_aggregate,obis:depth_median,,missing,pending_obis,,missing,pending_obis,new_candidate,11.9543,biooracle_sampled,biooracle:sst_mean_c,34.2213,biooracle_sampled,biooracle:salinity_mean_psu,8.0694,biooracle_sampled,biooracle:ph_mean,27.6111,biooracle_sampled,biooracle:depth_mean_m,6.1855,biooracle_sampled,biooracle:do_mean_mlL
A7DY31,0.01694915254237288,0.0,0.03389830508474576,0.14285714285714285,0.23728813559322035,0.22537956603607429,0.0847457627118644,0.05084745762711865,0.3333333333333333,0.3888888888888889,0.0,0.26666666666666666,0.19047619047619047,0.2571428571428571,0.2777777777777778,0.45204334153626186,6.0,3.1176470588235294,1.0,1.409311594201287,0.3050847457627119,2.3950156120491592,3.103777674805579,0.06779661016949153,0.1864406779661017,0.0847457627118644,2.4135443206414195,2.1804546278890196,0.11864406779661017,2,10.173493489640508,103.4999697837578,18,0.1016949152542373,0.03389830508474576,1.8503402785060925,2.3979154116273325,0.0847457627118644,0.2033898305084746,0.13559322033898305,0.1016949152542373,7.850328950605577,61.627664632716055,0.06779661016949153,0.05084745762711865,0.2542372881355932,1.6794400761506894,Pachygrapsus marmoratus (Marbled rock crab) (Cancer marmoratus),coastal_estuarine,moderate,19.163,biooracle_sampled,biooracle:BO22_tempmean_ss,8.0784,biooracle_sampled,biooracle:BO22_phmean_ss,37.5015,biooracle_sampled,biooracle:BO22_salinitymean_ss,17.0,obis_aggregate,obis:depth_median,,missing,pending_obis,,missing,pending_obis,new_candidate,19.163,biooracle_sampled,biooracle:sst_mean_c,37.5015,biooracle_sampled,biooracle:salinity_mean_psu,8.0784,biooracle_sampled,biooracle:ph_mean,2570.8333,biooracle_sampled,biooracle:depth_mean_m,5.2758,biooracle_sampled,biooracle:do_mean_mlL
A7LBN4,0.0,0.0,0.0,0.09090909090909091,0.1527777777777778,0.16147157140093885,0.125,0.013888888888888888,0.3333333333333333,0.38095238095238093,0.0,0.1693548387096774,0.1693548387096774,0.3064516129032258,0.2857142857142857,0.4250456974894967,6.0,3.35,2.0,1.4239030865898141,0.2916666666666667,2.973555332913991,3.7206669384938245,0.1527777777777778,0.1388888888888889,0.1111111111111111,2.621516699770018,2.415471435455547,0.08333333333333333,1,12.756572360550255,162.7301383899547,21,0.06944444444444445,0.013888888888888888,2.2247416157090574,2.78371230716205,0.027777777777777776,0.2638888888888889,0.08333333333333333,0.041666666666666664,10.195046855705112,103.93898039002268,0.06944444444444445,0.09722222222222222,0.3333333333333333,1.5656314674179301,Ruditapes decussatus,coastal_estuarine,moderate,17.8339,biooracle_sampled,biooracle:BO22_tempmean_ss,8.0986,biooracle_sampled,biooracle:BO22_phmean_ss,37.9193,biooracle_sampled,biooracle:BO22_salinitymean_ss,0.5,obis_aggregate,obis:depth_median,,missing,pending_obis,,missing,pending_obis,new_candidate,17.8339,biooracle_sampled,biooracle:sst_mean_c,37.9193,biooracle_sampled,biooracle:salinity_mean_psu,8.0986,biooracle_sampled,biooracle:ph_mean,21.6944,biooracle_sampled,biooracle:depth_mean_m,5.3707,biooracle_sampled,biooracle:do_mean_mlL
A7Y9I4,0.0,0.0,0.05,0.3333333333333333,0.15,0.18459402567355243,0.1,0.06666666666666667,0.3,0.4,0.0,0.1452991452991453,0.1111111111111111,0.39316239316239315,0.3,0.47412381128746534,6.0,2.8947368421052633,1.0,1.372463664253189,0.3333333333333333,3.061957882267125,3.931611823952302,0.1,0.1,0.05,2.5490416107449354,2.321001823791069,0.1,2,11.794835471856906,139.11814380817393,20,0.05,0.05,2.054023790697177,2.637405389849785,0.03333333333333333,0.31666666666666665,0.1,0.03333333333333333,9.185873646801376,84.38027465500001,0.16666666666666666,0.15,0.31666666666666665,1.648704562493746,Acanthopagrus schlegelii (Black porgy),coastal_estuarine,moderate,20.3961,biooracle_sampled,biooracle:BO22_tempmean_ss,8.1175,biooracle_sampled,biooracle:BO22_phmean_ss,33.6235,biooracle_sampled,biooracle:BO22_salinitymean_ss,1.1,obis_aggregate,obis:depth_median,,missing,pending_obis,,missing,pending_obis,new_candidate,20.3961,biooracle_sampled,biooracle:sst_mean_c,33.6235,biooracle_sampled,biooracle:salinity_mean_psu,8.1175,biooracle_sampled,biooracle:ph_mean,126.75,biooracle_sampled,biooracle:depth_mean_m,5.1422,biooracle_sampled,biooracle:do_mean_mlL
A8DPB8,0.0,0.0,0.0425531914893617,0.3333333333333333,0.1276595744680851,0.27878866539108144,0.10638297872340426,0.0851063829787234,0.375,0.375,0.0,0.11827956989247312,0.08602150537634409,0.43010752688172044,0.25,0.4569042489392674,6.0,2.8666666666666667,1.0,1.3097921802925665,0.3404255319148936,2.2488926084269143,2.9574703698619524,0.10638297872340426,0.0851063829787234,0.0425531914893617,2.2708435390636974,2.02895345424378,0.0851063829787234,2,8.687569211469485,75.47385880407253,16,0.0425531914893617,0.0425531914893617,1.6515305093135153,2.1718923028673713,0.0425531914893617,0.3404255319148936,0.0851063829787234,0.0425531914893617,6.606122037254061,43.640848371093746,0.14893617021276595,0.14893617021276595,0.3191489361702128,1.7294315216398022,Dentex dentex (Common dentex) (Sparus dentex),coastal_estuarine,moderate,18.577,biooracle_sampled,biooracle:BO22_tempmean_ss,8.08,biooracle_sampled,biooracle:BO22_phmean_ss,37.8828,biooracle_sampled,biooracle:BO22_salinitymean_ss,33.0,obis_aggregate,obis:depth_median,,missing,pending_obis,,missing,pending_obis,new_candidate,18.577,biooracle_sampled,biooracle:sst_mean_c,37.8828,biooracle_sampled,biooracle:salinity_mean_psu,8.08,biooracle_sampled,biooracle:ph_mean,1473.3611,biooracle_sampled,biooracle:depth_mean_m,5.2835,biooracle_sampled,biooracle:do_mean_mlL
A9NJG1,0.015151515151515152,0.0,0.0,0.2,0.15151515151515152,0.15443673830858032,0.12121212121212122,0.030303030303030304,0.3684210526315789,0.3684210526315789,0.0,0.16964285714285715,0.22321428571428573,0.20535714285714285,0.2631578947368421,0.4242640687119285,6.0,3.3333333333333335,2.0,1.4142135623730951,0.2878787878787879,2.8545891952030615,3.5717305904730887,0.16666666666666666,0.21212121212121213,0.12121212121212122,2.5957817438977635,2.390224235931351,0.07575757575757576,1,12.407064156380201,153.93524098053436,19,0.06060606060606061,0.030303030303030304,2.274872976720427,2.846375728615106,0.015151515151515152,0.18181818181818182,0.09090909090909091,0.06060606060606061,9.915941414915897,98.32589414404428,0.09090909090909091,0.09090909090909091,0.3787878787878788,1.5655615676886108,Mytilus galloprovincialis (Mediterranean mussel),coastal_estuarine,moderate,,missing,pending_biooracle,,missing,pending_biooracle,,missing,pending_biooracle,14.5,obis_aggregate,obis:depth_median,,missing,pending_obis,,missing,pending_obis,new_candidate,22.0,habitat_default,habitat_default:coastal_estuarine,32.0,habitat_default,habitat_default:coastal_estuarine,8.1,habitat_default,habitat_default:coastal_estuarine,14.5,obis_aggregate,obis:depth_median_m,6.5,habitat_default,habitat_default:coastal_estuarine
B0FYY2,0.0,0.0,0.05,0.45454545454545453,0.18333333333333332,0.18203217406337202,0.1,0.06666666666666667,0.3,0.4,0.0,0.18803418803418803,0.10256410256410256,0.358974358974359,0.3,0.47412381128746534,6.0,2.8947368421052633,1.0,1.372463664253189,0.3333333333333333,3.099869430538791,3.9381833242276274,0.1,0.1,0.08333333333333333,2.5505812419682656,2.3321058645722754,0.13333333333333333,2,11.814549972682883,139.58359105702112,20,0.05,0.08333333333333333,2.0794556304174896,2.641813686248721,0.03333333333333333,0.2833333333333333,0.13333333333333333,0.03333333333333333,9.299608291616373,86.48271437749999,0.13333333333333333,0.13333333333333333,0.3,1.6140056664703422,Kryptolebias marmoratus (Mangrove killifish) (Rivulus marmoratus),coastal_estuarine,moderate,27.079,biooracle_sampled,biooracle:BO22_tempmean_ss,8.0687,biooracle_sampled,biooracle:BO22_phmean_ss,35.957,biooracle_sampled,biooracle:BO22_salinitymean_ss,30.0,obis_aggregate,obis:depth_median,,missing,pending_obis,,missing,pending_obis,new_candidate,27.079,biooracle_sampled,biooracle:sst_mean_c,35.957,biooracle_sampled,biooracle:salinity_mean_psu,8.0687,biooracle_sampled,biooracle:ph_mean,5302.7222,biooracle_sampled,biooracle:depth_mean_m,4.5865,biooracle_sampled,biooracle:do_mean_mlL
B1Q016,0.0,0.0,0.0,0.09090909090909091,0.1527777777777778,0.13085583619559804,0.125,0.013888888888888888,0.3333333333333333,0.38095238095238093,0.0,0.1693548387096774,0.18548387096774194,0.27419354838709675,0.2857142857142857,0.4250456974894967,6.0,3.35,2.0,1.4239030865898141,0.2916666666666667,3.3311960434446237,4.098260896936138,0.16666666666666666,0.1527777777777778,0.1111111111111111,2.7114564079253127,2.5194081985078065,0.08333333333333333,1,14.051180218066758,197.4356655205906,21,0.06944444444444445,0.013888888888888888,2.4923196773587577,3.0662189025122393,0.027777777777777776,0.2361111111111111,0.08333333333333333,0.05555555555555555,11.421243577524423,130.44480485714288,0.06944444444444445,0.08333333333333333,0.3472222222222222,1.5135571381076693,Cerastoderma glaucum (Lagoon cockle),coastal_estuarine,moderate,9.4275,biooracle_sampled,biooracle:BO22_tempmean_ss,8.098,biooracle_sampled,biooracle:BO22_phmean_ss,7.05,biooracle_sampled,biooracle:BO22_salinitymean_ss,2.4,obis_aggregate,obis:depth_median,,missing,pending_obis,,missing,pending_obis,new_candidate,9.4275,biooracle_sampled,biooracle:sst_mean_c,7.05,biooracle_sampled,biooracle:salinity_mean_psu,8.098,biooracle_sampled,biooracle:ph_mean,4.5833,biooracle_sampled,biooracle:depth_mean_m,7.8207,biooracle_sampled,biooracle:do_mean_mlL
B2KNX2,0.0,0.0,0.05,0.4,0.16666666666666666,0.18214141425406172,0.1,0.06666666666666667,0.3,0.4,0.0,0.17094017094017094,0.1282051282051282,0.3504273504273504,0.3,0.47412381128746534,6.0,2.8947368421052633,1.0,1.372463664253189,0.3333333333333333,3.078655201048738,3.9629421232901088,0.1,0.11666666666666667,0.06666666666666667,2.556360763144872,2.325907557911495,0.11666666666666667,2,11.888826369870326,141.34419245292403,20,0.05,0.06666666666666667,2.065224692648478,2.6584223935722107,0.03333333333333333,0.2833333333333333,0.11666666666666667,0.05,9.235965603146214,85.30306062250001,0.16666666666666666,0.16666666666666666,0.35,1.656965077471585,Takifugu obscurus (Obscure pufferfish) (Sphoeroides ocellatus obscurus),coastal_estuarine,moderate,15.3565,biooracle_sampled,biooracle:BO22_tempmean_ss,8.1328,biooracle_sampled,biooracle:BO22_phmean_ss,31.2781,biooracle_sampled,biooracle:BO22_salinitymean_ss,60.4722,biooracle_sampled,biooracle:BO_bathymean,,missing,pending_obis,,missing,pending_obis,new_candidate,15.3565,biooracle_sampled,biooracle:sst_mean_c,31.2781,biooracle_sampled,biooracle:salinity_mean_psu,8.1328,biooracle_sampled,biooracle:ph_mean,60.4722,biooracle_sampled,biooracle:depth_mean_m,5.8496,biooracle_sampled,biooracle:do_mean_mlL
B5T1N2,0.0,0.0,0.05,0.45454545454545453,0.18333333333333332,0.16304080935957746,0.1,0.06666666666666667,0.3,0.4,0.0,0.1794871794871795,0.11965811965811966,0.358974358974359,0.3,0.47412381128746534,6.0,2.8947368421052633,1.0,1.372463664253189,0.3333333333333333,3.291282403309284,4.141198192700099,0.08333333333333333,0.11666666666666667,0.11666666666666667,2.597013947994967,2.386360567671165,0.13333333333333333,2,12.423594578100298,154.34570224100312,20,0.05,0.08333333333333333,2.207859356084531,2.7780002001530084,0.03333333333333333,0.2833333333333333,0.13333333333333333,0.03333333333333333,9.873847209927852,97.49285872500003,0.13333333333333333,0.13333333333333333,0.3,1.5831487994045697,Epinephelus coioides (Orange-spotted grouper) (Epinephelus nebulosus),coastal_estuarine,moderate,28.4155,biooracle_sampled,biooracle:BO22_tempmean_ss,8.0577,biooracle_sampled,biooracle:BO22_phmean_ss,34.0002,biooracle_sampled,biooracle:BO22_salinitymean_ss,26,obis_aggregate,obis:depth_median,,missing,pending_obis,,missing,pending_obis,new_candidate,28.4155,biooracle_sampled,biooracle:sst_mean_c,34.0002,biooracle_sampled,biooracle:salinity_mean_psu,8.0577,biooracle_sampled,biooracle:ph_mean,2203.3611,biooracle_sampled,biooracle:depth_mean_m,4.5606,biooracle_sampled,biooracle:do_mean_mlL
B5U0R0,0.013333333333333334,0.0,0.0,0.1,0.26666666666666666,0.13831651842993775,0.12,0.013333333333333334,0.3333333333333333,0.38095238095238093,0.0,0.328,0.16,0.224,0.2857142857142857,0.42008402520840293,6.0,3.4,2.0,1.42828568570857,0.28,3.111885751516095,3.825054826952153,0.10666666666666667,0.16,0.21333333333333335,2.685184774767466,2.494351711428867,0.13333333333333333,1,13.66091009625769,186.62046465803527,21,0.12,0.02666666666666667,2.4252469405403136,2.9810549799089205,0.04,0.18666666666666668,0.14666666666666667,0.06666666666666667,11.113877683986052,123.51827717460317,0.05333333333333334,0.08,0.30666666666666664,1.5108732806743412,Anadara broughtonii (Blood clam) (Scapharca broughtonii),coastal_estuarine,moderate,,missing,pending_biooracle,,missing,pending_biooracle,,missing,pending_biooracle,15.7,obis_aggregate,obis:depth_median,,missing,pending_obis,,missing,pending_obis,new_candidate,22.0,habitat_default,habitat_default:coastal_estuarine,32.0,habitat_default,habitat_default:coastal_estuarine,8.1,habitat_default,habitat_default:coastal_estuarine,15.7,obis_aggregate,obis:depth_median_m,6.5,habitat_default,habitat_default:coastal_estuarine
B6CM32,0.0,0.0,0.05,0.3333333333333333,0.15,0.18459402567355243,0.1,0.06666666666666667,0.3,0.4,0.0,0.1452991452991453,0.1111111111111111,0.39316239316239315,0.3,0.47412381128746534,6.0,2.8947368421052633,1.0,1.372463664253189,0.3333333333333333,3.061957882267125,3.931611823952302,0.1,0.1,0.05,2.5490416107449354,2.321001823791069,0.1,2,11.794835471856906,139.11814380817393,20,0.05,0.05,2.054023790697177,2.637405389849785,0.03333333333333333,0.31666666666666665,0.1,0.03333333333333333,9.185873646801376,84.38027465500001,0.16666666666666666,0.15,0.31666666666666665,1.648704562493746,Rhabdosargus sarba (Goldlined seabream) (Sparus sarba),coastal_estuarine,moderate,,missing,pending_biooracle,,missing,pending_biooracle,,missing,pending_biooracle,0.0,obis_aggregate,obis:depth_median,,missing,pending_obis,,missing,pending_obis,new_candidate,22.0,habitat_default,habitat_default:coastal_estuarine,32.0,habitat_default,habitat_default:coastal_estuarine,8.1,habitat_default,habitat_default:coastal_estuarine,0.0,obis_aggregate,obis:depth_median_m,6.5,habitat_default,habitat_default:coastal_estuarine
B8XJJ2,0.013333333333333334,0.0,0.013333333333333334,0.06666666666666667,0.2,0.16197440219255316,0.12,0.02666666666666667,0.3181818181818182,0.4090909090909091,0.0,0.20610687022900764,0.21374045801526717,0.24427480916030533,0.2727272727272727,0.5123897467701278,7.0,3.238095238095238,1.0,1.659166799065176,0.29333333333333333,3.0050563803178285,3.8890766733259974,0.09333333333333334,0.2,0.06666666666666667,2.657333297186816,2.419880043996237,0.09333333333333334,3,13.258215931793172,175.7802896940543,22,0.09333333333333334,0.013333333333333334,2.184136953316223,2.826661134255671,0.05333333333333334,0.21333333333333335,0.10666666666666667,0.05333333333333334,10.244510387447143,104.9499930785124,0.02666666666666667,0.06666666666666667,0.29333333333333333,1.6748956768634962,Pinctada maxima (Silver-lipped pearl oyster) (White-lipped pearl oyster),coastal_estuarine,moderate,28.6094,biooracle_sampled,biooracle:BO22_tempmean_ss,8.0615,biooracle_sampled,biooracle:BO22_phmean_ss,34.2104,biooracle_sampled,biooracle:BO22_salinitymean_ss,13.0,obis_aggregate,obis:depth_median,,missing,pending_obis,,missing,pending_obis,new_candidate,28.6094,biooracle_sampled,biooracle:sst_mean_c,34.2104,biooracle_sampled,biooracle:salinity_mean_psu,8.0615,biooracle_sampled,biooracle:ph_mean,115.5278,biooracle_sampled,biooracle:depth_mean_m,4.5177,biooracle_sampled,biooracle:do_mean_mlL
C0IN14,0.011764705882352941,0.0,0.023529411764705882,0.2,0.23529411764705882,0.11392029732579342,0.058823529411764705,0.011764705882352941,0.3181818181818182,0.36363636363636365,0.0,0.27692307692307694,0.2076923076923077,0.2230769230769231,0.3181818181818182,0.4400279050934394,7.0,3.6666666666666665,1.0,1.6134356520092779,0.25882352941176473,3.2495876806962567,3.9810792371406136,0.12941176470588237,0.18823529411764706,0.11764705882352941,2.796149139696023,2.6067720914414645,0.12941176470588237,2,15.381442507134187,236.58877360027444,22,0.09411764705882353,0.047058823529411764,2.676782991714033,3.2793345611036453,0.023529411764705882,0.18823529411764706,0.1411764705882353,0.058823529411764705,12.555225129962809,157.63367806404963,0.023529411764705882,0.058823529411764705,0.3411764705882353,1.5008770746575095,Metaphire posthuma,coastal_estuarine,moderate,28.1019,biooracle_sampled,biooracle:BO22_tempmean_ss,8.1213,biooracle_sampled,biooracle:BO22_phmean_ss,26.7071,biooracle_sampled,biooracle:BO22_salinitymean_ss,292.6667,biooracle_sampled,biooracle:BO_bathymean,,missing,pending_obis,,missing,pending_obis,new_candidate,28.1019,biooracle_sampled,biooracle:sst_mean_c,26.7071,biooracle_sampled,biooracle:salinity_mean_psu,8.1213,biooracle_sampled,biooracle:ph_mean,292.6667,biooracle_sampled,biooracle:depth_mean_m,4.7001,biooracle_sampled,biooracle:do_mean_mlL
C0IN15,0.0125,0.0,0.025,0.2222222222222222,0.225,0.1511547756223571,0.05,0.0125,0.35,0.3,0.0,0.2711864406779661,0.2288135593220339,0.2711864406779661,0.35,0.44139579394640843,7.0,3.789473684210526,1.0,1.6726577454811267,0.25,2.5335536765023847,3.26405922518882,0.1,0.2,0.1,2.6430662048090228,2.410022773391583,0.125,2,13.05623690075528,170.46532200864385,20,0.0875,0.05,2.2660792981215376,2.919463324042998,0.0375,0.225,0.1375,0.0625,10.134214706009539,102.70230770750001,0.0125,0.0625,0.325,1.6598003084228197,Polypheretima elongata,coastal_estuarine,moderate,27.7791,biooracle_sampled,biooracle:BO22_tempmean_ss,8.0597,biooracle_sampled,biooracle:BO22_phmean_ss,34.7166,biooracle_sampled,biooracle:BO22_salinitymean_ss,0.0,biooracle_sampled,biooracle:BO_bathymean,,missing,pending_obis,,missing,pending_obis,new_candidate,27.7791,biooracle_sampled,biooracle:sst_mean_c,34.7166,biooracle_sampled,biooracle:salinity_mean_psu,8.0597,biooracle_sampled,biooracle:ph_mean,0.0,biooracle_sampled,biooracle:depth_mean_m,4.5661,biooracle_sampled,biooracle:do_mean_mlL
C1IE33,0.01282051282051282,0.0,0.02564102564102564,0.17647058823529413,0.21794871794871795,0.16792079318462802,0.05128205128205128,0.02564102564102564,0.35,0.35,0.0,0.2542372881355932,0.2033898305084746,0.2796610169491525,0.3,0.4494895063586363,7.0,3.6842105263157894,1.0,1.656013970794976,0.2564102564102564,2.485968357347773,3.149928589275764,0.11538461538461539,0.19230769230769232,0.10256410256410256,2.586614615362039,2.369802204159404,0.11538461538461539,2,12.28472149817548,150.91438228773484,20,0.08974358974358974,0.038461538461538464,2.1679297524078125,2.7469472354573434,0.038461538461538464,0.21794871794871795,0.1282051282051282,0.0641025641025641,9.695276593656315,93.9983882275,0.01282051282051282,0.05128205128205128,0.3333333333333333,1.6054996807230741,Amynthas aspergillum,coastal_estuarine,moderate,,missing,pending_biooracle,,missing,pending_biooracle,,missing,pending_biooracle,,missing,pending_obis,,missing,pending_obis,,missing,pending_obis,new_candidate,22.0,habitat_default,habitat_default:coastal_estuarine,32.0,habitat_default,habitat_default:coastal_estuarine,8.1,habitat_default,habitat_default:coastal_estuarine,30.0,habitat_default,habitat_default:coastal_estuarine,6.5,habitat_default,habitat_default:coastal_estuarine
C1IE34,0.0125,0.0,0.025,0.17647058823529413,0.2125,0.1519268278887411,0.05,0.0125,0.35,0.3,0.0,0.2457627118644068,0.2542372881355932,0.23728813559322035,0.35,0.44139579394640843,7.0,3.789473684210526,1.0,1.6726577454811267,0.25,2.5354359728654163,3.2450612240195165,0.125,0.225,0.0875,2.6376452542543833,2.410698765466707,0.1125,2,12.980244896078066,168.48675756216068,20,0.0875,0.0375,2.267762875170153,2.902470995222525,0.05,0.1875,0.125,0.075,10.141743891461665,102.85496916,0.0125,0.05,0.3625,1.6381003167680175,Metaphire californica,coastal_estuarine,moderate,,missing,pending_biooracle,,missing,pending_biooracle,,missing,pending_biooracle,,missing,pending_obis,,missing,pending_obis,,missing,pending_obis,new_candidate,22.0,habitat_default,habitat_default:coastal_estuarine,32.0,habitat_default,habitat_default:coastal_estuarine,8.1,habitat_default,habitat_default:coastal_estuarine,30.0,habitat_default,habitat_default:coastal_estuarine,6.5,habitat_default,habitat_default:coastal_estuarine
C1IE35,0.0125,0.0,0.025,0.17647058823529413,0.2125,0.16441722456840652,0.05,0.0125,0.35,0.3,0.0,0.23728813559322035,0.19491525423728814,0.3050847457627119,0.35,0.44139579394640843,7.0,3.789473684210526,1.0,1.6726577454811267,0.25,2.455229381022779,3.096496743554088,0.125,0.175,0.1,2.594208411587909,2.3814810687224757,0.1125,2,12.385986974216353,153.41267332545718,20,0.0875,0.0375,2.1960239185286663,2.76959088427747,0.0375,0.2375,0.125,0.0625,9.820917524091117,96.45042101499999,0.025,0.0625,0.3375,1.5905858337476657,Metaphire formosae,coastal_estuarine,moderate,,missing,pending_biooracle,,missing,pending_biooracle,,missing,pending_biooracle,,missing,pending_obis,,missing,pending_obis,,missing,pending_obis,new_candidate,22.0,habitat_default,habitat_default:coastal_estuarine,32.0,habitat_default,habitat_default:coastal_estuarine,8.1,habitat_default,habitat_default:coastal_estuarine,30.0,habitat_default,habitat_default:coastal_estuarine,6.5,habitat_default,habitat_default:coastal_estuarine
C1IE36,0.0125,0.0,0.025,0.3333333333333333,0.1875,0.16159409859271748,0.05,0.0125,0.35,0.3,0.0,0.211864406779661,0.1864406779661017,0.3389830508474576,0.35,0.44139579394640843,7.0,3.789473684210526,1.0,1.6726577454811267,0.25,2.482234518974285,3.116317552956845,0.1375,0.1625,0.1,2.6001137937805434,2.3914141406429037,0.1125,2,12.46527021182738,155.38296145387105,20,0.0625,0.0625,2.220178048209197,2.7873191551549223,0.025,0.2625,0.125,0.05,9.92893807589714,98.58381131499999,0.0125,0.05,0.325,1.5761508850310477,Metaphire paiwanna,coastal_estuarine,moderate,,missing,pending_biooracle,,missing,pending_biooracle,,missing,pending_biooracle,,missing,pending_obis,,missing,pending_obis,,missing,pending_obis,new_candidate,22.0,habitat_default,habitat_default:coastal_estuarine,32.0,habitat_default,habitat_default:coastal_estuarine,8.1,habitat_default,habitat_default:coastal_estuarine,30.0,habitat_default,habitat_default:coastal_estuarine,6.5,habitat_default,habitat_default:coastal_estuarine
C1IE37,0.012048192771084338,0.0,0.03614457831325301,0.15789473684210525,0.2289156626506024,0.12961983336421948,0.04819277108433735,0.012048192771084338,0.36363636363636365,0.3181818181818182,0.0,0.2748091603053435,0.24427480916030533,0.1984732824427481,0.3181818181818182,0.4629634759410311,7.0,3.619047619047619,1.0,1.6754868653103983,0.26506024096385544,3.1011065874810364,3.8452422487090576,0.12048192771084337,0.2289156626506024,0.10843373493975904,2.7412947786987543,2.541572811796553,0.12048192771084337,2,14.507050301947807,210.45450846324394,22,0.0963855421686747,0.03614457831325301,2.4943693687964967,3.092913516582147,0.012048192771084338,0.13253012048192772,0.13253012048192772,0.04819277108433735,11.699629398223909,136.88132805578513,0.0,0.012048192771084338,0.3253012048192771,1.5374961030292937,Pontoscolex corethrurus,coastal_estuarine,moderate,26.5695,biooracle_sampled,biooracle:BO22_tempmean_ss,8.0677,biooracle_sampled,biooracle:BO22_phmean_ss,36.1564,biooracle_sampled,biooracle:BO22_salinitymean_ss,0.0,biooracle_sampled,biooracle:BO_bathymean,,missing,pending_obis,,missing,pending_obis,new_candidate,26.5695,biooracle_sampled,biooracle:sst_mean_c,36.1564,biooracle_sampled,biooracle:salinity_mean_psu,8.0677,biooracle_sampled,biooracle:ph_mean,0.0,biooracle_sampled,biooracle:depth_mean_m,4.6094,biooracle_sampled,biooracle:do_mean_mlL
C1KGV1,0.0,0.0,0.045454545454545456,0.3333333333333333,0.13636363636363635,0.30429447853987607,0.11363636363636363,0.09090909090909091,0.4,0.3333333333333333,0.0,0.125,0.07954545454545454,0.4318181818181818,0.26666666666666666,0.47349193109280485,6.0,2.7857142857142856,1.0,1.3190132366156706,0.3409090909090909,2.04728937579013,2.7983054569163457,0.09090909090909091,0.09090909090909091,0.045454545454545456,2.2201120574403452,1.9466787349010104,0.09090909090909091,2,8.20836267362128,67.3772177816991,15,0.045454545454545456,0.045454545454545456,1.5505830085391654,2.1193901289710535,0.045454545454545456,0.3409090909090909,0.09090909090909091,0.045454545454545456,6.005382168984381,36.06461499555555,0.20454545454545456,0.18181818181818182,0.3409090909090909,1.8682361586281286,Planiliza haematocheilus (So-iuy mullet) (Liza haematocheila),coastal_estuarine,moderate,18.7171,biooracle_sampled,biooracle:BO22_tempmean_ss,8.116,biooracle_sampled,biooracle:BO22_phmean_ss,33.4714,biooracle_sampled,biooracle:BO22_salinitymean_ss,0.5,obis_aggregate,obis:depth_median,,missing,pending_obis,,missing,pending_obis,new_candidate,18.7171,biooracle_sampled,biooracle:sst_mean_c,33.4714,biooracle_sampled,biooracle:salinity_mean_psu,8.116,biooracle_sampled,biooracle:ph_mean,136.5556,biooracle_sampled,biooracle:depth_mean_m,5.2053,biooracle_sampled,biooracle:do_mean_mlL
C5H5D7,0.02727272727272727,0.0,0.01818181818181818,0.14285714285714285,0.19090909090909092,0.11744001340532785,0.08181818181818182,0.00909090909090909,0.35714285714285715,0.35714285714285715,0.0,0.20833333333333334,0.25595238095238093,0.23214285714285715,0.2857142857142857,0.46859044030364994,7.0,3.5925925925925926,1.0,1.683454544794594,0.2545454545454545,3.4944724878745856,4.420699617143537,0.10909090909090909,0.2545454545454545,0.07272727272727272,2.910557438735547,2.6897697792811246,0.08181818181818182,2,17.367034210206754,301.6138772584917,28,0.08181818181818182,0.02727272727272727,2.5944019599236374,3.282060966497008,0.00909090909090909,0.19090909090909092,0.10909090909090909,0.01818181818181818,13.728284773793016,188.46580283035715,0.045454545454545456,0.08181818181818182,0.3181818181818182,1.600363953188802,Argopecten irradians (Bay scallop) (Aequipecten irradians),coastal_estuarine,moderate,,missing,pending_biooracle,,missing,pending_biooracle,,missing,pending_biooracle,1.7,obis_aggregate,obis:depth_median,,missing,pending_obis,,missing,pending_obis,new_candidate,22.0,habitat_default,habitat_default:coastal_estuarine,32.0,habitat_default,habitat_default:coastal_estuarine,8.1,habitat_default,habitat_default:coastal_estuarine,1.7,obis_aggregate,obis:depth_median_m,6.5,habitat_default,habitat_default:coastal_estuarine
C6KEH6,0.014084507042253521,0.0,0.014084507042253521,0.05263157894736842,0.2676056338028169,0.1588954170256772,0.1267605633802817,0.028169014084507043,0.3333333333333333,0.38095238095238093,0.0,0.31451612903225806,0.13709677419354838,0.18548387096774194,0.2857142857142857,0.4949448597583204,7.0,3.25,1.0,1.6085707942145413,0.29577464788732394,3.052882578756456,3.7872128574436,0.14084507042253522,0.11267605633802817,0.16901408450704225,2.624986391481882,2.426716876934377,0.1267605633802817,2,12.804386327547409,163.952309225083,21,0.1267605633802817,0.014084507042253521,2.252368822794568,2.794146170163982,0.014084507042253521,0.18309859154929578,0.14084507042253522,0.028169014084507043,10.321650623414685,106.53647159183676,0.056338028169014086,0.11267605633802817,0.30985915492957744,1.5389312859282425,Sinohyriopsis cumingii (Triangle sail mussel) (Hyriopsis cumingii),coastal_estuarine,moderate,,missing,pending_biooracle,,missing,pending_biooracle,,missing,pending_biooracle,,missing,pending_obis,,missing,pending_obis,,missing,pending_obis,new_candidate,22.0,habitat_default,habitat_default:coastal_estuarine,32.0,habitat_default,habitat_default:coastal_estuarine,8.1,habitat_default,habitat_default:coastal_estuarine,30.0,habitat_default,habitat_default:coastal_estuarine,6.5,habitat_default,habitat_default:coastal_estuarine
D1LZJ8,0.0,0.0,0.0,0.25,0.125,0.24090609730014262,0.109375,0.03125,0.3888888888888889,0.3888888888888889,0.0,0.14150943396226415,0.09433962264150944,0.3584905660377358,0.2222222222222222,0.3899565561732221,6.0,3.235294117647059,2.0,1.2616241523251304,0.28125,2.1352612258085437,2.767953318593569,0.15625,0.09375,0.109375,2.3833916749438306,2.150836183238253,0.078125,1,9.841611799443802,96.85732281095147,18,0.046875,0.03125,1.7894609687394625,2.3196901470640845,0.015625,0.328125,0.078125,0.015625,7.592039913985934,57.63907005555554,0.140625,0.171875,0.390625,1.680410921230952,Helix pomatia (Roman snail) (Edible snail),coastal_estuarine,moderate,,missing,pending_biooracle,,missing,pending_biooracle,,missing,pending_biooracle,,missing,pending_obis,,missing,pending_obis,,missing,pending_obis,new_candidate,22.0,habitat_default,habitat_default:coastal_estuarine,32.0,habitat_default,habitat_default:coastal_estuarine,8.1,habitat_default,habitat_default:coastal_estuarine,30.0,habitat_default,habitat_default:coastal_estuarine,6.5,habitat_default,habitat_default:coastal_estuarine
D1LZJ9,0.0,0.0,0.0,0.25,0.125,0.23498519361105727,0.109375,0.03125,0.3888888888888889,0.3888888888888889,0.0,0.14150943396226415,0.09433962264150944,0.3584905660377358,0.2222222222222222,0.3899565561732221,6.0,3.235294117647059,2.0,1.2616241523251304,0.28125,2.163797701421226,2.800273264041575,0.15625,0.09375,0.109375,2.393935366438676,2.1625759579837616,0.078125,1,9.95652716103671,99.13243310846174,18,0.046875,0.03125,1.8133760329372604,2.346775957545701,0.015625,0.328125,0.078125,0.015625,7.693502938386581,59.18998746296296,0.140625,0.171875,0.40625,1.6748176061110338,Helix pomatia (Roman snail) (Edible snail),coastal_estuarine,moderate,,missing,pending_biooracle,,missing,pending_biooracle,,missing,pending_biooracle,,missing,pending_obis,,missing,pending_obis,,missing,pending_obis,new_candidate,22.0,habitat_default,habitat_default:coastal_estuarine,32.0,habitat_default,habitat_default:coastal_estuarine,8.1,habitat_default,habitat_default:coastal_estuarine,30.0,habitat_default,habitat_default:coastal_estuarine,6.5,habitat_default,habitat_default:coastal_estuarine
D2XV88,0.01694915254237288,0.0,0.01694915254237288,0.0,0.23728813559322035,0.20941845203429071,0.0847457627118644,0.01694915254237288,0.3333333333333333,0.4,0.0,0.29545454545454547,0.13636363636363635,0.2840909090909091,0.26666666666666666,0.49315312023751806,7.0,3.5714285714285716,1.0,1.7612611437054218,0.2542372881355932,1.8703666381496253,2.475301251757598,0.11864406779661017,0.13559322033898305,0.13559322033898305,2.373619804706532,2.123072640177071,0.1016949152542373,2,9.736184923579886,94.79329686614427,15,0.11864406779661017,0.0,1.8995112516020964,2.5138721376413753,0.0,0.2542372881355932,0.11864406779661017,0.03389830508474576,7.356775443388527,54.122144924444456,0.0,0.06779661016949153,0.2711864406779661,1.7514696987430471,Physella acuta (Acute bladder snail) (Physa acuta),coastal_estuarine,moderate,18.6936,biooracle_sampled,biooracle:BO22_tempmean_ss,8.082,biooracle_sampled,biooracle:BO22_phmean_ss,38.1739,biooracle_sampled,biooracle:BO22_salinitymean_ss,397.3055,biooracle_sampled,biooracle:BO_bathymean,,missing,pending_obis,,missing,pending_obis,new_candidate,18.6936,biooracle_sampled,biooracle:sst_mean_c,38.1739,biooracle_sampled,biooracle:salinity_mean_psu,8.082,biooracle_sampled,biooracle:ph_mean,397.3055,biooracle_sampled,biooracle:depth_mean_m,5.2343,biooracle_sampled,biooracle:do_mean_mlL
D4HNE2,0.0,0.0,0.0,0.07692307692307693,0.22033898305084745,0.18260237405760896,0.13559322033898305,0.01694915254237288,0.2777777777777778,0.4444444444444444,0.0,0.25471698113207547,0.1320754716981132,0.2830188679245283,0.2777777777777778,0.4384509448536698,6.0,3.1176470588235294,2.0,1.3669352986614411,0.3050847457627119,2.6540854426011617,3.456942632059937,0.13559322033898305,0.11864406779661017,0.11864406779661017,2.5121236943267315,2.272074573273463,0.11864406779661017,1,11.331089738418681,128.39359466009714,18,0.1016949152542373,0.01694915254237288,2.050492352673983,2.6707634640897178,0.01694915254237288,0.22033898305084745,0.11864406779661017,0.03389830508474576,8.699502284081586,75.68133999074072,0.1016949152542373,0.0847457627118644,0.3050847457627119,1.6965026607061333,Mactra quadrangularis,coastal_estuarine,moderate,18.476,biooracle_sampled,biooracle:BO22_tempmean_ss,8.1621,biooracle_sampled,biooracle:BO22_phmean_ss,32.1059,biooracle_sampled,biooracle:BO22_salinitymean_ss,11.0556,biooracle_sampled,biooracle:BO_bathymean,,missing,pending_obis,,missing,pending_obis,new_candidate,18.476,biooracle_sampled,biooracle:sst_mean_c,32.1059,biooracle_sampled,biooracle:salinity_mean_psu,8.1621,biooracle_sampled,biooracle:ph_mean,11.0556,biooracle_sampled,biooracle:depth_mean_m,5.4612,biooracle_sampled,biooracle:do_mean_mlL
D5FXN7,0.0,0.0,0.05,0.4,0.16666666666666666,0.17209120474792336,0.1,0.06666666666666667,0.3,0.4,0.0,0.17094017094017094,0.11965811965811966,0.358974358974359,0.3,0.47412381128746534,6.0,2.8947368421052633,1.0,1.372463664253189,0.3333333333333333,3.1769139481403785,4.064651915653188,0.1,0.1,0.06666666666666667,2.579758826767433,2.3542987742266708,0.11666666666666667,2,12.193955746959565,148.6925567588082,20,0.05,0.06666666666666667,2.1311386640127385,2.726651396482581,0.06666666666666667,0.3,0.11666666666666667,0.05,9.530741844421136,90.835040105,0.11666666666666667,0.15,0.31666666666666665,1.636951517684456,Trematomus lepidorhinus (slender scalyhead),polar,very_low,,missing,pending_biooracle,,missing,pending_biooracle,,missing,pending_biooracle,461,obis_aggregate,obis:depth_median,,missing,pending_obis,,missing,pending_obis,new_candidate,-1.5,habitat_default,habitat_default:polar,34.0,habitat_default,habitat_default:polar,8.0,habitat_default,habitat_default:polar,461,obis_aggregate,obis:depth_median_m,8.5,habitat_default,habitat_default:polar
D5FXN9,0.0,0.0,0.05,0.4,0.16666666666666666,0.17209120474792336,0.1,0.06666666666666667,0.3,0.4,0.0,0.17094017094017094,0.11965811965811966,0.358974358974359,0.3,0.47412381128746534,6.0,2.8947368421052633,1.0,1.372463664253189,0.3333333333333333,3.1769139481403785,4.064651915653188,0.1,0.1,0.06666666666666667,2.579758826767433,2.3542987742266708,0.11666666666666667,2,12.193955746959565,148.6925567588082,20,0.05,0.06666666666666667,2.1311386640127385,2.726651396482581,0.06666666666666667,0.3,0.11666666666666667,0.05,9.530741844421136,90.835040105,0.11666666666666667,0.15,0.31666666666666665,1.636951517684456,Trematomus hansoni (Striped rockcod) (Notothenia hansoni),polar,very_low,-1.7618,biooracle_sampled,biooracle:BO22_tempmean_ss,8.0699,biooracle_sampled,biooracle:BO22_phmean_ss,33.2615,biooracle_sampled,biooracle:BO22_salinitymean_ss,60.0,obis_aggregate,obis:depth_median,,missing,pending_obis,,missing,pending_obis,new_candidate,-1.7618,biooracle_sampled,biooracle:sst_mean_c,33.2615,biooracle_sampled,biooracle:salinity_mean_psu,8.0699,biooracle_sampled,biooracle:ph_mean,519.7778,biooracle_sampled,biooracle:depth_mean_m,8.0634,biooracle_sampled,biooracle:do_mean_mlL
D5FXP0,0.0,0.0,0.05,0.3333333333333333,0.15,0.17195298536036113,0.1,0.06666666666666667,0.3,0.4,0.0,0.1452991452991453,0.11965811965811966,0.38461538461538464,0.3,0.47412381128746534,6.0,2.8947368421052633,1.0,1.372463664253189,0.3333333333333333,3.1732787423525632,4.072579244444963,0.1,0.1,0.05,2.5815596952214306,2.3532626394182032,0.1,2,12.21773773333489,149.27311532055515,20,0.05,0.05,2.1287000938366116,2.7319692103001008,0.06666666666666667,0.31666666666666665,0.1,0.05,9.51983622705769,90.62728178999998,0.11666666666666667,0.15,0.31666666666666665,1.647110145777607,Trematomus hansoni (Striped rockcod) (Notothenia hansoni),polar,very_low,-1.7618,biooracle_sampled,biooracle:BO22_tempmean_ss,8.0699,biooracle_sampled,biooracle:BO22_phmean_ss,33.2615,biooracle_sampled,biooracle:BO22_salinitymean_ss,60.0,obis_aggregate,obis:depth_median,,missing,pending_obis,,missing,pending_obis,new_candidate,-1.7618,biooracle_sampled,biooracle:sst_mean_c,33.2615,biooracle_sampled,biooracle:salinity_mean_psu,8.0699,biooracle_sampled,biooracle:ph_mean,519.7778,biooracle_sampled,biooracle:depth_mean_m,8.0634,biooracle_sampled,biooracle:do_mean_mlL
D5FXP1,0.0,0.0,0.05,0.4,0.16666666666666666,0.17209120474792336,0.1,0.06666666666666667,0.3,0.4,0.0,0.17094017094017094,0.11965811965811966,0.358974358974359,0.3,0.47412381128746534,6.0,2.8947368421052633,1.0,1.372463664253189,0.3333333333333333,3.1769139481403785,4.064651915653188,0.1,0.1,0.06666666666666667,2.579758826767433,2.3542987742266708,0.11666666666666667,2,12.193955746959565,148.6925567588082,20,0.05,0.06666666666666667,2.1311386640127385,2.726651396482581,0.06666666666666667,0.3,0.11666666666666667,0.05,9.530741844421136,90.835040105,0.11666666666666667,0.15,0.31666666666666665,1.636951517684456,Trematomus newnesi (Dusky notothen),polar,very_low,-1.5818,biooracle_sampled,biooracle:BO22_tempmean_ss,8.0601,biooracle_sampled,biooracle:BO22_phmean_ss,33.5912,biooracle_sampled,biooracle:BO22_salinitymean_ss,25.5,obis_aggregate,obis:depth_median,,missing,pending_obis,,missing,pending_obis,new_candidate,-1.5818,biooracle_sampled,biooracle:sst_mean_c,33.5912,biooracle_sampled,biooracle:salinity_mean_psu,8.0601,biooracle_sampled,biooracle:ph_mean,0.0,biooracle_sampled,biooracle:depth_mean_m,7.8191,biooracle_sampled,biooracle:do_mean_mlL
D5FXP2,0.0,0.0,0.05,0.3333333333333333,0.15,0.17195298536036113,0.1,0.06666666666666667,0.3,0.4,0.0,0.1452991452991453,0.11965811965811966,0.38461538461538464,0.3,0.47412381128746534,6.0,2.8947368421052633,1.0,1.372463664253189,0.3333333333333333,3.1732787423525632,4.072579244444963,0.1,0.1,0.05,2.5815596952214306,2.3532626394182032,0.1,2,12.21773773333489,149.27311532055515,20,0.05,0.05,2.1287000938366116,2.7319692103001008,0.06666666666666667,0.31666666666666665,0.1,0.05,9.51983622705769,90.62728178999998,0.11666666666666667,0.15,0.31666666666666665,1.647110145777607,Trematomus newnesi (Dusky notothen),polar,very_low,-1.5818,biooracle_sampled,biooracle:BO22_tempmean_ss,8.0601,biooracle_sampled,biooracle:BO22_phmean_ss,33.5912,biooracle_sampled,biooracle:BO22_salinitymean_ss,25.5,obis_aggregate,obis:depth_median,,missing,pending_obis,,missing,pending_obis,new_candidate,-1.5818,biooracle_sampled,biooracle:sst_mean_c,33.5912,biooracle_sampled,biooracle:salinity_mean_psu,8.0601,biooracle_sampled,biooracle:ph_mean,0.0,biooracle_sampled,biooracle:depth_mean_m,7.8191,biooracle_sampled,biooracle:do_mean_mlL
D5FXP4,0.0,0.0,0.05,0.3333333333333333,0.15,0.17195298536036113,0.1,0.06666666666666667,0.3,0.4,0.0,0.1452991452991453,0.11965811965811966,0.38461538461538464,0.3,0.47412381128746534,6.0,2.8947368421052633,1.0,1.372463664253189,0.3333333333333333,3.1732787423525632,4.072579244444963,0.1,0.1,0.05,2.5815596952214306,2.3532626394182032,0.1,2,12.21773773333489,149.27311532055515,20,0.05,0.05,2.1287000938366116,2.7319692103001008,0.06666666666666667,0.31666666666666665,0.1,0.05,9.51983622705769,90.62728178999998,0.11666666666666667,0.15,0.31666666666666665,1.647110145777607,Trematomus eulepidotus (blunt scalyhead),polar,very_low,-1.5182,biooracle_sampled,biooracle:BO22_tempmean_ss,8.0295,biooracle_sampled,biooracle:BO22_phmean_ss,34.1133,biooracle_sampled,biooracle:BO22_salinitymean_ss,385,obis_aggregate,obis:depth_median,,missing,pending_obis,,missing,pending_obis,new_candidate,-1.5182,biooracle_sampled,biooracle:sst_mean_c,34.1133,biooracle_sampled,biooracle:salinity_mean_psu,8.0295,biooracle_sampled,biooracle:ph_mean,267.1111,biooracle_sampled,biooracle:depth_mean_m,7.4187,biooracle_sampled,biooracle:do_mean_mlL
D5FXP6,0.0,0.0,0.05,0.3333333333333333,0.15,0.17195298536036113,0.1,0.06666666666666667,0.3,0.4,0.0,0.1452991452991453,0.11965811965811966,0.38461538461538464,0.3,0.47412381128746534,6.0,2.8947368421052633,1.0,1.372463664253189,0.3333333333333333,3.1732787423525632,4.072579244444963,0.1,0.1,0.05,2.5815596952214306,2.3532626394182032,0.1,2,12.21773773333489,149.27311532055515,20,0.05,0.05,2.1287000938366116,2.7319692103001008,0.06666666666666667,0.31666666666666665,0.1,0.05,9.51983622705769,90.62728178999998,0.11666666666666667,0.15,0.31666666666666665,1.647110145777607,Trematomus pennellii (sharp-spined notothen),polar,very_low,-1.2725,biooracle_sampled,biooracle:BO22_tempmean_ss,8.0328,biooracle_sampled,biooracle:BO22_phmean_ss,34.0995,biooracle_sampled,biooracle:BO22_salinitymean_ss,32,obis_aggregate,obis:depth_median,,missing,pending_obis,,missing,pending_obis,new_candidate,-1.2725,biooracle_sampled,biooracle:sst_mean_c,34.0995,biooracle_sampled,biooracle:salinity_mean_psu,8.0328,biooracle_sampled,biooracle:ph_mean,511.3611,biooracle_sampled,biooracle:depth_mean_m,7.3683,biooracle_sampled,biooracle:do_mean_mlL
D5FXP7,0.0,0.0,0.05,0.4,0.16666666666666666,0.17209120474792336,0.1,0.06666666666666667,0.3,0.4,0.0,0.17094017094017094,0.11965811965811966,0.358974358974359,0.3,0.47412381128746534,6.0,2.8947368421052633,1.0,1.372463664253189,0.3333333333333333,3.1769139481403785,4.064651915653188,0.1,0.1,0.06666666666666667,2.579758826767433,2.3542987742266708,0.11666666666666667,2,12.193955746959565,148.6925567588082,20,0.05,0.06666666666666667,2.1311386640127385,2.726651396482581,0.06666666666666667,0.3,0.11666666666666667,0.05,9.530741844421136,90.835040105,0.11666666666666667,0.15,0.31666666666666665,1.636951517684456,Cygnodraco mawsoni (Antarctic dragonfish),polar,very_low,-1.3066,biooracle_sampled,biooracle:BO22_tempmean_ss,8.0385,biooracle_sampled,biooracle:BO22_phmean_ss,34.0118,biooracle_sampled,biooracle:BO22_salinitymean_ss,208,obis_aggregate,obis:depth_median,,missing,pending_obis,,missing,pending_obis,new_candidate,-1.3066,biooracle_sampled,biooracle:sst_mean_c,34.0118,biooracle_sampled,biooracle:salinity_mean_psu,8.0385,biooracle_sampled,biooracle:ph_mean,468.9722,biooracle_sampled,biooracle:depth_mean_m,7.5074,biooracle_sampled,biooracle:do_mean_mlL
D5FXP8,0.0,0.0,0.05,0.3333333333333333,0.15,0.17195298536036113,0.1,0.06666666666666667,0.3,0.4,0.0,0.1452991452991453,0.11965811965811966,0.38461538461538464,0.3,0.47412381128746534,6.0,2.8947368421052633,1.0,1.372463664253189,0.3333333333333333,3.1732787423525632,4.072579244444963,0.1,0.1,0.05,2.5815596952214306,2.3532626394182032,0.1,2,12.21773773333489,149.27311532055515,20,0.05,0.05,2.1287000938366116,2.7319692103001008,0.06666666666666667,0.31666666666666665,0.1,0.05,9.51983622705769,90.62728178999998,0.11666666666666667,0.15,0.31666666666666665,1.647110145777607,Cygnodraco mawsoni (Antarctic dragonfish),polar,very_low,-1.3066,biooracle_sampled,biooracle:BO22_tempmean_ss,8.0385,biooracle_sampled,biooracle:BO22_phmean_ss,34.0118,biooracle_sampled,biooracle:BO22_salinitymean_ss,208,obis_aggregate,obis:depth_median,,missing,pending_obis,,missing,pending_obis,new_candidate,-1.3066,biooracle_sampled,biooracle:sst_mean_c,34.0118,biooracle_sampled,biooracle:salinity_mean_psu,8.0385,biooracle_sampled,biooracle:ph_mean,468.9722,biooracle_sampled,biooracle:depth_mean_m,7.5074,biooracle_sampled,biooracle:do_mean_mlL
D5FXQ0,0.0,0.0,0.05,0.3333333333333333,0.15,0.17195298536036113,0.1,0.06666666666666667,0.3,0.4,0.0,0.1452991452991453,0.11965811965811966,0.38461538461538464,0.3,0.47412381128746534,6.0,2.8947368421052633,1.0,1.372463664253189,0.3333333333333333,3.1732787423525632,4.072579244444963,0.1,0.1,0.05,2.5815596952214306,2.3532626394182032,0.1,2,12.21773773333489,149.27311532055515,20,0.05,0.05,2.1287000938366116,2.7319692103001008,0.06666666666666667,0.31666666666666665,0.1,0.05,9.51983622705769,90.62728178999998,0.11666666666666667,0.15,0.31666666666666665,1.647110145777607,Histiodraco velifer,polar,very_low,-1.4637,biooracle_sampled,biooracle:BO22_tempmean_ss,8.042,biooracle_sampled,biooracle:BO22_phmean_ss,34.0037,biooracle_sampled,biooracle:BO22_salinitymean_ss,343,obis_aggregate,obis:depth_median,,missing,pending_obis,,missing,pending_obis,new_candidate,-1.4637,biooracle_sampled,biooracle:sst_mean_c,34.0037,biooracle_sampled,biooracle:salinity_mean_psu,8.042,biooracle_sampled,biooracle:ph_mean,441.8055,biooracle_sampled,biooracle:depth_mean_m,7.4002,biooracle_sampled,biooracle:do_mean_mlL
D5LN07,0.0,0.0,0.05,0.3333333333333333,0.15,0.18521547312772738,0.1,0.06666666666666667,0.3,0.4,0.0,0.1452991452991453,0.08547008547008547,0.4188034188034188,0.3,0.47412381128746534,6.0,2.8947368421052633,1.0,1.372463664253189,0.3333333333333333,3.0608210163560146,3.9198756144706444,0.1,0.08333333333333333,0.05,2.5462860332423087,2.320666931667462,0.1,2,11.759626843411933,138.2888234962945,20,0.05,0.05,2.0532611578596134,2.6295325011900355,0.03333333333333333,0.3333333333333333,0.1,0.03333333333333333,9.182463049068044,84.3176276475,0.08333333333333333,0.1,0.25,1.6400938612080926,Solea senegalensis (Senegalese sole),coastal_estuarine,moderate,,missing,pending_biooracle,,missing,pending_biooracle,,missing,pending_biooracle,15.0,obis_aggregate,obis:depth_median,,missing,pending_obis,,missing,pending_obis,new_candidate,22.0,habitat_default,habitat_default:coastal_estuarine,32.0,habitat_default,habitat_default:coastal_estuarine,8.1,habitat_default,habitat_default:coastal_estuarine,15.0,obis_aggregate,obis:depth_median_m,6.5,habitat_default,habitat_default:coastal_estuarine
E5KXY4,0.017241379310344827,0.0,0.034482758620689655,0.125,0.27586206896551724,0.1915665578400608,0.08620689655172414,0.05172413793103448,0.3333333333333333,0.3888888888888889,0.0,0.3333333333333333,0.21904761904761905,0.13333333333333333,0.2777777777777778,0.4410517285069121,6.0,3.0588235294117645,1.0,1.3490994048446723,0.3103448275862069,2.6454678158362546,3.420891895242319,0.08620689655172414,0.20689655172413793,0.10344827586206896,2.4868109924317845,2.2538448719353688,0.13793103448275862,2,11.022873884669695,121.50374867733316,18,0.1206896551724138,0.034482758620689655,2.009193286209957,2.598116290671348,0.10344827586206896,0.1206896551724138,0.15517241379310345,0.1206896551724138,8.524285184361265,72.66343790432096,0.05172413793103448,0.05172413793103448,0.29310344827586204,1.6721442334908834,Penaeus monodon (Giant tiger prawn),coastal_estuarine,moderate,26.7788,biooracle_sampled,biooracle:BO22_tempmean_ss,8.0685,biooracle_sampled,biooracle:BO22_phmean_ss,35.9395,biooracle_sampled,biooracle:BO22_salinitymean_ss,20.0,obis_aggregate,obis:depth_median,,missing,pending_obis,,missing,pending_obis,new_candidate,26.7788,biooracle_sampled,biooracle:sst_mean_c,35.9395,biooracle_sampled,biooracle:salinity_mean_psu,8.0685,biooracle_sampled,biooracle:ph_mean,4020.3611,biooracle_sampled,biooracle:depth_mean_m,4.5993,biooracle_sampled,biooracle:do_mean_mlL
E6Y2Z6,0.0,0.0,0.0,0.0,0.2318840579710145,0.10787542402036573,0.10144927536231885,0.014492753623188406,0.3888888888888889,0.3888888888888889,0.0,0.2830188679245283,0.14150943396226415,0.2830188679245283,0.2222222222222222,0.4088928163327057,6.0,3.4705882352941178,2.0,1.4190985978605668,0.2608695652173913,3.016372204485454,3.764539755595097,0.10144927536231885,0.14492753623188406,0.13043478260869565,2.736361347012873,2.530736891451239,0.11594202898550725,1,14.430735729781205,208.24613370278388,18,0.11594202898550725,0.0,2.7253686960338026,3.401357030679764,0.043478260869565216,0.2608695652173913,0.11594202898550725,0.07246376811594203,11.562760117194241,133.69742152777778,0.07246376811594203,0.11594202898550725,0.3188405797101449,1.55759274429625,Haliotis diversicolor supertexta,coastal_estuarine,moderate,,missing,pending_biooracle,,missing,pending_biooracle,,missing,pending_biooracle,,missing,pending_obis,,missing,pending_obis,,missing,pending_obis,new_candidate,22.0,habitat_default,habitat_default:coastal_estuarine,32.0,habitat_default,habitat_default:coastal_estuarine,8.1,habitat_default,habitat_default:coastal_estuarine,30.0,habitat_default,habitat_default:coastal_estuarine,6.5,habitat_default,habitat_default:coastal_estuarine
E9K8X5,0.01694915254237288,0.0,0.03389830508474576,0.42857142857142855,0.23728813559322035,0.2084703557899508,0.0847457627118644,0.05084745762711865,0.3333333333333333,0.3888888888888889,0.0,0.2571428571428571,0.1523809523809524,0.23809523809523808,0.2777777777777778,0.45204334153626186,6.0,3.1176470588235294,1.0,1.409311594201287,0.3050847457627119,2.510448780969854,3.201236936692165,0.11864406779661017,0.15254237288135594,0.1016949152542373,2.4417332202833486,2.2223174595654402,0.15254237288135594,2,10.492943292490985,110.10185893943155,18,0.06779661016949153,0.1016949152542373,1.9395215935902195,2.4732104522420917,0.06779661016949153,0.1864406779661017,0.1694915254237288,0.0847457627118644,8.228693226512299,67.71139221604938,0.0847457627118644,0.06779661016949153,0.3050847457627119,1.626046302343411,Eriocheir sinensis (Chinese mitten crab),coastal_estuarine,moderate,,missing,pending_biooracle,,missing,pending_biooracle,,missing,pending_biooracle,0,obis_aggregate,obis:depth_median,,missing,pending_obis,,missing,pending_obis,new_candidate,22.0,habitat_default,habitat_default:coastal_estuarine,32.0,habitat_default,habitat_default:coastal_estuarine,8.1,habitat_default,habitat_default:coastal_estuarine,0,obis_aggregate,obis:depth_median_m,6.5,habitat_default,habitat_default:coastal_estuarine
E9NMF3,0.0136986301369863,0.0,0.0,0.16666666666666666,0.1643835616438356,0.1566211693053909,0.1232876712328767,0.0136986301369863,0.3333333333333333,0.38095238095238093,0.0,0.1935483870967742,0.25,0.20161290322580644,0.2857142857142857,0.41443114557954686,6.0,3.35,2.0,1.388344337691482,0.2876712328767123,2.9860038819400683,3.7159625970531027,0.1506849315068493,0.2191780821917808,0.136986301369863,2.633139409629559,2.4318502455676283,0.0821917808219178,1,12.917393789756025,166.85906231962753,21,0.0684931506849315,0.0273972602739726,2.2650838627048326,2.81880642014807,0.0136986301369863,0.1780821917808219,0.0958904109589041,0.0547945205479452,10.379918256267857,107.74270300680274,0.0958904109589041,0.0958904109589041,0.3835616438356164,1.5486808634185854,Mytilus galloprovincialis (Mediterranean mussel),coastal_estuarine,moderate,,missing,pending_biooracle,,missing,pending_biooracle,,missing,pending_biooracle,14.5,obis_aggregate,obis:depth_median,,missing,pending_obis,,missing,pending_obis,new_candidate,22.0,habitat_default,habitat_default:coastal_estuarine,32.0,habitat_default,habitat_default:coastal_estuarine,8.1,habitat_default,habitat_default:coastal_estuarine,14.5,obis_aggregate,obis:depth_median_m,6.5,habitat_default,habitat_default:coastal_estuarine
E9NMF5,0.028985507246376812,0.0,0.014492753623188406,0.3333333333333333,0.13043478260869565,0.1459673406701103,0.13043478260869565,0.028985507246376812,0.3181818181818182,0.4090909090909091,0.0,0.17054263565891473,0.2248062015503876,0.18604651162790697,0.2727272727272727,0.44688592643984665,6.0,3.0476190476190474,1.0,1.361938061530961,0.3188405797101449,3.511413535938749,4.363471927058318,0.17391304347826086,0.2028985507246377,0.08695652173913043,2.6868561645066316,2.4859952009639112,0.057971014492753624,2,13.685434680319272,187.29112238928545,22,0.043478260869565216,0.043478260869565216,2.347994354932821,2.917744477481983,0.028985507246376812,0.17391304347826086,0.08695652173913043,0.043478260869565216,11.01306972635335,121.28770479752066,0.028985507246376812,0.057971014492753624,0.3333333333333333,1.5441888582354808,Mytilus galloprovincialis (Mediterranean mussel),coastal_estuarine,moderate,,missing,pending_biooracle,,missing,pending_biooracle,,missing,pending_biooracle,14.5,obis_aggregate,obis:depth_median,,missing,pending_obis,,missing,pending_obis,new_candidate,22.0,habitat_default,habitat_default:coastal_estuarine,32.0,habitat_default,habitat_default:coastal_estuarine,8.1,habitat_default,habitat_default:coastal_estuarine,14.5,obis_aggregate,obis:depth_median_m,6.5,habitat_default,habitat_default:coastal_estuarine
F4Y9K5,0.013157894736842105,0.0,0.0,0.05263157894736842,0.25,0.13325583558849008,0.11842105263157894,0.013157894736842105,0.3333333333333333,0.38095238095238093,0.0,0.28225806451612906,0.1693548387096774,0.1935483870967742,0.2857142857142857,0.465109159888563,7.0,3.5,2.0,1.6278820596099706,0.27631578947368424,3.087043569277078,3.8976398215984713,0.14473684210526316,0.13157894736842105,0.18421052631578946,2.7150750765356277,2.499151186213756,0.11842105263157894,1,14.105744116261134,198.97201707343558,21,0.11842105263157894,0.013157894736842105,2.437964678158171,3.0781257212592674,0.02631578947368421,0.19736842105263158,0.13157894736842105,0.039473684210526314,11.172157679288471,124.81710721088436,0.06578947368421052,0.07894736842105263,0.3026315789473684,1.5941085442499723,Meretrix meretrix (Asiatic hard clam) (Venus meretrix),coastal_estuarine,moderate,28.8984,biooracle_sampled,biooracle:BO22_tempmean_ss,8.0649,biooracle_sampled,biooracle:BO22_phmean_ss,31.9472,biooracle_sampled,biooracle:BO22_salinitymean_ss,20.0,obis_aggregate,obis:depth_median,,missing,pending_obis,,missing,pending_obis,new_candidate,28.8984,biooracle_sampled,biooracle:sst_mean_c,31.9472,biooracle_sampled,biooracle:salinity_mean_psu,8.0649,biooracle_sampled,biooracle:ph_mean,318.9445,biooracle_sampled,biooracle:depth_mean_m,4.5544,biooracle_sampled,biooracle:do_mean_mlL
F5A7P5,0.013333333333333334,0.0,0.0,0.0,0.21333333333333335,0.20742165999131645,0.12,0.013333333333333334,0.3333333333333333,0.38095238095238093,0.0,0.224,0.136,0.296,0.2857142857142857,0.43025702465669985,6.0,3.4,2.0,1.4628738838327795,0.28,2.494892302641094,3.1814818407437895,0.14666666666666667,0.12,0.10666666666666667,2.5146624508694306,2.293577612399098,0.09333333333333334,1,11.362435145513533,129.10493243600115,21,0.10666666666666667,0.0,1.9443933380298446,2.4794866253972545,0.02666666666666667,0.24,0.10666666666666667,0.04,8.91032965228962,79.39397451247167,0.09333333333333334,0.09333333333333334,0.3333333333333333,1.6261301091019265,Ruditapes philippinarum (Japanese carpet shell) (Venerupis philippinarum),coastal_estuarine,moderate,,missing,pending_biooracle,,missing,pending_biooracle,,missing,pending_biooracle,3.4,obis_aggregate,obis:depth_median,,missing,pending_obis,,missing,pending_obis,new_candidate,22.0,habitat_default,habitat_default:coastal_estuarine,32.0,habitat_default,habitat_default:coastal_estuarine,8.1,habitat_default,habitat_default:coastal_estuarine,3.4,obis_aggregate,obis:depth_median_m,6.5,habitat_default,habitat_default:coastal_estuarine
F6K6C6,0.0,0.0,0.0,0.1111111111111111,0.24324324324324326,0.18319219587075414,0.0945945945945946,0.013513513513513514,0.3125,0.5,0.0,0.23958333333333334,0.19791666666666666,0.20833333333333334,0.1875,0.7387350017917522,13.0,4.2,2.0,3.1026870075253594,0.21621621621621623,1.7494600300728507,2.3339175808576753,0.13513513513513514,0.21621621621621623,0.0945945945945946,2.4676221981989923,2.207312702775248,0.13513513513513514,1,10.794368811466748,116.51839803796607,16,0.10810810810810811,0.02702702702702703,2.0228131597717334,2.698592202866687,0.013513513513513514,0.1891891891891892,0.13513513513513514,0.06756756756756757,8.091252639086933,65.46836926953127,0.08108108108108109,0.10810810810810811,0.43243243243243246,1.7797663106325956,Cyclina sinensis (Venus clam),coastal_estuarine,moderate,19.1854,biooracle_sampled,biooracle:BO22_tempmean_ss,8.1188,biooracle_sampled,biooracle:BO22_phmean_ss,33.52,biooracle_sampled,biooracle:BO22_salinitymean_ss,144.4722,biooracle_sampled,biooracle:BO_bathymean,,missing,pending_obis,,missing,pending_obis,new_candidate,19.1854,biooracle_sampled,biooracle:sst_mean_c,33.52,biooracle_sampled,biooracle:salinity_mean_psu,8.1188,biooracle_sampled,biooracle:ph_mean,144.4722,biooracle_sampled,biooracle:depth_mean_m,5.2242,biooracle_sampled,biooracle:do_mean_mlL
F6M9X3,0.0,0.0,0.0,0.4,0.16129032258064516,0.3066343927179924,0.12903225806451613,0.03225806451612903,0.3888888888888889,0.3333333333333333,0.0,0.18691588785046728,0.18691588785046728,0.34579439252336447,0.2777777777777778,0.37924058947626,5.0,3.1176470588235294,2.0,1.1823383083671635,0.2903225806451613,1.946138588946876,2.542374404544131,0.06451612903225806,0.1935483870967742,0.04838709677419355,2.2779918832895967,2.041657408757083,0.04838709677419355,1,8.757067393429784,76.68622933307111,18,0.11290322580645161,-0.06451612903225806,1.5799985775765855,2.0640605790672684,0.03225806451612903,0.2903225806451613,0.04838709677419355,0.04838709677419355,6.703366250817017,44.935119092592586,0.03225806451612903,0.03225806451612903,0.24193548387096775,1.7065990005512768,Magallana gigas (Pacific oyster) (Crassostrea gigas),coastal_estuarine,moderate,,missing,pending_biooracle,,missing,pending_biooracle,,missing,pending_biooracle,0,obis_aggregate,obis:depth_median,,missing,pending_obis,,missing,pending_obis,new_candidate,22.0,habitat_default,habitat_default:coastal_estuarine,32.0,habitat_default,habitat_default:coastal_estuarine,8.1,habitat_default,habitat_default:coastal_estuarine,0,obis_aggregate,obis:depth_median_m,6.5,habitat_default,habitat_default:coastal_estuarine
F8UU34,0.01694915254237288,0.0,0.03389830508474576,0.058823529411764705,0.288135593220339,0.15657077150292323,0.0847457627118644,0.05084745762711865,0.3333333333333333,0.3888888888888889,0.0,0.3142857142857143,0.1523809523809524,0.2571428571428571,0.2777777777777778,0.45204334153626186,6.0,3.1176470588235294,1.0,1.409311594201287,0.3050847457627119,2.8983484792568635,3.6919192993743257,0.05084745762711865,0.15254237288135594,0.13559322033898305,2.572710777781521,2.3513888035064077,0.13559322033898305,2,12.101291036838067,146.44124475825734,18,0.13559322033898305,0.01694915254237288,2.2392049994727867,2.8523016510867283,0.06779661016949153,0.2033898305084746,0.15254237288135594,0.0847457627118644,9.500142237564162,90.25270253395061,0.0847457627118644,0.1016949152542373,0.288135593220339,1.6225690826617645,Longpotamon honanense,coastal_estuarine,moderate,,missing,pending_biooracle,,missing,pending_biooracle,,missing,pending_biooracle,,missing,pending_obis,,missing,pending_obis,,missing,pending_obis,new_candidate,22.0,habitat_default,habitat_default:coastal_estuarine,32.0,habitat_default,habitat_default:coastal_estuarine,8.1,habitat_default,habitat_default:coastal_estuarine,30.0,habitat_default,habitat_default:coastal_estuarine,6.5,habitat_default,habitat_default:coastal_estuarine
H2DFQ0,0.0273972602739726,0.0,0.0,0.14285714285714285,0.1917808219178082,0.10440410975805414,0.1232876712328767,0.0,0.35,0.35,0.0,0.211864406779661,0.17796610169491525,0.2542372881355932,0.3,0.46340819988835896,7.0,3.526315789473684,2.0,1.6341236522378972,0.273972602739726,3.4386525991846755,4.181560360232891,0.1506849315068493,0.1643835616438356,0.0958904109589041,2.7888738539033233,2.606466395578644,0.0821917808219178,1,15.26269531485005,232.9498682739457,20,0.0821917808219178,0.0273972602739726,2.806507251415894,3.4128424243872266,0.0136986301369863,0.2191780821917808,0.1095890410958904,0.0547945205479452,12.551081987024066,157.529659045,0.0821917808219178,0.1095890410958904,0.3424657534246575,1.4787683137649725,Perna viridis (Asian green mussel) (Mytilus viridis),coastal_estuarine,moderate,28.11,biooracle_sampled,biooracle:BO22_tempmean_ss,8.0769,biooracle_sampled,biooracle:BO22_phmean_ss,31.4822,biooracle_sampled,biooracle:BO22_salinitymean_ss,2.7,obis_aggregate,obis:depth_median,,missing,pending_obis,,missing,pending_obis,new_candidate,28.11,biooracle_sampled,biooracle:sst_mean_c,31.4822,biooracle_sampled,biooracle:salinity_mean_psu,8.0769,biooracle_sampled,biooracle:ph_mean,1623.2778,biooracle_sampled,biooracle:depth_mean_m,4.6136,biooracle_sampled,biooracle:do_mean_mlL
H2DFQ1,0.0136986301369863,0.0,0.0,0.0,0.1917808219178082,0.15221126197962093,0.1232876712328767,0.0136986301369863,0.3333333333333333,0.38095238095238093,0.0,0.20967741935483872,0.18548387096774194,0.24193548387096775,0.2857142857142857,0.41443114557954686,6.0,3.35,2.0,1.388344337691482,0.2876712328767123,3.0261611862621027,3.772882852131274,0.1506849315068493,0.1643835616438356,0.0821917808219178,2.6472564418667592,2.4440423536006115,0.0821917808219178,1,13.115259438361097,172.01003013551983,21,0.0958904109589041,0.0,2.2955458666358086,2.861984244536845,0.0136986301369863,0.2054794520547945,0.0958904109589041,0.0547945205479452,10.519512695101596,110.66014734240365,0.0821917808219178,0.1095890410958904,0.3424657534246575,1.554399070184571,Perna viridis (Asian green mussel) (Mytilus viridis),coastal_estuarine,moderate,28.11,biooracle_sampled,biooracle:BO22_tempmean_ss,8.0769,biooracle_sampled,biooracle:BO22_phmean_ss,31.4822,biooracle_sampled,biooracle:BO22_salinitymean_ss,2.7,obis_aggregate,obis:depth_median,,missing,pending_obis,,missing,pending_obis,new_candidate,28.11,biooracle_sampled,biooracle:sst_mean_c,31.4822,biooracle_sampled,biooracle:salinity_mean_psu,8.0769,biooracle_sampled,biooracle:ph_mean,1623.2778,biooracle_sampled,biooracle:depth_mean_m,4.6136,biooracle_sampled,biooracle:do_mean_mlL
H2DFQ2,0.0136986301369863,0.0,0.0,0.14285714285714285,0.1917808219178082,0.17516460004009843,0.1232876712328767,0.0136986301369863,0.3333333333333333,0.38095238095238093,0.0,0.20967741935483872,0.18548387096774194,0.24193548387096775,0.2857142857142857,0.41443114557954686,6.0,3.35,2.0,1.388344337691482,0.2876712328767123,2.8202643390984985,3.5178393795034033,0.1506849315068493,0.1643835616438356,0.1095890410958904,2.582387180841729,2.3798957059777996,0.0958904109589041,1,12.228679747797546,149.54060837419385,21,0.0821917808219178,0.0273972602739726,2.139359322903297,2.668516694935988,0.0136986301369863,0.2054794520547945,0.1095890410958904,0.0547945205479452,9.80377603591383,96.11402456235828,0.0821917808219178,0.1095890410958904,0.3424657534246575,1.5558666808002894,Perna viridis (Asian green mussel) (Mytilus viridis),coastal_estuarine,moderate,28.11,biooracle_sampled,biooracle:BO22_tempmean_ss,8.0769,biooracle_sampled,biooracle:BO22_phmean_ss,31.4822,biooracle_sampled,biooracle:BO22_salinitymean_ss,2.7,obis_aggregate,obis:depth_median,,missing,pending_obis,,missing,pending_obis,new_candidate,28.11,biooracle_sampled,biooracle:sst_mean_c,31.4822,biooracle_sampled,biooracle:salinity_mean_psu,8.0769,biooracle_sampled,biooracle:ph_mean,1623.2778,biooracle_sampled,biooracle:depth_mean_m,4.6136,biooracle_sampled,biooracle:do_mean_mlL
H2DFQ3,0.0136986301369863,0.0,0.0,0.07692307692307693,0.1780821917808219,0.17019611981654514,0.1232876712328767,0.0136986301369863,0.3333333333333333,0.38095238095238093,0.0,0.20161290322580644,0.18548387096774194,0.25,0.2857142857142857,0.41443114557954686,6.0,3.35,2.0,1.388344337691482,0.2876712328767123,2.863440035373431,3.5659431609659404,0.1506849315068493,0.1643835616438356,0.1095890410958904,2.5949485149196714,2.3936921776204914,0.0821917808219178,1,12.395897654786365,153.6582786679381,21,0.0821917808219178,0.0136986301369863,2.1721109792172375,2.7050066338087664,0.0136986301369863,0.2191780821917808,0.0958904109589041,0.0547945205479452,9.953862980107642,99.07938822675739,0.0821917808219178,0.1095890410958904,0.3424657534246575,1.5508601881580972,Perna viridis (Asian green mussel) (Mytilus viridis),coastal_estuarine,moderate,28.11,biooracle_sampled,biooracle:BO22_tempmean_ss,8.0769,biooracle_sampled,biooracle:BO22_phmean_ss,31.4822,biooracle_sampled,biooracle:BO22_salinitymean_ss,2.7,obis_aggregate,obis:depth_median,,missing,pending_obis,,missing,pending_obis,new_candidate,28.11,biooracle_sampled,biooracle:sst_mean_c,31.4822,biooracle_sampled,biooracle:salinity_mean_psu,8.0769,biooracle_sampled,biooracle:ph_mean,1623.2778,biooracle_sampled,biooracle:depth_mean_m,4.6136,biooracle_sampled,biooracle:do_mean_mlL
H2DFQ4,0.0136986301369863,0.0,0.0,0.16666666666666666,0.1643835616438356,0.17521558298220222,0.1232876712328767,0.0136986301369863,0.3333333333333333,0.38095238095238093,0.0,0.1935483870967742,0.18548387096774194,0.25,0.2857142857142857,0.41443114557954686,6.0,3.35,2.0,1.388344337691482,0.2876712328767123,2.7993998801970954,3.5430272803350444,0.1643835616438356,0.1643835616438356,0.1095890410958904,2.5889841694170737,2.3731597849847472,0.0821917808219178,1,12.316237688783726,151.6897108066167,21,0.0684931506849315,0.0273972602739726,2.1235322339140716,2.6876234040913998,0.0136986301369863,0.2191780821917808,0.0958904109589041,0.0547945205479452,9.731247202589904,94.69717211791382,0.0821917808219178,0.1095890410958904,0.3561643835616438,1.601839922080647,Perna viridis (Asian green mussel) (Mytilus viridis),coastal_estuarine,moderate,28.11,biooracle_sampled,biooracle:BO22_tempmean_ss,8.0769,biooracle_sampled,biooracle:BO22_phmean_ss,31.4822,biooracle_sampled,biooracle:BO22_salinitymean_ss,2.7,obis_aggregate,obis:depth_median,,missing,pending_obis,,missing,pending_obis,new_candidate,28.11,biooracle_sampled,biooracle:sst_mean_c,31.4822,biooracle_sampled,biooracle:salinity_mean_psu,8.0769,biooracle_sampled,biooracle:ph_mean,1623.2778,biooracle_sampled,biooracle:depth_mean_m,4.6136,biooracle_sampled,biooracle:do_mean_mlL
H2DFQ5,0.0136986301369863,0.0,0.0,0.16666666666666666,0.1643835616438356,0.13063966904241944,0.1232876712328767,0.0136986301369863,0.3333333333333333,0.38095238095238093,0.0,0.18548387096774194,0.18548387096774194,0.25,0.2857142857142857,0.41443114557954686,6.0,3.35,2.0,1.388344337691482,0.2876712328767123,3.274038015051253,4.063061300855065,0.1643835616438356,0.1643835616438356,0.1095890410958904,2.7162812329071446,2.5161775588878466,0.0821917808219178,1,14.123974998210464,199.48666975007427,21,0.0684931506849315,0.0273972602739726,2.4835770370654866,3.082104025855392,0.0136986301369863,0.2191780821917808,0.0958904109589041,0.0547945205479452,11.381179766606738,129.53125287981862,0.0821917808219178,0.1095890410958904,0.3561643835616438,1.5400659324677541,Perna viridis (Asian green mussel) (Mytilus viridis),coastal_estuarine,moderate,28.11,biooracle_sampled,biooracle:BO22_tempmean_ss,8.0769,biooracle_sampled,biooracle:BO22_phmean_ss,31.4822,biooracle_sampled,biooracle:BO22_salinitymean_ss,2.7,obis_aggregate,obis:depth_median,,missing,pending_obis,,missing,pending_obis,new_candidate,28.11,biooracle_sampled,biooracle:sst_mean_c,31.4822,biooracle_sampled,biooracle:salinity_mean_psu,8.0769,biooracle_sampled,biooracle:ph_mean,1623.2778,biooracle_sampled,biooracle:depth_mean_m,4.6136,biooracle_sampled,biooracle:do_mean_mlL
H2DFQ6,0.0,0.0,0.0,0.06666666666666667,0.20833333333333334,0.115704006160635,0.125,0.013888888888888888,0.3333333333333333,0.38095238095238093,0.0,0.24193548387096775,0.1774193548387097,0.25,0.2857142857142857,0.4076855771840518,6.0,3.3,2.0,1.345362404707371,0.2916666666666667,3.493733642930857,4.419312402763405,0.125,0.1527777777777778,0.1111111111111111,2.782039438086226,2.5632953247025787,0.09722222222222222,1,15.15192823804596,229.58092933089455,21,0.1111111111111111,-0.013888888888888888,2.613926347223587,3.306421813113547,0.013888888888888888,0.2222222222222222,0.09722222222222222,0.041666666666666664,11.97851534719151,143.48482992290252,0.08333333333333333,0.125,0.3333333333333333,1.6000362509002055,Perna viridis (Asian green mussel) (Mytilus viridis),coastal_estuarine,moderate,28.11,biooracle_sampled,biooracle:BO22_tempmean_ss,8.0769,biooracle_sampled,biooracle:BO22_phmean_ss,31.4822,biooracle_sampled,biooracle:BO22_salinitymean_ss,2.7,obis_aggregate,obis:depth_median,,missing,pending_obis,,missing,pending_obis,new_candidate,28.11,biooracle_sampled,biooracle:sst_mean_c,31.4822,biooracle_sampled,biooracle:salinity_mean_psu,8.0769,biooracle_sampled,biooracle:ph_mean,1623.2778,biooracle_sampled,biooracle:depth_mean_m,4.6136,biooracle_sampled,biooracle:do_mean_mlL
H2DFQ7,0.013888888888888888,0.0,0.0,0.06666666666666667,0.20833333333333334,0.1394764728501241,0.125,0.013888888888888888,0.3333333333333333,0.38095238095238093,0.0,0.24193548387096775,0.1774193548387097,0.24193548387096775,0.2857142857142857,0.4076855771840518,6.0,3.3,2.0,1.345362404707371,0.2916666666666667,3.1927843538469296,4.0116436543208405,0.1388888888888889,0.1527777777777778,0.1111111111111111,2.6915282499058413,2.480454186701583,0.09722222222222222,1,13.754206814814308,189.17820510468437,21,0.09722222222222222,0.013888888888888888,2.388763425171302,3.001413992998287,0.013888888888888888,0.20833333333333334,0.1111111111111111,0.041666666666666664,10.946689213189472,119.83000473015875,0.06944444444444445,0.1111111111111111,0.3333333333333333,1.5787215024374617,Perna viridis (Asian green mussel) (Mytilus viridis),coastal_estuarine,moderate,28.11,biooracle_sampled,biooracle:BO22_tempmean_ss,8.0769,biooracle_sampled,biooracle:BO22_phmean_ss,31.4822,biooracle_sampled,biooracle:BO22_salinitymean_ss,2.7,obis_aggregate,obis:depth_median,,missing,pending_obis,,missing,pending_obis,new_candidate,28.11,biooracle_sampled,biooracle:sst_mean_c,31.4822,biooracle_sampled,biooracle:salinity_mean_psu,8.0769,biooracle_sampled,biooracle:ph_mean,1623.2778,biooracle_sampled,biooracle:depth_mean_m,4.6136,biooracle_sampled,biooracle:do_mean_mlL
H2DFQ8,0.013888888888888888,0.0,0.0,0.06666666666666667,0.20833333333333334,0.14462789273663995,0.125,0.013888888888888888,0.3333333333333333,0.38095238095238093,0.0,0.24193548387096775,0.1774193548387097,0.24193548387096775,0.2857142857142857,0.4076855771840518,6.0,3.3,2.0,1.345362404707371,0.2916666666666667,3.1046572906459597,3.978571484038148,0.1388888888888889,0.1527777777777778,0.1111111111111111,2.683813279976695,2.454837338982561,0.08333333333333333,1,13.64081651670222,186.0718752423361,21,0.1111111111111111,-0.013888888888888888,2.322828904699041,2.976670201371037,0.013888888888888888,0.20833333333333334,0.09722222222222222,0.041666666666666664,10.64453928221472,113.30621653061225,0.06944444444444445,0.1111111111111111,0.3333333333333333,1.6422035872326963,Perna viridis (Asian green mussel) (Mytilus viridis),coastal_estuarine,moderate,28.11,biooracle_sampled,biooracle:BO22_tempmean_ss,8.0769,biooracle_sampled,biooracle:BO22_phmean_ss,31.4822,biooracle_sampled,biooracle:BO22_salinitymean_ss,2.7,obis_aggregate,obis:depth_median,,missing,pending_obis,,missing,pending_obis,new_candidate,28.11,biooracle_sampled,biooracle:sst_mean_c,31.4822,biooracle_sampled,biooracle:salinity_mean_psu,8.0769,biooracle_sampled,biooracle:ph_mean,1623.2778,biooracle_sampled,biooracle:depth_mean_m,4.6136,biooracle_sampled,biooracle:do_mean_mlL
H2DFQ9,0.0,0.0,0.0,0.0,0.19444444444444445,0.12784363264849183,0.125,0.013888888888888888,0.3333333333333333,0.38095238095238093,0.0,0.23387096774193547,0.1774193548387097,0.25,0.2857142857142857,0.4076855771840518,6.0,3.3,2.0,1.345362404707371,0.2916666666666667,3.3345332505807157,4.190624391134428,0.1388888888888889,0.1527777777777778,0.1111111111111111,2.7322779938313326,2.5203289264814495,0.09722222222222222,1,14.367855055318037,206.43525889062806,21,0.09722222222222222,0.0,2.4948164943891067,3.1353230173880395,0.013888888888888888,0.2222222222222222,0.09722222222222222,0.041666666666666664,11.432685430562453,130.70629615419497,0.08333333333333333,0.125,0.3472222222222222,1.5793826691186719,Perna viridis (Asian green mussel) (Mytilus viridis),coastal_estuarine,moderate,28.11,biooracle_sampled,biooracle:BO22_tempmean_ss,8.0769,biooracle_sampled,biooracle:BO22_phmean_ss,31.4822,biooracle_sampled,biooracle:BO22_salinitymean_ss,2.7,obis_aggregate,obis:depth_median,,missing,pending_obis,,missing,pending_obis,new_candidate,28.11,biooracle_sampled,biooracle:sst_mean_c,31.4822,biooracle_sampled,biooracle:salinity_mean_psu,8.0769,biooracle_sampled,biooracle:ph_mean,1623.2778,biooracle_sampled,biooracle:depth_mean_m,4.6136,biooracle_sampled,biooracle:do_mean_mlL
H2ZRN7,0.0,0.0,0.04838709677419355,0.3333333333333333,0.1935483870967742,0.1350842064558646,0.0967741935483871,0.08064516129032258,0.3157894736842105,0.3684210526315789,0.0,0.1891891891891892,0.15315315315315314,0.27927927927927926,0.3157894736842105,0.5922362718146302,8.0,3.0555555555555554,1.0,1.8096108305447034,0.3064516129032258,3.2384561330038455,4.078822716085004,0.11290322580645161,0.14516129032258066,0.12903225806451613,2.6609475905186404,2.4482075418025593,0.12903225806451613,2,13.30984254722475,177.15190863191424,19,0.06451612903225806,0.06451612903225806,2.42437226328228,3.053487295673193,0.03225806451612903,0.24193548387096775,0.12903225806451613,0.04838709677419355,10.567593697170443,111.67403654847647,0.14516129032258066,0.11290322580645161,0.3064516129032258,1.5863303065526295,Latimeria chalumnae (Coelacanth),open_ocean,low,27.4678,biooracle_sampled,biooracle:BO22_tempmean_ss,8.06,biooracle_sampled,biooracle:BO22_phmean_ss,34.3129,biooracle_sampled,biooracle:BO22_salinitymean_ss,150.0,obis_aggregate,obis:depth_median,,missing,pending_obis,,missing,pending_obis,new_candidate,27.4678,biooracle_sampled,biooracle:sst_mean_c,34.3129,biooracle_sampled,biooracle:salinity_mean_psu,8.06,biooracle_sampled,biooracle:ph_mean,46.0556,biooracle_sampled,biooracle:depth_mean_m,4.6266,biooracle_sampled,biooracle:do_mean_mlL
H6BD71,0.01818181818181818,0.0,0.0,0.2,0.18181818181818182,0.38141212028257626,0.09090909090909091,0.01818181818181818,0.46153846153846156,0.38461538461538464,0.0,0.12987012987012986,0.18181818181818182,0.2987012987012987,0.15384615384615385,0.3937003937005905,6.0,3.3333333333333335,2.0,1.3123346456686351,0.23636363636363636,1.180889692891279,1.6125042066056428,0.14545454545454545,0.2,0.12727272727272726,2.056957302753586,1.79110455108547,0.09090909090909091,1,6.822133181793104,46.5415011501225,13,0.07272727272727272,0.03636363636363636,1.3856609976997258,1.8921193073076408,0.03636363636363636,0.23636363636363636,0.10909090909090909,0.09090909090909091,4.99607177761695,24.960733207100592,0.01818181818181818,0.07272727272727272,0.32727272727272727,1.8645887027422263,Ostrea edulis (Native oyster) (European flat oyster),coastal_estuarine,moderate,21.9581,biooracle_sampled,biooracle:BO22_tempmean_ss,8.0716,biooracle_sampled,biooracle:BO22_phmean_ss,39.149,biooracle_sampled,biooracle:BO22_salinitymean_ss,8.0,obis_aggregate,obis:depth_median,,missing,pending_obis,,missing,pending_obis,new_candidate,21.9581,biooracle_sampled,biooracle:sst_mean_c,39.149,biooracle_sampled,biooracle:salinity_mean_psu,8.0716,biooracle_sampled,biooracle:ph_mean,1717.4722,biooracle_sampled,biooracle:depth_mean_m,4.9148,biooracle_sampled,biooracle:do_mean_mlL
H6UE75,0.016666666666666666,0.0,0.05,0.5,0.2,0.19488944189770224,0.1,0.06666666666666667,0.2631578947368421,0.42105263157894735,0.0,0.17117117117117117,0.15315315315315314,0.3153153153153153,0.3157894736842105,0.6311474530076284,9.0,3.0555555555555554,1.0,1.928506106412198,0.31666666666666665,2.7432368314335043,3.563745542165723,0.1,0.11666666666666667,0.06666666666666667,2.5058469704376294,2.2682889619540902,0.13333333333333333,2,11.253933291049652,126.65101451939564,19,0.05,0.1,1.987394813254964,2.581829364896502,0.03333333333333333,0.26666666666666666,0.15,0.03333333333333333,8.662853151895277,75.04502473130194,0.11666666666666667,0.13333333333333333,0.31666666666666665,1.6876670368604516,Oryzias melastigma (Marine medaka),coastal_estuarine,moderate,28.384,biooracle_sampled,biooracle:BO22_tempmean_ss,8.0734,biooracle_sampled,biooracle:BO22_phmean_ss,31.9006,biooracle_sampled,biooracle:BO22_salinitymean_ss,276.0,obis_aggregate,obis:depth_median,,missing,pending_obis,,missing,pending_obis,new_candidate,28.384,biooracle_sampled,biooracle:sst_mean_c,31.9006,biooracle_sampled,biooracle:salinity_mean_psu,8.0734,biooracle_sampled,biooracle:ph_mean,2554.9167,biooracle_sampled,biooracle:depth_mean_m,4.6025,biooracle_sampled,biooracle:do_mean_mlL
H9LIF2,0.0,0.013333333333333334,0.0,0.14285714285714285,0.18666666666666668,0.15521973863435673,0.12,0.013333333333333334,0.2857142857142857,0.42857142857142855,0.008,0.2,0.144,0.248,0.2857142857142857,0.4302570246566998,6.0,3.4,2.0,1.4628738838327793,0.28,2.9316275747706357,3.6180920483321932,0.18666666666666668,0.14666666666666667,0.12,2.633452890865774,2.4397435170960238,0.10666666666666667,1,12.921757315472117,166.97181211995718,21,0.08,0.02666666666666667,2.2847628011575254,2.8197586195238262,0.02666666666666667,0.2,0.10666666666666667,0.05333333333333334,10.470098481323697,109.6229622086168,0.06666666666666667,0.08,0.3466666666666667,1.523146325878362,Magallana ariakensis (Suminoe oyster) (Crassostrea ariakensis),coastal_estuarine,moderate,,missing,pending_biooracle,,missing,pending_biooracle,,missing,pending_biooracle,,missing,pending_obis,,missing,pending_obis,,missing,pending_obis,new_candidate,22.0,habitat_default,habitat_default:coastal_estuarine,32.0,habitat_default,habitat_default:coastal_estuarine,8.1,habitat_default,habitat_default:coastal_estuarine,30.0,habitat_default,habitat_default:coastal_estuarine,6.5,habitat_default,habitat_default:coastal_estuarine
H9LJ30,0.0,0.0,0.046511627906976744,0.16666666666666666,0.27906976744186046,0.16788862438911664,0.10465116279069768,0.023255813953488372,0.2692307692307692,0.4230769230769231,0.0,0.34615384615384615,0.15384615384615385,0.14102564102564102,0.3076923076923077,0.6205171643448208,7.0,3.04,1.0,1.8863721796082553,0.3023255813953488,3.340609396695847,4.237172767022682,0.09302325581395349,0.1511627906976744,0.12790697674418605,2.709067268236991,2.48904042764767,0.16279069767441862,3,14.015263767844257,196.427618482248,26,0.11627906976744186,0.046511627906976744,2.1670260282392677,2.7486193630918385,0.023255813953488372,0.12790697674418605,0.16279069767441862,0.046511627906976744,11.049708004455495,122.09604698372783,0.046511627906976744,0.046511627906976744,0.2558139534883721,1.6087958892594334,Magallana ariakensis (Suminoe oyster) (Crassostrea ariakensis),coastal_estuarine,moderate,,missing,pending_biooracle,,missing,pending_biooracle,,missing,pending_biooracle,,missing,pending_obis,,missing,pending_obis,,missing,pending_obis,new_candidate,22.0,habitat_default,habitat_default:coastal_estuarine,32.0,habitat_default,habitat_default:coastal_estuarine,8.1,habitat_default,habitat_default:coastal_estuarine,30.0,habitat_default,habitat_default:coastal_estuarine,6.5,habitat_default,habitat_default:coastal_estuarine
I0CAM4,0.0136986301369863,0.0,0.0,0.0,0.1917808219178082,0.13405730898793097,0.1232876712328767,0.0136986301369863,0.3333333333333333,0.38095238095238093,0.0,0.22580645161290322,0.14516129032258066,0.2661290322580645,0.2857142857142857,0.4250456974894967,6.0,3.35,2.0,1.4239030865898141,0.2876712328767123,3.258473971912823,3.9783905111027567,0.1643835616438356,0.1232876712328767,0.1095890410958904,2.69662809687606,2.5117981591358194,0.0821917808219178,1,13.829643205261965,191.25903118484842,21,0.0958904109589041,0.0,2.4717706683047083,3.0178755629687934,0.0273972602739726,0.2328767123287671,0.0958904109589041,0.0410958904109589,11.327076188077909,128.30265497052156,0.0684931506849315,0.1095890410958904,0.3561643835616438,1.49068646497449,Mercenaria mercenaria (Northern quahog) (Venus mercenaria),coastal_estuarine,moderate,21.9544,biooracle_sampled,biooracle:BO22_tempmean_ss,8.0929,biooracle_sampled,biooracle:BO22_phmean_ss,36.4854,biooracle_sampled,biooracle:BO22_salinitymean_ss,6,obis_aggregate,obis:depth_median,,missing,pending_obis,,missing,pending_obis,new_candidate,21.9544,biooracle_sampled,biooracle:sst_mean_c,36.4854,biooracle_sampled,biooracle:salinity_mean_psu,8.0929,biooracle_sampled,biooracle:ph_mean,3234.4722,biooracle_sampled,biooracle:depth_mean_m,5.0219,biooracle_sampled,biooracle:do_mean_mlL
I1SRL5,0.0,0.0,0.05,0.45454545454545453,0.18333333333333332,0.17030785175872523,0.1,0.06666666666666667,0.3,0.4,0.0,0.18803418803418803,0.1452991452991453,0.3162393162393162,0.3,0.47412381128746534,6.0,2.8947368421052633,1.0,1.372463664253189,0.3333333333333333,3.1893593373992144,4.091187299421829,0.1,0.11666666666666667,0.06666666666666667,2.5857742296789588,2.357837949119126,0.13333333333333333,2,12.27356189826549,150.64032167055436,20,0.05,0.08333333333333333,2.139487284929499,2.744451873057299,0.03333333333333333,0.26666666666666666,0.13333333333333333,0.03333333333333333,9.568078012197644,91.54811684750001,0.11666666666666667,0.13333333333333333,0.31666666666666665,1.6454770109743448,Oryzias melastigma (Marine medaka),coastal_estuarine,moderate,28.384,biooracle_sampled,biooracle:BO22_tempmean_ss,8.0734,biooracle_sampled,biooracle:BO22_phmean_ss,31.9006,biooracle_sampled,biooracle:BO22_salinitymean_ss,276.0,obis_aggregate,obis:depth_median,,missing,pending_obis,,missing,pending_obis,new_candidate,28.384,biooracle_sampled,biooracle:sst_mean_c,31.9006,biooracle_sampled,biooracle:salinity_mean_psu,8.0734,biooracle_sampled,biooracle:ph_mean,2554.9167,biooracle_sampled,biooracle:depth_mean_m,4.6025,biooracle_sampled,biooracle:do_mean_mlL
I1U3Q5,0.0,0.0,0.05,0.3333333333333333,0.15,0.14989958011914337,0.1,0.06666666666666667,0.3,0.4,0.0,0.1452991452991453,0.11965811965811966,0.38461538461538464,0.3,0.47412381128746534,6.0,2.8947368421052633,1.0,1.372463664253189,0.3333333333333333,3.4310036460843993,4.32081717222212,0.1,0.1,0.05,2.6363716919929687,2.4241840333280824,0.1,2,12.962451516666361,168.02514932192605,20,0.05,0.05,2.301587215108304,2.898492274631123,0.06666666666666667,0.31666666666666665,0.1,0.05,10.293010938253198,105.94607417499999,0.11666666666666667,0.13333333333333333,0.3,1.58594974500315,Sebastiscus marmoratus (False kelpfish) (Sebastes marmoratus),coastal_estuarine,moderate,21.919,biooracle_sampled,biooracle:BO22_tempmean_ss,8.116,biooracle_sampled,biooracle:BO22_phmean_ss,34.0226,biooracle_sampled,biooracle:BO22_salinitymean_ss,20,obis_aggregate,obis:depth_median,,missing,pending_obis,,missing,pending_obis,new_candidate,21.919,biooracle_sampled,biooracle:sst_mean_c,34.0226,biooracle_sampled,biooracle:salinity_mean_psu,8.116,biooracle_sampled,biooracle:ph_mean,192.4444,biooracle_sampled,biooracle:depth_mean_m,4.9037,biooracle_sampled,biooracle:do_mean_mlL
I3NLQ1,0.017543859649122806,0.0,0.05263157894736842,0.2222222222222222,0.3157894736842105,0.21294878187508642,0.08771929824561403,0.07017543859649122,0.3684210526315789,0.3684210526315789,0.0,0.36936936936936937,0.13513513513513514,0.18018018018018017,0.2631578947368421,0.44410790795710287,5.0,2.8333333333333335,1.0,1.2583057392117916,0.3333333333333333,2.7570810646265245,3.5957243889513126,0.07017543859649122,0.14035087719298245,0.17543859649122806,2.467011920479006,2.2269174799580282,0.17543859649122806,2,10.787173166853938,116.36310493169361,19,0.12280701754385964,0.07017543859649122,1.8975533273457714,2.4747472484626276,0.08771929824561403,0.14035087719298245,0.19298245614035087,0.10526315789473684,8.271243193879574,68.41346397229917,0.08771929824561403,0.08771929824561403,0.2807017543859649,1.7008801802348348,Charybdis japonica (Asian swimming crab),coastal_estuarine,moderate,23.0603,biooracle_sampled,biooracle:BO22_tempmean_ss,8.098,biooracle_sampled,biooracle:BO22_phmean_ss,35.5714,biooracle_sampled,biooracle:BO22_salinitymean_ss,1667.5834,biooracle_sampled,biooracle:BO_bathymean,,missing,pending_obis,,missing,pending_obis,new_candidate,23.0603,biooracle_sampled,biooracle:sst_mean_c,35.5714,biooracle_sampled,biooracle:salinity_mean_psu,8.098,biooracle_sampled,biooracle:ph_mean,1667.5834,biooracle_sampled,biooracle:depth_mean_m,4.8796,biooracle_sampled,biooracle:do_mean_mlL
K4FSB9,0.0,0.0,0.04838709677419355,0.3333333333333333,0.1935483870967742,0.21211291706888039,0.11290322580645161,0.08064516129032258,0.3,0.45,0.0,0.20512820512820512,0.13675213675213677,0.3076923076923077,0.25,0.5478734244843404,7.0,2.8947368421052633,1.0,1.585949386665196,0.3225806451612903,2.781498514648662,3.5274483144867084,0.08064516129032258,0.14516129032258066,0.12903225806451613,2.4794827817489966,2.264119216002982,0.12903225806451613,2,10.935089774908796,119.57618838531491,20,0.06451612903225806,0.06451612903225806,1.928082125001422,2.445160407675894,0.03225806451612903,0.25806451612903225,0.12903225806451613,0.03225806451612903,8.622645395410853,74.35001361499998,0.14516129032258066,0.14516129032258066,0.3548387096774194,1.6082873771147586,Callorhinchus milii (Ghost shark),open_ocean,low,13.9753,biooracle_sampled,biooracle:BO22_tempmean_ss,8.0983,biooracle_sampled,biooracle:BO22_phmean_ss,34.9667,biooracle_sampled,biooracle:BO22_salinitymean_ss,17.5,obis_aggregate,obis:depth_median,,missing,pending_obis,,missing,pending_obis,new_candidate,13.9753,biooracle_sampled,biooracle:sst_mean_c,34.9667,biooracle_sampled,biooracle:salinity_mean_psu,8.0983,biooracle_sampled,biooracle:ph_mean,30.2222,biooracle_sampled,biooracle:depth_mean_m,5.8798,biooracle_sampled,biooracle:do_mean_mlL
K4G976,0.0,0.016129032258064516,0.04838709677419355,0.3333333333333333,0.1935483870967742,0.19776387818429128,0.11290322580645161,0.08064516129032258,0.3,0.45,0.0,0.20512820512820512,0.13675213675213677,0.3076923076923077,0.25,0.5478734244843404,7.0,2.8947368421052633,1.0,1.585949386665196,0.3225806451612903,2.876250834037561,3.6587512203830688,0.08064516129032258,0.16129032258064516,0.12903225806451613,2.5130185143921193,2.29418769185827,0.12903225806451613,2,11.342128783187514,128.64388533441067,20,0.06451612903225806,0.06451612903225806,1.9937626394270203,2.5361770968764255,0.03225806451612903,0.24193548387096775,0.12903225806451613,0.03225806451612903,8.91637758551644,79.50178924749997,0.14516129032258066,0.12903225806451613,0.3225806451612903,1.618125661724727,Callorhinchus milii (Ghost shark),open_ocean,low,13.9753,biooracle_sampled,biooracle:BO22_tempmean_ss,8.0983,biooracle_sampled,biooracle:BO22_phmean_ss,34.9667,biooracle_sampled,biooracle:BO22_salinitymean_ss,17.5,obis_aggregate,obis:depth_median,,missing,pending_obis,,missing,pending_obis,new_candidate,13.9753,biooracle_sampled,biooracle:sst_mean_c,34.9667,biooracle_sampled,biooracle:salinity_mean_psu,8.0983,biooracle_sampled,biooracle:ph_mean,30.2222,biooracle_sampled,biooracle:depth_mean_m,5.8798,biooracle_sampled,biooracle:do_mean_mlL
K4G9J9,0.0,0.0,0.04838709677419355,0.16666666666666666,0.1935483870967742,0.19395163360064416,0.11290322580645161,0.08064516129032258,0.3,0.45,0.0,0.20512820512820512,0.13675213675213677,0.3076923076923077,0.25,0.5478734244843404,7.0,2.8947368421052633,1.0,1.585949386665196,0.3225806451612903,2.9085653431922665,3.6892181882773825,0.08064516129032258,0.14516129032258066,0.11290322580645161,2.5206418391169954,2.3042389809566477,0.11290322580645161,2,11.436576383659887,130.79527937928705,20,0.08064516129032258,0.03225806451612903,2.016162445557153,2.557296222373222,0.03225806451612903,0.25806451612903225,0.11290322580645161,0.03225806451612903,9.016552563896026,81.2982201375,0.14516129032258066,0.14516129032258066,0.3387096774193548,1.6088332457718322,Callorhinchus milii (Ghost shark),open_ocean,low,13.9753,biooracle_sampled,biooracle:BO22_tempmean_ss,8.0983,biooracle_sampled,biooracle:BO22_phmean_ss,34.9667,biooracle_sampled,biooracle:BO22_salinitymean_ss,17.5,obis_aggregate,obis:depth_median,,missing,pending_obis,,missing,pending_obis,new_candidate,13.9753,biooracle_sampled,biooracle:sst_mean_c,34.9667,biooracle_sampled,biooracle:salinity_mean_psu,8.0983,biooracle_sampled,biooracle:ph_mean,30.2222,biooracle_sampled,biooracle:depth_mean_m,5.8798,biooracle_sampled,biooracle:do_mean_mlL
K4G9S1,0.016129032258064516,0.0,0.04838709677419355,0.3333333333333333,0.1935483870967742,0.18480105195994367,0.11290322580645161,0.08064516129032258,0.3,0.45,0.0,0.20512820512820512,0.13675213675213677,0.3076923076923077,0.25,0.5478734244843404,7.0,2.8947368421052633,1.0,1.585949386665196,0.3225806451612903,2.9784434264019177,3.7810534225544683,0.08064516129032258,0.14516129032258066,0.11290322580645161,2.5432750505975448,2.3256348565389033,0.11290322580645161,2,11.721265609918852,137.38806749826637,20,0.06451612903225806,0.06451612903225806,2.0646006102573446,2.6209546686109086,0.03225806451612903,0.25806451612903225,0.12903225806451613,0.03225806451612903,9.233174621845945,85.25151359750002,0.14516129032258066,0.14516129032258066,0.3387096774193548,1.611561621614367,Callorhinchus milii (Ghost shark),open_ocean,low,13.9753,biooracle_sampled,biooracle:BO22_tempmean_ss,8.0983,biooracle_sampled,biooracle:BO22_phmean_ss,34.9667,biooracle_sampled,biooracle:BO22_salinitymean_ss,17.5,obis_aggregate,obis:depth_median,,missing,pending_obis,,missing,pending_obis,new_candidate,13.9753,biooracle_sampled,biooracle:sst_mean_c,34.9667,biooracle_sampled,biooracle:salinity_mean_psu,8.0983,biooracle_sampled,biooracle:ph_mean,30.2222,biooracle_sampled,biooracle:depth_mean_m,5.8798,biooracle_sampled,biooracle:do_mean_mlL
K4GAK2,0.0,0.0,0.04838709677419355,0.3333333333333333,0.1935483870967742,0.16847494740131788,0.11290322580645161,0.06451612903225806,0.3,0.45,0.0,0.20512820512820512,0.13675213675213677,0.2905982905982906,0.25,0.6128108925946442,7.0,2.8947368421052633,1.0,1.773926268037128,0.3225806451612903,3.11873163308733,3.960894484234023,0.08064516129032258,0.14516129032258066,0.12903225806451613,2.5861667377552733,2.367254986367912,0.12903225806451613,3,12.278772901125471,150.7682639574132,20,0.06451612903225806,0.06451612903225806,2.161845739900283,2.7456170887198854,0.03225806451612903,0.25806451612903225,0.12903225806451613,0.03225806451612903,9.668068062570724,93.47154006250003,0.11290322580645161,0.14516129032258066,0.3387096774193548,1.6129857693218874,Callorhinchus milii (Ghost shark),open_ocean,low,13.9753,biooracle_sampled,biooracle:BO22_tempmean_ss,8.0983,biooracle_sampled,biooracle:BO22_phmean_ss,34.9667,biooracle_sampled,biooracle:BO22_salinitymean_ss,17.5,obis_aggregate,obis:depth_median,,missing,pending_obis,,missing,pending_obis,new_candidate,13.9753,biooracle_sampled,biooracle:sst_mean_c,34.9667,biooracle_sampled,biooracle:salinity_mean_psu,8.0983,biooracle_sampled,biooracle:ph_mean,30.2222,biooracle_sampled,biooracle:depth_mean_m,5.8798,biooracle_sampled,biooracle:do_mean_mlL
K4GAT6,0.0,0.0,0.04838709677419355,0.3333333333333333,0.1935483870967742,0.19268242683778464,0.11290322580645161,0.08064516129032258,0.3,0.45,0.0,0.20512820512820512,0.13675213675213677,0.3076923076923077,0.25,0.5478734244843404,7.0,2.8947368421052633,1.0,1.585949386665196,0.3225806451612903,2.91381764368774,3.7068254121782904,0.08064516129032258,0.14516129032258066,0.12903225806451613,2.5250210962753874,2.3058631837220256,0.12903225806451613,2,11.4911587777527,132.04673005552291,20,0.06451612903225806,0.06451612903225806,2.0198032408504547,2.569501216729843,0.03225806451612903,0.25806451612903225,0.12903225806451613,0.03225806451612903,9.032834695431994,81.592102635,0.14516129032258066,0.14516129032258066,0.3387096774193548,1.6183763598571577,Callorhinchus milii (Ghost shark),open_ocean,low,13.9753,biooracle_sampled,biooracle:BO22_tempmean_ss,8.0983,biooracle_sampled,biooracle:BO22_phmean_ss,34.9667,biooracle_sampled,biooracle:BO22_salinitymean_ss,17.5,obis_aggregate,obis:depth_median,,missing,pending_obis,,missing,pending_obis,new_candidate,13.9753,biooracle_sampled,biooracle:sst_mean_c,34.9667,biooracle_sampled,biooracle:salinity_mean_psu,8.0983,biooracle_sampled,biooracle:ph_mean,30.2222,biooracle_sampled,biooracle:depth_mean_m,5.8798,biooracle_sampled,biooracle:do_mean_mlL
K4GCD5,0.016129032258064516,0.0,0.04838709677419355,0.38461538461538464,0.20967741935483872,0.1579722190012859,0.0967741935483871,0.06451612903225806,0.3157894736842105,0.42105263157894735,0.0,0.22522522522522523,0.13513513513513514,0.3063063063063063,0.2631578947368421,0.5505819610809717,7.0,3.0555555555555554,1.0,1.6823337699696357,0.3064516129032258,2.9981719894555545,3.767386375090852,0.08064516129032258,0.14516129032258066,0.11290322580645161,2.5872809555862113,2.378017985361935,0.12903225806451613,2,12.293576592401728,151.13202543324766,19,0.06451612903225806,0.08064516129032258,2.2444908046488794,2.820339895839802,0.03225806451612903,0.25806451612903225,0.14516129032258066,0.03225806451612903,9.783508597170757,95.71704047091411,0.14516129032258066,0.14516129032258066,0.3387096774193548,1.578945866793413,Callorhinchus milii (Ghost shark),open_ocean,low,13.9753,biooracle_sampled,biooracle:BO22_tempmean_ss,8.0983,biooracle_sampled,biooracle:BO22_phmean_ss,34.9667,biooracle_sampled,biooracle:BO22_salinitymean_ss,17.5,obis_aggregate,obis:depth_median,,missing,pending_obis,,missing,pending_obis,new_candidate,13.9753,biooracle_sampled,biooracle:sst_mean_c,34.9667,biooracle_sampled,biooracle:salinity_mean_psu,8.0983,biooracle_sampled,biooracle:ph_mean,30.2222,biooracle_sampled,biooracle:depth_mean_m,5.8798,biooracle_sampled,biooracle:do_mean_mlL
K9J9Q8,0.0,0.0,0.0,0.2,0.2,0.14656111805768007,0.12,0.013333333333333334,0.2857142857142857,0.42857142857142855,0.0,0.216,0.136,0.24,0.2857142857142857,0.4302570246566998,6.0,3.4,2.0,1.4628738838327793,0.28,3.0187496148203117,3.7212555496663757,0.18666666666666668,0.13333333333333333,0.14666666666666667,2.659573875097023,2.4665091678829305,0.12,1,13.290198391665626,176.6293732898316,21,0.08,0.04,2.352661328917154,2.900159053847052,0.02666666666666667,0.2,0.12,0.05333333333333334,10.781248624358255,116.23532190022678,0.06666666666666667,0.09333333333333334,0.36,1.5195843260230781,Sinohyriopsis cumingii (Triangle sail mussel) (Hyriopsis cumingii),coastal_estuarine,moderate,,missing,pending_biooracle,,missing,pending_biooracle,,missing,pending_biooracle,,missing,pending_obis,,missing,pending_obis,,missing,pending_obis,new_candidate,22.0,habitat_default,habitat_default:coastal_estuarine,32.0,habitat_default,habitat_default:coastal_estuarine,8.1,habitat_default,habitat_default:coastal_estuarine,30.0,habitat_default,habitat_default:coastal_estuarine,6.5,habitat_default,habitat_default:coastal_estuarine
M1EX80,0.029411764705882353,0.0,0.014705882352941176,0.25,0.23529411764705882,0.1807502256389894,0.08823529411764706,0.014705882352941176,0.35294117647058826,0.4117647058823529,0.0,0.28431372549019607,0.16666666666666666,0.18627450980392157,0.23529411764705882,0.6118151067044083,10.0,3.6875,1.0,2.2560682059725057,0.25,2.161832033165245,2.7191185511218734,0.1323529411764706,0.23529411764705882,0.14705882352941177,2.474559485751323,2.2666809995688,0.11764705882352941,2,10.876474204487494,118.29769112088185,17,0.08823529411764706,0.058823529411764705,2.097285133549197,2.637932469376927,0.0,0.14705882352941177,0.14705882352941177,0.058823529411764705,8.64732813266098,74.77628383391004,0.058823529411764705,0.08823529411764706,0.4117647058823529,1.582021532169742,Perinereis nuntia (Polychaete worm) (Lycoris nuntia),coastal_estuarine,moderate,28.7204,biooracle_sampled,biooracle:BO22_tempmean_ss,8.0657,biooracle_sampled,biooracle:BO22_phmean_ss,33.1246,biooracle_sampled,biooracle:BO22_salinitymean_ss,0.0,obis_aggregate,obis:depth_median,,missing,pending_obis,,missing,pending_obis,new_candidate,28.7204,biooracle_sampled,biooracle:sst_mean_c,33.1246,biooracle_sampled,biooracle:salinity_mean_psu,8.0657,biooracle_sampled,biooracle:ph_mean,1973.3055,biooracle_sampled,biooracle:depth_mean_m,4.519,biooracle_sampled,biooracle:do_mean_mlL
O18842,0.0,0.0,0.04918032786885246,0.45454545454545453,0.18032786885245902,0.15634622600846848,0.11475409836065574,0.08196721311475409,0.3,0.4,0.0,0.19658119658119658,0.17094017094017094,0.26495726495726496,0.3,0.5478734244843404,7.0,2.8947368421052633,1.0,1.585949386665196,0.32786885245901637,3.3002698519881593,4.166711798924911,0.09836065573770492,0.18032786885245902,0.14754098360655737,2.6180139619515193,2.403861353797181,0.13114754098360656,2,12.70847098672098,161.50523482032892,20,0.04918032786885246,0.08196721311475409,2.2507864586073016,2.8417005016391936,0.01639344262295082,0.21311475409836064,0.13114754098360656,0.04918032786885246,10.065823048563887,101.32079364499998,0.13114754098360656,0.11475409836065574,0.36065573770491804,1.5939989118738902,Balaena mysticetus (Bowhead whale),open_ocean,low,,missing,pending_biooracle,,missing,pending_biooracle,,missing,pending_biooracle,,missing,pending_obis,,missing,pending_obis,,missing,pending_obis,new_candidate,15.0,habitat_default,habitat_default:open_ocean,35.0,habitat_default,habitat_default:open_ocean,8.1,habitat_default,habitat_default:open_ocean,200.0,habitat_default,habitat_default:open_ocean,7.0,habitat_default,habitat_default:open_ocean
P14425,0.0,0.0,0.04918032786885246,0.45454545454545453,0.18032786885245902,0.14472636554242949,0.11475409836065574,0.08196721311475409,0.3,0.4,0.0,0.19658119658119658,0.18803418803418803,0.24786324786324787,0.3,0.5478734244843404,7.0,2.8947368421052633,1.0,1.585949386665196,0.32786885245901637,3.4379665942449638,4.3209675870449376,0.09836065573770492,0.19672131147540983,0.14754098360655737,2.651758550842654,2.4411113254503625,0.13114754098360656,2,13.178951140487062,173.68475316334522,20,0.04918032786885246,0.08196721311475409,2.3446957377770787,2.946903062227745,0.03278688524590164,0.19672131147540983,0.13114754098360656,0.04918032786885246,10.48579811244714,109.95196205500001,0.16393442622950818,0.13114754098360656,0.3770491803278688,1.5796421447801439,Stenella coeruleoalba (Striped dolphin) (Delphinus coeruleoalbus),open_ocean,low,19.2786,biooracle_sampled,biooracle:BO22_tempmean_ss,8.0622,biooracle_sampled,biooracle:BO22_phmean_ss,36.4181,biooracle_sampled,biooracle:BO22_salinitymean_ss,0.0,obis_aggregate,obis:depth_median,,missing,pending_obis,,missing,pending_obis,new_candidate,19.2786,biooracle_sampled,biooracle:sst_mean_c,36.4181,biooracle_sampled,biooracle:salinity_mean_psu,8.0622,biooracle_sampled,biooracle:ph_mean,4732.9165,biooracle_sampled,biooracle:depth_mean_m,5.2595,biooracle_sampled,biooracle:do_mean_mlL
Q0H9V6,0.0,0.0,0.04819277108433735,0.21739130434782608,0.27710843373493976,0.1649771257191084,0.10843373493975904,0.024096385542168676,0.24,0.44,0.0,0.32666666666666666,0.13333333333333333,0.18,0.32,0.6050616158013943,6.0,2.875,1.0,1.7395521454290086,0.30120481927710846,3.3230630519193434,4.137152470457433,0.10843373493975904,0.13253012048192772,0.0963855421686747,2.690249111123604,2.487617084270546,0.1686746987951807,3,13.735346201918677,188.65973528656184,25,0.10843373493975904,0.060240963855421686,2.206513866474444,2.7470692403837353,0.0,0.18072289156626506,0.1686746987951807,0.024096385542168676,11.03256933237222,121.71758607359999,0.04819277108433735,0.03614457831325301,0.24096385542168675,1.5499792706411657,Crassostrea virginica (Eastern oyster),coastal_estuarine,moderate,22.0622,biooracle_sampled,biooracle:BO22_tempmean_ss,8.1105,biooracle_sampled,biooracle:BO22_phmean_ss,35.9989,biooracle_sampled,biooracle:BO22_salinitymean_ss,3.0,obis_aggregate,obis:depth_median,,missing,pending_obis,,missing,pending_obis,new_candidate,22.0622,biooracle_sampled,biooracle:sst_mean_c,35.9989,biooracle_sampled,biooracle:salinity_mean_psu,8.1105,biooracle_sampled,biooracle:ph_mean,25.7222,biooracle_sampled,biooracle:depth_mean_m,4.9358,biooracle_sampled,biooracle:do_mean_mlL
Q0H9V7,0.0,0.0,0.04819277108433735,0.18181818181818182,0.26506024096385544,0.16870949877725283,0.10843373493975904,0.024096385542168676,0.24,0.44,0.0,0.32,0.13333333333333333,0.18,0.32,0.6050616158013943,6.0,2.875,1.0,1.7395521454290086,0.30120481927710846,3.2581969744721215,4.1261686024636655,0.10843373493975904,0.13253012048192772,0.0963855421686747,2.6877712840902865,2.4695572782090967,0.1566265060240964,3,13.698879760179368,187.65930668385195,25,0.10843373493975904,0.04819277108433735,2.1634427910494884,2.7397759520358735,0.0,0.18072289156626506,0.1566265060240964,0.024096385542168676,10.817213955247443,117.01211775360002,0.04819277108433735,0.03614457831325301,0.24096385542168675,1.603759595899446,Crassostrea virginica (Eastern oyster),coastal_estuarine,moderate,22.0622,biooracle_sampled,biooracle:BO22_tempmean_ss,8.1105,biooracle_sampled,biooracle:BO22_phmean_ss,35.9989,biooracle_sampled,biooracle:BO22_salinitymean_ss,3.0,obis_aggregate,obis:depth_median,,missing,pending_obis,,missing,pending_obis,new_candidate,22.0622,biooracle_sampled,biooracle:sst_mean_c,35.9989,biooracle_sampled,biooracle:salinity_mean_psu,8.1105,biooracle_sampled,biooracle:ph_mean,25.7222,biooracle_sampled,biooracle:depth_mean_m,4.9358,biooracle_sampled,biooracle:do_mean_mlL
Q0H9V8,0.0,0.0,0.04819277108433735,0.2727272727272727,0.26506024096385544,0.14612540387675718,0.10843373493975904,0.024096385542168676,0.24,0.44,0.0,0.32,0.13333333333333333,0.18,0.32,0.6050616158013943,6.0,2.875,1.0,1.7395521454290086,0.30120481927710846,3.5293834620647857,4.397838434115303,0.10843373493975904,0.13253012048192772,0.0963855421686747,2.7473237078146306,2.5429831725875376,0.1686746987951807,3,14.600823601262803,213.1840498351929,25,0.0963855421686747,0.07228915662650602,2.3435106188110177,2.9201647202525605,0.0,0.18072289156626506,0.1686746987951807,0.024096385542168676,11.717553094055088,137.30105051199996,0.04819277108433735,0.03614457831325301,0.24096385542168675,1.552676028626313,Crassostrea virginica (Eastern oyster),coastal_estuarine,moderate,22.0622,biooracle_sampled,biooracle:BO22_tempmean_ss,8.1105,biooracle_sampled,biooracle:BO22_phmean_ss,35.9989,biooracle_sampled,biooracle:BO22_salinitymean_ss,3.0,obis_aggregate,obis:depth_median,,missing,pending_obis,,missing,pending_obis,new_candidate,22.0622,biooracle_sampled,biooracle:sst_mean_c,35.9989,biooracle_sampled,biooracle:salinity_mean_psu,8.1105,biooracle_sampled,biooracle:ph_mean,25.7222,biooracle_sampled,biooracle:depth_mean_m,4.9358,biooracle_sampled,biooracle:do_mean_mlL
Q1W1H4,0.0,0.016666666666666666,0.03333333333333333,0.07692307692307693,0.21666666666666667,0.22802418490094534,0.11666666666666667,0.03333333333333333,0.35294117647058826,0.47058823529411764,0.0,0.29,0.11,0.25,0.17647058823529413,0.4723774929733302,6.0,2.75,1.0,1.299038105676658,0.2833333333333333,2.126799430286426,2.814082439543862,0.05,0.16666666666666666,0.15,2.3916993603487153,2.1408130527900293,0.11666666666666667,2,9.932055668978338,98.64572981168473,17,0.1,0.016666666666666666,1.8205575146521245,2.4088773295713155,0.0,0.25,0.11666666666666667,0.03333333333333333,7.5063509304226805,56.345304290657445,0.05,0.06666666666666667,0.21666666666666667,1.7507355946259584,Artemia franciscana (Brine shrimp) (Artemia sanfranciscana),coastal_estuarine,moderate,,missing,pending_biooracle,,missing,pending_biooracle,,missing,pending_biooracle,1107.9,obis_aggregate,obis:depth_median,,missing,pending_obis,,missing,pending_obis,new_candidate,22.0,habitat_default,habitat_default:coastal_estuarine,32.0,habitat_default,habitat_default:coastal_estuarine,8.1,habitat_default,habitat_default:coastal_estuarine,1107.9,obis_aggregate,obis:depth_median_m,6.5,habitat_default,habitat_default:coastal_estuarine
Q2TU61,0.013157894736842105,0.0,0.0,0.05263157894736842,0.25,0.13325583558849008,0.11842105263157894,0.013157894736842105,0.3333333333333333,0.38095238095238093,0.0,0.28225806451612906,0.1693548387096774,0.1935483870967742,0.2857142857142857,0.465109159888563,7.0,3.5,2.0,1.6278820596099706,0.27631578947368424,3.087043569277078,3.8976398215984713,0.14473684210526316,0.13157894736842105,0.18421052631578946,2.7150750765356277,2.499151186213756,0.11842105263157894,1,14.105744116261134,198.97201707343558,21,0.11842105263157894,0.013157894736842105,2.437964678158171,3.0781257212592674,0.02631578947368421,0.19736842105263158,0.13157894736842105,0.039473684210526314,11.172157679288471,124.81710721088436,0.06578947368421052,0.07894736842105263,0.3026315789473684,1.5941085442499723,Meretrix lusoria (Hard clam) (Common Orient clam),coastal_estuarine,moderate,23.2119,biooracle_sampled,biooracle:BO22_tempmean_ss,8.1115,biooracle_sampled,biooracle:BO22_phmean_ss,34.1503,biooracle_sampled,biooracle:BO22_salinitymean_ss,1.5,obis_aggregate,obis:depth_median,,missing,pending_obis,,missing,pending_obis,new_candidate,23.2119,biooracle_sampled,biooracle:sst_mean_c,34.1503,biooracle_sampled,biooracle:salinity_mean_psu,8.1115,biooracle_sampled,biooracle:ph_mean,156.0,biooracle_sampled,biooracle:depth_mean_m,4.8222,biooracle_sampled,biooracle:do_mean_mlL
Q3YAF6,0.016129032258064516,0.0,0.016129032258064516,0.1111111111111111,0.2903225806451613,0.2959664155676246,0.11290322580645161,0.016129032258064516,0.3333333333333333,0.3888888888888889,0.0,0.3425925925925926,0.12037037037037036,0.2037037037037037,0.2777777777777778,0.4350866712766938,6.0,3.176470588235294,1.0,1.3820400146436156,0.2903225806451613,1.9876835772783086,2.578959096114146,0.12903225806451613,0.12903225806451613,0.20967741935483872,2.2908243387500304,2.0600631953851316,0.14516129032258066,2,8.883081331059836,78.90913393422379,18,0.12903225806451613,0.03225806451612903,1.6137274306202014,2.0937623490080113,0.016129032258064516,0.16129032258064516,0.16129032258064516,0.04838709677419355,6.846465655069729,46.87409196604938,0.06451612903225806,0.11290322580645161,0.3225806451612903,1.683427467595046,Anadara inaequivalvis (Inequivalve ark) (Scapharca inaequivalvis),coastal_estuarine,moderate,,missing,pending_biooracle,,missing,pending_biooracle,,missing,pending_biooracle,20.0,obis_aggregate,obis:depth_median,,missing,pending_obis,,missing,pending_obis,new_candidate,22.0,habitat_default,habitat_default:coastal_estuarine,32.0,habitat_default,habitat_default:coastal_estuarine,8.1,habitat_default,habitat_default:coastal_estuarine,20.0,obis_aggregate,obis:depth_median_m,6.5,habitat_default,habitat_default:coastal_estuarine
Q4QY82,0.0,0.0,0.05,0.3333333333333333,0.15,0.18459402567355243,0.1,0.06666666666666667,0.3,0.4,0.0,0.1452991452991453,0.1111111111111111,0.39316239316239315,0.3,0.47412381128746534,6.0,2.8947368421052633,1.0,1.372463664253189,0.3333333333333333,3.061957882267125,3.931611823952302,0.1,0.1,0.05,2.5490416107449354,2.321001823791069,0.1,2,11.794835471856906,139.11814380817393,20,0.05,0.05,2.054023790697177,2.637405389849785,0.03333333333333333,0.31666666666666665,0.1,0.03333333333333333,9.185873646801376,84.38027465500001,0.16666666666666666,0.15,0.31666666666666665,1.648704562493746,Sparus aurata (Gilthead sea bream),coastal_estuarine,moderate,20.0199,biooracle_sampled,biooracle:BO22_tempmean_ss,8.0564,biooracle_sampled,biooracle:BO22_phmean_ss,36.947,biooracle_sampled,biooracle:BO22_salinitymean_ss,26.5,obis_aggregate,obis:depth_median,,missing,pending_obis,,missing,pending_obis,new_candidate,20.0199,biooracle_sampled,biooracle:sst_mean_c,36.947,biooracle_sampled,biooracle:salinity_mean_psu,8.0564,biooracle_sampled,biooracle:ph_mean,43.8889,biooracle_sampled,biooracle:depth_mean_m,5.1841,biooracle_sampled,biooracle:do_mean_mlL
Q4SKC7,0.014492753623188406,0.0,0.043478260869565216,0.2857142857142857,0.2028985507246377,0.18034023263395113,0.08695652173913043,0.057971014492753624,0.2,0.45,0.0,0.225,0.1,0.325,0.35,0.47412381128746534,6.0,2.8947368421052633,1.0,1.372463664253189,0.2898550724637681,2.6773256196118456,3.480150184248436,0.11594202898550725,0.13043478260869565,0.08695652173913043,2.5654506268555854,2.325986471096041,0.11594202898550725,2,12.006518135657105,144.15647774186297,20,0.07246376811594203,0.057971014492753624,2.0654053187570716,2.6847390724413325,0.028985507246376812,0.2318840579710145,0.13043478260869565,0.028985507246376812,9.236773387660866,85.317982615,0.11594202898550725,0.13043478260869565,0.30434782608695654,1.689637674537776,Tetraodon nigroviridis (Spotted green pufferfish) (Chelonodon nigroviridis),coastal_estuarine,moderate,28.554,biooracle_sampled,biooracle:BO22_tempmean_ss,8.065,biooracle_sampled,biooracle:BO22_phmean_ss,33.0645,biooracle_sampled,biooracle:BO22_salinitymean_ss,1.5,obis_aggregate,obis:depth_median,,missing,pending_obis,,missing,pending_obis,new_candidate,28.554,biooracle_sampled,biooracle:sst_mean_c,33.0645,biooracle_sampled,biooracle:salinity_mean_psu,8.065,biooracle_sampled,biooracle:ph_mean,2980.2222,biooracle_sampled,biooracle:depth_mean_m,4.543,biooracle_sampled,biooracle:do_mean_mlL
Q4SKC8,0.0,0.0,0.05,0.3333333333333333,0.15,0.1721315590051559,0.1,0.06666666666666667,0.3,0.4,0.0,0.1452991452991453,0.17094017094017094,0.3333333333333333,0.3,0.47412381128746534,6.0,2.8947368421052633,1.0,1.372463664253189,0.3333333333333333,3.1688889385713725,4.073990064042959,0.1,0.15,0.05,2.581879854494148,2.352009990507557,0.1,2,12.221970192128877,149.3765553772868,20,0.05,0.05,2.125755323937823,2.732915616857633,0.06666666666666667,0.26666666666666666,0.1,0.05,9.506666815714118,90.376713945,0.08333333333333333,0.13333333333333333,0.35,1.6528212728357434,Tetraodon nigroviridis (Spotted green pufferfish) (Chelonodon nigroviridis),coastal_estuarine,moderate,28.554,biooracle_sampled,biooracle:BO22_tempmean_ss,8.065,biooracle_sampled,biooracle:BO22_phmean_ss,33.0645,biooracle_sampled,biooracle:BO22_salinitymean_ss,1.5,obis_aggregate,obis:depth_median,,missing,pending_obis,,missing,pending_obis,new_candidate,28.554,biooracle_sampled,biooracle:sst_mean_c,33.0645,biooracle_sampled,biooracle:salinity_mean_psu,8.065,biooracle_sampled,biooracle:ph_mean,2980.2222,biooracle_sampled,biooracle:depth_mean_m,4.543,biooracle_sampled,biooracle:do_mean_mlL
Q53ZD1,0.0,0.0,0.0,0.17647058823529413,0.22666666666666666,0.14566161792490817,0.12,0.013333333333333334,0.3333333333333333,0.38095238095238093,0.0,0.264,0.152,0.208,0.2857142857142857,0.43025702465669985,6.0,3.4,2.0,1.4628738838327795,0.28,2.9942321143306327,3.7748940244683467,0.16,0.14666666666666667,0.18666666666666668,2.6728902285056675,2.459049048501294,0.13333333333333333,1,13.481764373101237,181.7579706118218,21,0.09333333333333334,0.04,2.333553624521733,2.9419621781569183,0.02666666666666667,0.18666666666666668,0.13333333333333333,0.05333333333333334,10.693686122609401,114.3549228888889,0.08,0.09333333333333334,0.36,1.5894197295592074,Crassostrea virginica (Eastern oyster),coastal_estuarine,moderate,22.0622,biooracle_sampled,biooracle:BO22_tempmean_ss,8.1105,biooracle_sampled,biooracle:BO22_phmean_ss,35.9989,biooracle_sampled,biooracle:BO22_salinitymean_ss,3.0,obis_aggregate,obis:depth_median,,missing,pending_obis,,missing,pending_obis,new_candidate,22.0622,biooracle_sampled,biooracle:sst_mean_c,35.9989,biooracle_sampled,biooracle:salinity_mean_psu,8.1105,biooracle_sampled,biooracle:ph_mean,25.7222,biooracle_sampled,biooracle:depth_mean_m,4.9358,biooracle_sampled,biooracle:do_mean_mlL
Q53ZD2,0.0,0.0,0.0,0.17647058823529413,0.22666666666666666,0.14566161792490817,0.12,0.013333333333333334,0.3333333333333333,0.38095238095238093,0.0,0.264,0.152,0.208,0.2857142857142857,0.43025702465669985,6.0,3.4,2.0,1.4628738838327795,0.28,2.9942321143306327,3.7748940244683467,0.16,0.14666666666666667,0.18666666666666668,2.6728902285056675,2.459049048501294,0.13333333333333333,1,13.481764373101237,181.7579706118218,21,0.09333333333333334,0.04,2.333553624521733,2.9419621781569183,0.02666666666666667,0.18666666666666668,0.13333333333333333,0.05333333333333334,10.693686122609401,114.3549228888889,0.08,0.09333333333333334,0.36,1.5894197295592074,Crassostrea virginica (Eastern oyster),coastal_estuarine,moderate,22.0622,biooracle_sampled,biooracle:BO22_tempmean_ss,8.1105,biooracle_sampled,biooracle:BO22_phmean_ss,35.9989,biooracle_sampled,biooracle:BO22_salinitymean_ss,3.0,obis_aggregate,obis:depth_median,,missing,pending_obis,,missing,pending_obis,new_candidate,22.0622,biooracle_sampled,biooracle:sst_mean_c,35.9989,biooracle_sampled,biooracle:salinity_mean_psu,8.1105,biooracle_sampled,biooracle:ph_mean,25.7222,biooracle_sampled,biooracle:depth_mean_m,4.9358,biooracle_sampled,biooracle:do_mean_mlL
Q548Y2,0.017241379310344827,0.0,0.034482758620689655,0.1,0.3448275862068966,0.19006756074889858,0.08620689655172414,0.05172413793103448,0.3333333333333333,0.3888888888888889,0.0,0.3904761904761905,0.12380952380952381,0.22857142857142856,0.2777777777777778,0.4410517285069121,6.0,3.0588235294117645,1.0,1.3490994048446723,0.3103448275862069,2.65649003614326,3.433565492915409,0.034482758620689655,0.1206896551724138,0.15517241379310345,2.4902018581212517,2.2575669347522482,0.1724137931034483,2,11.06371103272743,122.40570181569464,18,0.15517241379310345,0.034482758620689655,2.0175644978752034,2.607741698776662,0.08620689655172414,0.1896551724137931,0.1896551724137931,0.10344827586206896,8.559801227572727,73.27019705555557,0.10344827586206896,0.1206896551724138,0.25862068965517243,1.6706069689273955,Callinectes sapidus (Blue crab),coastal_estuarine,moderate,28.1307,biooracle_sampled,biooracle:BO22_tempmean_ss,8.0545,biooracle_sampled,biooracle:BO22_phmean_ss,35.7368,biooracle_sampled,biooracle:BO22_salinitymean_ss,1.3,obis_aggregate,obis:depth_median,,missing,pending_obis,,missing,pending_obis,new_candidate,28.1307,biooracle_sampled,biooracle:sst_mean_c,35.7368,biooracle_sampled,biooracle:salinity_mean_psu,8.0545,biooracle_sampled,biooracle:ph_mean,1085.1945,biooracle_sampled,biooracle:depth_mean_m,4.514,biooracle_sampled,biooracle:do_mean_mlL
Q548Y3,0.01694915254237288,0.0,0.03389830508474576,0.38461538461538464,0.22033898305084745,0.23679316399698194,0.0847457627118644,0.05084745762711865,0.2777777777777778,0.4444444444444444,0.0,0.24299065420560748,0.14953271028037382,0.29906542056074764,0.2777777777777778,0.4410517285069121,6.0,3.0588235294117645,1.0,1.3490994048446723,0.3050847457627119,2.3258211656961816,3.0420616633509256,0.0847457627118644,0.15254237288135594,0.0847457627118644,2.395273850668238,2.154493925915099,0.13559322033898305,2,9.971202118761367,99.42487169319118,18,0.06779661016949153,0.0847457627118644,1.7968820586549494,2.350234878252611,0.06779661016949153,0.23728813559322035,0.15254237288135594,0.0847457627118644,7.62352493200415,58.11813238888888,0.0847457627118644,0.0847457627118644,0.288135593220339,1.7107375548117127,Callinectes sapidus (Blue crab),coastal_estuarine,moderate,28.1307,biooracle_sampled,biooracle:BO22_tempmean_ss,8.0545,biooracle_sampled,biooracle:BO22_phmean_ss,35.7368,biooracle_sampled,biooracle:BO22_salinitymean_ss,1.3,obis_aggregate,obis:depth_median,,missing,pending_obis,,missing,pending_obis,new_candidate,28.1307,biooracle_sampled,biooracle:sst_mean_c,35.7368,biooracle_sampled,biooracle:salinity_mean_psu,8.0545,biooracle_sampled,biooracle:ph_mean,1085.1945,biooracle_sampled,biooracle:depth_mean_m,4.514,biooracle_sampled,biooracle:do_mean_mlL
Q58NQ8,0.016129032258064516,0.0,0.04838709677419355,0.0,0.3548387096774194,0.24003055975946153,0.03225806451612903,0.04838709677419355,0.35294117647058826,0.35294117647058826,0.0,0.42424242424242425,0.26262626262626265,0.0707070707070707,0.29411764705882354,0.4948716593053935,7.0,3.5,1.0,1.7320508075688772,0.27419354838709675,2.006552300269016,2.653666630174077,0.06451612903225806,0.22580645161290322,0.11290322580645161,2.368192882724076,2.1184235570645416,0.16129032258064516,2,9.678078298281928,93.66519954767563,17,0.1774193548387097,0.0,1.7748791653798779,2.3472787692243773,0.04838709677419355,0.08064516129032258,0.1774193548387097,0.08064516129032258,7.318014271569353,53.553332878892725,0.016129032258064516,0.03225806451612903,0.3064516129032258,1.749007849044488,Palaemon pugio (Daggerblade grass shrimp) (Palaemonetes pugio),coastal_estuarine,moderate,23.2572,biooracle_sampled,biooracle:BO22_tempmean_ss,8.0815,biooracle_sampled,biooracle:BO22_phmean_ss,34.3808,biooracle_sampled,biooracle:BO22_salinitymean_ss,1.4,obis_aggregate,obis:depth_median,,missing,pending_obis,,missing,pending_obis,new_candidate,23.2572,biooracle_sampled,biooracle:sst_mean_c,34.3808,biooracle_sampled,biooracle:salinity_mean_psu,8.0815,biooracle_sampled,biooracle:ph_mean,1.6389,biooracle_sampled,biooracle:depth_mean_m,4.9539,biooracle_sampled,biooracle:do_mean_mlL
Q5K4A6,0.014492753623188406,0.014492753623188406,0.014492753623188406,0.2727272727272727,0.15942028985507245,0.15630015214128404,0.14492753623188406,0.028985507246376812,0.34782608695652173,0.34782608695652173,0.015037593984962405,0.19548872180451127,0.15789473684210525,0.21804511278195488,0.30434782608695654,0.4494665749754947,6.0,3.0,1.0,1.348399724926484,0.3333333333333333,3.6235880456119203,4.512187183247889,0.17391304347826086,0.13043478260869565,0.14492753623188406,2.67666696200314,2.474078582020143,0.08695652173913043,2,13.536561549743666,183.23849858999864,23,0.057971014492753624,0.043478260869565216,2.2667110143449714,2.822568199892329,0.0,0.2028985507246377,0.10144927536231885,0.014492753623188406,10.870764136835762,118.17351291871456,0.07246376811594203,0.08695652173913043,0.30434782608695654,1.5505885715358136,Bathymodiolus azoricus (Mussel),coastal_estuarine,moderate,20.0374,biooracle_sampled,biooracle:BO22_tempmean_ss,8.0688,biooracle_sampled,biooracle:BO22_phmean_ss,36.3299,biooracle_sampled,biooracle:BO22_salinitymean_ss,1686.0,obis_aggregate,obis:depth_median,,missing,pending_obis,,missing,pending_obis,new_candidate,20.0374,biooracle_sampled,biooracle:sst_mean_c,36.3299,biooracle_sampled,biooracle:salinity_mean_psu,8.0688,biooracle_sampled,biooracle:ph_mean,1802.5278,biooracle_sampled,biooracle:depth_mean_m,5.2092,biooracle_sampled,biooracle:do_mean_mlL
Q697L7,0.0273972602739726,0.0,0.0,0.16666666666666666,0.1643835616438356,0.16835881774968894,0.1232876712328767,0.0136986301369863,0.3333333333333333,0.38095238095238093,0.0,0.1935483870967742,0.25,0.20161290322580644,0.2857142857142857,0.41443114557954686,6.0,3.35,2.0,1.388344337691482,0.2876712328767123,2.8729506608569735,3.5929248120207835,0.1506849315068493,0.2191780821917808,0.1095890410958904,2.6019257650807766,2.3967058134753096,0.0684931506849315,1,12.489691013215106,155.9923816055862,21,0.0684931506849315,0.0273972602739726,2.1793254253997403,2.7254740226032346,0.0136986301369863,0.1780821917808219,0.0958904109589041,0.0547945205479452,9.986923725836146,99.73864550566893,0.0958904109589041,0.1095890410958904,0.3972602739726027,1.5640114302205947,Mytilus galloprovincialis (Mediterranean mussel),coastal_estuarine,moderate,,missing,pending_biooracle,,missing,pending_biooracle,,missing,pending_biooracle,14.5,obis_aggregate,obis:depth_median,,missing,pending_obis,,missing,pending_obis,new_candidate,22.0,habitat_default,habitat_default:coastal_estuarine,32.0,habitat_default,habitat_default:coastal_estuarine,8.1,habitat_default,habitat_default:coastal_estuarine,14.5,obis_aggregate,obis:depth_median_m,6.5,habitat_default,habitat_default:coastal_estuarine
Q697L8,0.013888888888888888,0.0,0.013888888888888888,0.1111111111111111,0.125,0.18071785262581627,0.1388888888888889,0.027777777777777776,0.34782608695652173,0.34782608695652173,0.0,0.16176470588235295,0.16911764705882354,0.25,0.30434782608695654,0.4494665749754947,6.0,3.0,1.0,1.348399724926484,0.3194444444444444,3.209827037088555,4.046092683053645,0.16666666666666666,0.16666666666666666,0.08333333333333333,2.6149131380722066,2.402263373563878,0.05555555555555555,2,12.666029268689671,160.42829743530342,23,0.05555555555555555,0.013888888888888888,2.095184986006153,2.6410496713905864,0.013888888888888888,0.2222222222222222,0.06944444444444445,0.027777777777777776,10.048154203059825,100.96540288846883,0.06944444444444445,0.08333333333333333,0.3333333333333333,1.5889432701270958,Mytilus galloprovincialis (Mediterranean mussel),coastal_estuarine,moderate,,missing,pending_biooracle,,missing,pending_biooracle,,missing,pending_biooracle,14.5,obis_aggregate,obis:depth_median,,missing,pending_obis,,missing,pending_obis,new_candidate,22.0,habitat_default,habitat_default:coastal_estuarine,32.0,habitat_default,habitat_default:coastal_estuarine,8.1,habitat_default,habitat_default:coastal_estuarine,14.5,obis_aggregate,obis:depth_median_m,6.5,habitat_default,habitat_default:coastal_estuarine
Q6J1T3,0.04411764705882353,0.0,0.04411764705882353,0.2857142857142857,0.20588235294117646,0.1975283928831498,0.10294117647058823,0.058823529411764705,0.35,0.35,0.0,0.19658119658119658,0.1623931623931624,0.3076923076923077,0.3,0.6355225321645873,8.0,3.1578947368421053,1.0,2.006913259467118,0.29411764705882354,2.5896186733320214,3.3822586276239175,0.07352941176470588,0.16176470588235295,0.029411764705882353,2.52570299069291,2.282862218429077,0.08823529411764706,2,11.49967933392132,132.24262478301708,20,0.07352941176470588,0.058823529411764705,1.9687915523868953,2.571406471009757,0.04411764705882353,0.2647058823529412,0.1323529411764706,0.04411764705882353,8.804703489328872,77.52280353500002,0.14705882352941177,0.14705882352941177,0.3235294117647059,1.7058545196099897,Scyliorhinus torazame (Cloudy catshark) (Catulus torazame),open_ocean,low,19.0534,biooracle_sampled,biooracle:BO22_tempmean_ss,8.1232,biooracle_sampled,biooracle:BO22_phmean_ss,33.6,biooracle_sampled,biooracle:BO22_salinitymean_ss,238,obis_aggregate,obis:depth_median,,missing,pending_obis,,missing,pending_obis,new_candidate,19.0534,biooracle_sampled,biooracle:sst_mean_c,33.6,biooracle_sampled,biooracle:salinity_mean_psu,8.1232,biooracle_sampled,biooracle:ph_mean,131.2778,biooracle_sampled,biooracle:depth_mean_m,5.2132,biooracle_sampled,biooracle:do_mean_mlL
Q6Q0Z1,0.012987012987012988,0.0,0.0,0.09090909090909091,0.2857142857142857,0.14791681881164187,0.1038961038961039,0.012987012987012988,0.2857142857142857,0.38095238095238093,0.0,0.344,0.184,0.224,0.3333333333333333,0.3989782869648269,6.0,3.5,2.0,1.396424004376894,0.2727272727272727,2.914563560035752,3.6231419133236598,0.09090909090909091,0.16883116883116883,0.18181818181818182,2.6591997928712137,2.4584542713676942,0.14285714285714285,1,13.284853682186753,176.48733735711093,21,0.12987012987012986,0.025974025974025976,2.3320363404422517,2.8989927426206483,0.05194805194805195,0.18181818181818182,0.15584415584415584,0.09090909090909091,10.686733053464424,114.20626335600906,0.06493506493506493,0.07792207792207792,0.2987012987012987,1.5453385144644514,Tegillarca granosa (Malaysian cockle) (Anadara granosa),coastal_estuarine,moderate,28.4114,biooracle_sampled,biooracle:BO22_tempmean_ss,8.0684,biooracle_sampled,biooracle:BO22_phmean_ss,34.0447,biooracle_sampled,biooracle:BO22_salinitymean_ss,16.5,obis_aggregate,obis:depth_median,,missing,pending_obis,,missing,pending_obis,new_candidate,28.4114,biooracle_sampled,biooracle:sst_mean_c,34.0447,biooracle_sampled,biooracle:salinity_mean_psu,8.0684,biooracle_sampled,biooracle:ph_mean,42.0556,biooracle_sampled,biooracle:depth_mean_m,4.4899,biooracle_sampled,biooracle:do_mean_mlL
Q6VQN8,0.0,0.016129032258064516,0.0,0.16666666666666666,0.1935483870967742,0.23048984601199038,0.12903225806451613,0.03225806451612903,0.3888888888888889,0.3333333333333333,0.0,0.22429906542056074,0.11214953271028037,0.40186915887850466,0.2777777777777778,0.37924058947626,5.0,3.1176470588235294,2.0,1.1823383083671635,0.2903225806451613,2.249843965742359,2.9257009935051452,0.04838709677419355,0.14516129032258066,0.0967741935483871,2.4049083087093983,2.1689922754736957,0.08064516129032258,1,10.077414533184388,101.55428367363592,18,0.11290322580645161,-0.03225806451612903,1.8265658395714723,2.3752693844141826,0.0,0.3225806451612903,0.08064516129032258,0.016129032258064516,7.749462548668125,60.054169793209866,0.08064516129032258,0.0967741935483871,0.24193548387096775,1.691044668893555,Crassostrea virginica (Eastern oyster),coastal_estuarine,moderate,22.0622,biooracle_sampled,biooracle:BO22_tempmean_ss,8.1105,biooracle_sampled,biooracle:BO22_phmean_ss,35.9989,biooracle_sampled,biooracle:BO22_salinitymean_ss,3.0,obis_aggregate,obis:depth_median,,missing,pending_obis,,missing,pending_obis,new_candidate,22.0622,biooracle_sampled,biooracle:sst_mean_c,35.9989,biooracle_sampled,biooracle:salinity_mean_psu,8.1105,biooracle_sampled,biooracle:ph_mean,25.7222,biooracle_sampled,biooracle:depth_mean_m,4.9358,biooracle_sampled,biooracle:do_mean_mlL
Q6VQN9,0.0,0.016129032258064516,0.0,0.3333333333333333,0.1935483870967742,0.19373500040336028,0.12903225806451613,0.03225806451612903,0.3888888888888889,0.3333333333333333,0.0,0.22429906542056074,0.11214953271028037,0.40186915887850466,0.2777777777777778,0.37924058947626,5.0,3.1176470588235294,2.0,1.1823383083671635,0.2903225806451613,2.470351950031399,3.1700580633524824,0.04838709677419355,0.14516129032258066,0.0967741935483871,2.4781412228836865,2.252237672191017,0.06451612903225806,1,10.919088884880772,119.22650207592682,18,0.12903225806451613,-0.06451612903225806,2.0055881884934452,2.5736539316259504,0.0,0.3225806451612903,0.06451612903225806,0.016129032258064516,8.508990050108151,72.40291167283952,0.06451612903225806,0.08064516129032258,0.22580645161290322,1.6467086657324617,Crassostrea virginica (Eastern oyster),coastal_estuarine,moderate,22.0622,biooracle_sampled,biooracle:BO22_tempmean_ss,8.1105,biooracle_sampled,biooracle:BO22_phmean_ss,35.9989,biooracle_sampled,biooracle:BO22_salinitymean_ss,3.0,obis_aggregate,obis:depth_median,,missing,pending_obis,,missing,pending_obis,new_candidate,22.0622,biooracle_sampled,biooracle:sst_mean_c,35.9989,biooracle_sampled,biooracle:salinity_mean_psu,8.1105,biooracle_sampled,biooracle:ph_mean,25.7222,biooracle_sampled,biooracle:depth_mean_m,4.9358,biooracle_sampled,biooracle:do_mean_mlL
Q6VQP5,0.010638297872340425,0.0,0.0,0.1,0.2127659574468085,0.08362843448048857,0.10638297872340426,0.02127659574468085,0.4,0.24,0.0,0.2348993288590604,0.20134228187919462,0.2214765100671141,0.36,0.556374083231308,11.0,3.625,2.0,2.0168560517134915,0.26595744680851063,4.198181685176023,5.036735238117295,0.1276595744680851,0.20212765957446807,0.1595744680851064,2.99263370270385,2.820495349554374,0.10638297872340426,1,18.93812449532103,358.65255940027845,25,0.09574468085106383,0.02127659574468085,3.157032627252369,3.7876248990642063,0.0425531914893617,0.19148936170212766,0.11702127659574468,0.06382978723404255,15.785163136261847,249.17137523839995,0.05319148936170213,0.06382978723404255,0.3191489361702128,1.439381064767693,Crassostrea virginica (Eastern oyster),coastal_estuarine,moderate,22.0622,biooracle_sampled,biooracle:BO22_tempmean_ss,8.1105,biooracle_sampled,biooracle:BO22_phmean_ss,35.9989,biooracle_sampled,biooracle:BO22_salinitymean_ss,3.0,obis_aggregate,obis:depth_median,,missing,pending_obis,,missing,pending_obis,new_candidate,22.0622,biooracle_sampled,biooracle:sst_mean_c,35.9989,biooracle_sampled,biooracle:salinity_mean_psu,8.1105,biooracle_sampled,biooracle:ph_mean,25.7222,biooracle_sampled,biooracle:depth_mean_m,4.9358,biooracle_sampled,biooracle:do_mean_mlL
Q6VQP6,0.0,0.0,0.0,0.1111111111111111,0.20930232558139536,0.5235212615997551,0.11627906976744186,0.023255813953488372,0.4166666666666667,0.25,0.0,0.22535211267605634,0.2112676056338028,0.19718309859154928,0.3333333333333333,0.4138795673819816,6.0,3.272727272727273,2.0,1.3545149477955762,0.27906976744186046,1.1314138543862904,1.5777965797570577,0.13953488372093023,0.20930232558139536,0.16279069767441862,1.8951837732567602,1.6202261056909364,0.11627906976744186,1,5.65377107746279,31.965127396354756,12,0.09302325581395349,0.023255813953488372,1.1703562506656777,1.6321031267548312,0.046511627906976744,0.16279069767441862,0.11627906976744186,0.06976744186046512,4.054232978217541,16.43680504166667,0.046511627906976744,0.06976744186046512,0.32558139534883723,1.9447287544826615,Crassostrea virginica (Eastern oyster),coastal_estuarine,moderate,22.0622,biooracle_sampled,biooracle:BO22_tempmean_ss,8.1105,biooracle_sampled,biooracle:BO22_phmean_ss,35.9989,biooracle_sampled,biooracle:BO22_salinitymean_ss,3.0,obis_aggregate,obis:depth_median,,missing,pending_obis,,missing,pending_obis,new_candidate,22.0622,biooracle_sampled,biooracle:sst_mean_c,35.9989,biooracle_sampled,biooracle:salinity_mean_psu,8.1105,biooracle_sampled,biooracle:ph_mean,25.7222,biooracle_sampled,biooracle:depth_mean_m,4.9358,biooracle_sampled,biooracle:do_mean_mlL
Q6VQP7,0.0,0.0,0.0,0.1111111111111111,0.20930232558139536,0.6292979884289036,0.11627906976744186,0.023255813953488372,0.4166666666666667,0.25,0.0,0.22535211267605634,0.2112676056338028,0.19718309859154928,0.3333333333333333,0.4138795673819816,6.0,3.272727272727273,2.0,1.3545149477955762,0.27906976744186046,1.0302876039155495,1.4414248630344921,0.13953488372093023,0.20930232558139536,0.16279069767441862,1.818905291247257,1.54582992654084,0.09302325581395349,1,5.16510575920693,26.678317503792595,12,0.11627906976744186,-0.023255813953488372,1.0657493122885506,1.4910376002355037,0.046511627906976744,0.16279069767441862,0.09302325581395349,0.06976744186046512,3.6918639140307192,13.629859159722221,0.046511627906976744,0.06976744186046512,0.3488372093023256,1.9573435932947894,Crassostrea virginica (Eastern oyster),coastal_estuarine,moderate,22.0622,biooracle_sampled,biooracle:BO22_tempmean_ss,8.1105,biooracle_sampled,biooracle:BO22_phmean_ss,35.9989,biooracle_sampled,biooracle:BO22_salinitymean_ss,3.0,obis_aggregate,obis:depth_median,,missing,pending_obis,,missing,pending_obis,new_candidate,22.0622,biooracle_sampled,biooracle:sst_mean_c,35.9989,biooracle_sampled,biooracle:salinity_mean_psu,8.1105,biooracle_sampled,biooracle:ph_mean,25.7222,biooracle_sampled,biooracle:depth_mean_m,4.9358,biooracle_sampled,biooracle:do_mean_mlL
Q6VQP8,0.0,0.0,0.0,0.4666666666666667,0.2,0.18423858803742318,0.12,0.013333333333333334,0.3333333333333333,0.38095238095238093,0.0,0.24,0.144,0.24,0.2857142857142857,0.43025702465669985,6.0,3.4,2.0,1.4628738838327795,0.28,2.645507868234168,3.377891559061577,0.16,0.14666666666666667,0.18666666666666668,2.56985258047106,2.346433771590262,0.14666666666666667,1,12.063898425219916,145.53764521402357,21,0.05333333333333334,0.09333333333333334,2.061775520031349,2.6325584623728013,0.02666666666666667,0.21333333333333335,0.14666666666666667,0.05333333333333334,9.448242386550598,89.26928419501134,0.08,0.08,0.3466666666666667,1.6303216333189403,Crassostrea virginica (Eastern oyster),coastal_estuarine,moderate,22.0622,biooracle_sampled,biooracle:BO22_tempmean_ss,8.1105,biooracle_sampled,biooracle:BO22_phmean_ss,35.9989,biooracle_sampled,biooracle:BO22_salinitymean_ss,3.0,obis_aggregate,obis:depth_median,,missing,pending_obis,,missing,pending_obis,new_candidate,22.0622,biooracle_sampled,biooracle:sst_mean_c,35.9989,biooracle_sampled,biooracle:salinity_mean_psu,8.1105,biooracle_sampled,biooracle:ph_mean,25.7222,biooracle_sampled,biooracle:depth_mean_m,4.9358,biooracle_sampled,biooracle:do_mean_mlL
Q70WH3,0.028169014084507043,0.0,0.0,0.14285714285714285,0.19718309859154928,0.21307721218046932,0.1267605633802817,0.014084507042253521,0.3333333333333333,0.3333333333333333,0.0,0.22950819672131148,0.22131147540983606,0.1885245901639344,0.3333333333333333,0.42008402520840293,6.0,3.4,2.0,1.42828568570857,0.29577464788732394,2.5981738523032485,3.318455307367413,0.15492957746478872,0.16901408450704225,0.11267605633802817,2.503036258477175,2.280779271995857,0.08450704225352113,1,11.21953937252792,125.8780637317042,21,0.08450704225352113,0.028169014084507043,1.9168918653634022,2.448304211292693,0.014084507042253521,0.18309859154929578,0.11267605633802817,0.04225352112676056,8.784302072072888,77.16396289342404,0.09859154929577464,0.09859154929577464,0.352112676056338,1.6313063638989387,Bathymodiolus sp. FD-2002,coastal_estuarine,moderate,,missing,pending_biooracle,,missing,pending_biooracle,,missing,pending_biooracle,,missing,pending_obis,,missing,pending_obis,,missing,pending_obis,new_candidate,22.0,habitat_default,habitat_default:coastal_estuarine,32.0,habitat_default,habitat_default:coastal_estuarine,8.1,habitat_default,habitat_default:coastal_estuarine,30.0,habitat_default,habitat_default:coastal_estuarine,6.5,habitat_default,habitat_default:coastal_estuarine
Q7YW25,0.0,0.0,0.05084745762711865,0.2,0.2542372881355932,0.19614317069929754,0.0847457627118644,0.05084745762711865,0.3157894736842105,0.42105263157894735,0.0,0.27927927927927926,0.1891891891891892,0.25225225225225223,0.2631578947368421,0.49955480358014065,6.0,2.9444444444444446,1.0,1.470911366097081,0.3220338983050847,2.792960039911898,3.5968213378501326,0.05084745762711865,0.1694915254237288,0.13559322033898305,2.498898044299064,2.2693256709790437,0.15254237288135594,3,11.169076785955676,124.74827625057398,19,0.1016949152542373,0.05084745762711865,1.9896941924434186,2.5623619475066763,0.06779661016949153,0.2033898305084746,0.15254237288135594,0.0847457627118644,8.672875913410632,75.2187766094183,0.05084745762711865,0.0847457627118644,0.2711864406779661,1.658472549990317,Panulirus argus (Caribbean spiny lobster) (Palinurus argus),coastal_estuarine,moderate,27.8437,biooracle_sampled,biooracle:BO22_tempmean_ss,8.0508,biooracle_sampled,biooracle:BO22_phmean_ss,35.4313,biooracle_sampled,biooracle:BO22_salinitymean_ss,17.5,obis_aggregate,obis:depth_median,,missing,pending_obis,,missing,pending_obis,new_candidate,27.8437,biooracle_sampled,biooracle:sst_mean_c,35.4313,biooracle_sampled,biooracle:salinity_mean_psu,8.0508,biooracle_sampled,biooracle:ph_mean,3361.0833,biooracle_sampled,biooracle:depth_mean_m,4.5371,biooracle_sampled,biooracle:do_mean_mlL
Q7YZP1,0.0,0.0,0.0,0.047619047619047616,0.3,0.056228289144180904,0.08571428571428572,0.04285714285714286,0.3888888888888889,0.3333333333333333,0.0,0.3018867924528302,0.12264150943396226,0.22641509433962265,0.2777777777777778,0.49723773403616733,9.0,3.588235294117647,2.0,1.7842059868356592,0.2571428571428571,4.234559719614259,4.998714165067552,0.12857142857142856,0.12857142857142856,0.15714285714285714,3.0174665621897043,2.860355307073519,0.14285714285714285,1,19.439443975262705,377.89198206737746,18,0.15714285714285714,-0.014285714285714285,3.8814817132500994,4.581920885801412,0.014285714285714285,0.18571428571428572,0.14285714285714285,0.014285714285714285,16.46773224294434,271.18620522530864,0.04285714285714286,0.08571428571428572,0.3142857142857143,1.3934778937350998,Megathura crenulata (Giant keyhole limpet),coastal_estuarine,moderate,,missing,pending_biooracle,,missing,pending_biooracle,,missing,pending_biooracle,9.1,obis_aggregate,obis:depth_median,,missing,pending_obis,,missing,pending_obis,new_candidate,22.0,habitat_default,habitat_default:coastal_estuarine,32.0,habitat_default,habitat_default:coastal_estuarine,8.1,habitat_default,habitat_default:coastal_estuarine,9.1,obis_aggregate,obis:depth_median_m,6.5,habitat_default,habitat_default:coastal_estuarine
Q86M28,0.034482758620689655,0.0,0.05172413793103448,0.2222222222222222,0.3103448275862069,0.1890394388273562,0.06896551724137931,0.05172413793103448,0.3333333333333333,0.3888888888888889,0.0,0.3619047619047619,0.13333333333333333,0.20952380952380953,0.2777777777777778,0.5073425368566508,6.0,3.0588235294117645,1.0,1.5518712892085786,0.3103448275862069,2.6528376724013425,3.4569924618452696,0.06896551724137931,0.13793103448275862,0.15517241379310345,2.4964397152949283,2.256335112320799,0.15517241379310345,2,11.139197932612536,124.08173058191939,18,0.1206896551724138,0.06896551724137931,2.0147905821748764,2.625534131709832,0.05172413793103448,0.1724137931034483,0.1896551724137931,0.08620689655172414,8.54803249995988,73.06885962037036,0.05172413793103448,0.06896551724137931,0.2413793103448276,1.6981479008511513,Carcinus maenas (Common shore crab) (Green crab),coastal_estuarine,moderate,,missing,pending_biooracle,,missing,pending_biooracle,,missing,pending_biooracle,4.7,obis_aggregate,obis:depth_median,,missing,pending_obis,,missing,pending_obis,new_candidate,22.0,habitat_default,habitat_default:coastal_estuarine,32.0,habitat_default,habitat_default:coastal_estuarine,8.1,habitat_default,habitat_default:coastal_estuarine,4.7,obis_aggregate,obis:depth_median_m,6.5,habitat_default,habitat_default:coastal_estuarine
Q8JHC5,0.0,0.0,0.03508771929824561,0.3333333333333333,0.15789473684210525,0.1691555640793189,0.10526315789473684,0.07017543859649122,0.2631578947368421,0.42105263157894735,0.0,0.15454545454545454,0.10909090909090909,0.38181818181818183,0.3157894736842105,0.4444444444444444,6.0,3.0,1.0,1.3333333333333333,0.3333333333333333,3.1153116972078783,4.006113948246092,0.10526315789473684,0.08771929824561403,0.05263157894736842,2.5663592741953667,2.336593697796288,0.10526315789473684,2,12.018341844738279,144.44054069698709,19,0.05263157894736842,0.05263157894736842,2.144104557751472,2.7571967142179132,0.03508771929824561,0.3157894736842105,0.10526315789473684,0.03508771929824561,9.345935091623636,87.3465027368421,0.17543859649122806,0.15789473684210525,0.3333333333333333,1.6536499593138625,Gobius niger (Black goby),coastal_estuarine,moderate,,missing,pending_biooracle,,missing,pending_biooracle,,missing,pending_biooracle,10.5,obis_aggregate,obis:depth_median,,missing,pending_obis,,missing,pending_obis,new_candidate,22.0,habitat_default,habitat_default:coastal_estuarine,32.0,habitat_default,habitat_default:coastal_estuarine,8.1,habitat_default,habitat_default:coastal_estuarine,10.5,obis_aggregate,obis:depth_median_m,6.5,habitat_default,habitat_default:coastal_estuarine
Q8MUZ6,0.0,0.016129032258064516,0.0,0.16666666666666666,0.1935483870967742,0.2061870293587673,0.12903225806451613,0.03225806451612903,0.3888888888888889,0.3333333333333333,0.0,0.22429906542056074,0.11214953271028037,0.40186915887850466,0.2777777777777778,0.37924058947626,5.0,3.1176470588235294,2.0,1.1823383083671635,0.2903225806451613,2.3856411436955973,3.084378580890174,0.04838709677419355,0.14516129032258066,0.0967741935483871,2.4530694028228326,2.2210722133965537,0.08064516129032258,1,10.623970667510598,112.86875274412557,18,0.11290322580645161,-0.03225806451612903,1.9368145902121636,2.5040939007079053,0.0,0.3225806451612903,0.08064516129032258,0.016129032258064516,8.21720838384039,67.52251362345679,0.06451612903225806,0.08064516129032258,0.22580645161290322,1.67157214219756,Crassostrea virginica (Eastern oyster),coastal_estuarine,moderate,22.0622,biooracle_sampled,biooracle:BO22_tempmean_ss,8.1105,biooracle_sampled,biooracle:BO22_phmean_ss,35.9989,biooracle_sampled,biooracle:BO22_salinitymean_ss,3.0,obis_aggregate,obis:depth_median,,missing,pending_obis,,missing,pending_obis,new_candidate,22.0622,biooracle_sampled,biooracle:sst_mean_c,35.9989,biooracle_sampled,biooracle:salinity_mean_psu,8.1105,biooracle_sampled,biooracle:ph_mean,25.7222,biooracle_sampled,biooracle:depth_mean_m,4.9358,biooracle_sampled,biooracle:do_mean_mlL
Q95P38,0.017241379310344827,0.0,0.034482758620689655,0.29411764705882354,0.29310344827586204,0.17547278882842918,0.08620689655172414,0.05172413793103448,0.3333333333333333,0.3888888888888889,0.0,0.34285714285714286,0.18095238095238095,0.1619047619047619,0.2777777777777778,0.4410517285069121,6.0,3.0588235294117645,1.0,1.3490994048446723,0.3103448275862069,2.77766364165698,3.556903604661571,0.08620689655172414,0.1724137931034483,0.1724137931034483,2.5226145073928072,2.297597627439589,0.1724137931034483,2,11.46113383724284,131.35758883519281,18,0.10344827586206896,0.08620689655172414,2.1095940410836356,2.70141515213367,0.08620689655172414,0.13793103448275862,0.1896551724137931,0.10344827586206896,8.950249512005824,80.10696632716049,0.034482758620689655,0.06896551724137931,0.3103448275862069,1.6397773484358709,Homarus americanus (American lobster),coastal_estuarine,moderate,,missing,pending_biooracle,,missing,pending_biooracle,,missing,pending_biooracle,14.6,obis_aggregate,obis:depth_median,,missing,pending_obis,,missing,pending_obis,new_candidate,22.0,habitat_default,habitat_default:coastal_estuarine,32.0,habitat_default,habitat_default:coastal_estuarine,8.1,habitat_default,habitat_default:coastal_estuarine,14.6,obis_aggregate,obis:depth_median_m,6.5,habitat_default,habitat_default:coastal_estuarine
Q95P49,0.03076923076923077,0.0,0.0,0.2727272727272727,0.16923076923076924,0.32683924904658257,0.1076923076923077,0.015384615384615385,0.3333333333333333,0.4444444444444444,0.0,0.19811320754716982,0.08490566037735849,0.3018867924528302,0.2222222222222222,0.3863090652282846,6.0,3.2941176470588234,2.0,1.2725475089872904,0.27692307692307694,1.793131458960114,2.3552904334434195,0.18461538461538463,0.07692307692307693,0.1076923076923077,2.251840643132331,2.0115904647669947,0.07692307692307693,1,8.505215454101236,72.3386899206825,18,0.06153846153846154,0.046153846153846156,1.52621855411714,2.0046985076825354,0.015384615384615385,0.27692307692307694,0.1076923076923077,0.015384615384615385,6.475196935133744,41.928175348765436,0.09230769230769231,0.15384615384615385,0.4,1.7253002144490528,Helix pomatia (Roman snail) (Edible snail),coastal_estuarine,moderate,,missing,pending_biooracle,,missing,pending_biooracle,,missing,pending_biooracle,,missing,pending_obis,,missing,pending_obis,,missing,pending_obis,new_candidate,22.0,habitat_default,habitat_default:coastal_estuarine,32.0,habitat_default,habitat_default:coastal_estuarine,8.1,habitat_default,habitat_default:coastal_estuarine,30.0,habitat_default,habitat_default:coastal_estuarine,6.5,habitat_default,habitat_default:coastal_estuarine
Q95P50,0.014925373134328358,0.0,0.0,0.25,0.23880597014925373,0.3210335567125084,0.1044776119402985,0.014925373134328358,0.3888888888888889,0.3888888888888889,0.0,0.2358490566037736,0.10377358490566038,0.3113207547169811,0.2222222222222222,0.3863090652282846,6.0,3.2941176470588234,2.0,1.2725475089872904,0.26865671641791045,1.7591770122142236,2.3004242563005954,0.14925373134328357,0.08955223880597014,0.11940298507462686,2.257869098284454,2.021288956008573,0.13432835820895522,1,8.562690287341105,73.3196649569257,18,0.08955223880597014,0.05970149253731343,1.5433896600214672,2.0182454557930276,0.014925373134328358,0.2537313432835821,0.14925373134328357,0.029850746268656716,6.548047767686277,42.87692956790123,0.05970149253731343,0.13432835820895522,0.3582089552238806,1.7100026913264488,Helix pomatia (Roman snail) (Edible snail),coastal_estuarine,moderate,,missing,pending_biooracle,,missing,pending_biooracle,,missing,pending_biooracle,,missing,pending_obis,,missing,pending_obis,,missing,pending_obis,new_candidate,22.0,habitat_default,habitat_default:coastal_estuarine,32.0,habitat_default,habitat_default:coastal_estuarine,8.1,habitat_default,habitat_default:coastal_estuarine,30.0,habitat_default,habitat_default:coastal_estuarine,6.5,habitat_default,habitat_default:coastal_estuarine
Q95U91,0.034482758620689655,0.0,0.034482758620689655,0.1111111111111111,0.3103448275862069,0.1417616215362948,0.08620689655172414,0.05172413793103448,0.3333333333333333,0.3888888888888889,0.0,0.3333333333333333,0.17142857142857143,0.20952380952380953,0.2777777777777778,0.4410517285069121,6.0,3.0588235294117645,1.0,1.3490994048446723,0.3103448275862069,3.0864593381151626,3.9622538505031057,0.05172413793103448,0.15517241379310345,0.1206896551724138,2.6222934844916352,2.392906290976864,0.13793103448275862,2,12.767262407176673,163.0029893737067,18,0.13793103448275862,0.034482758620689655,2.3441197595294616,3.009272608434237,0.08620689655172414,0.1724137931034483,0.1724137931034483,0.10344827586206896,9.945257867259969,98.9081540462963,0.08620689655172414,0.08620689655172414,0.25862068965517243,1.6480237746365105,Scylla serrata (Mud crab),coastal_estuarine,moderate,,missing,pending_biooracle,,missing,pending_biooracle,,missing,pending_biooracle,3.6,obis_aggregate,obis:depth_median,,missing,pending_obis,,missing,pending_obis,new_candidate,22.0,habitat_default,habitat_default:coastal_estuarine,32.0,habitat_default,habitat_default:coastal_estuarine,8.1,habitat_default,habitat_default:coastal_estuarine,3.6,obis_aggregate,obis:depth_median_m,6.5,habitat_default,habitat_default:coastal_estuarine
Q95U92,0.017241379310344827,0.0,0.05172413793103448,0.1111111111111111,0.3103448275862069,0.2518000683491915,0.08620689655172414,0.06896551724137931,0.3684210526315789,0.3684210526315789,0.0,0.34234234234234234,0.13513513513513514,0.1981981981981982,0.2631578947368421,0.4741856925360752,6.0,2.888888888888889,1.0,1.3698697784375504,0.3275862068965517,2.4707829564643706,3.277286244642409,0.06896551724137931,0.13793103448275862,0.15517241379310345,2.3982904205031637,2.145040837219291,0.15517241379310345,2,10.00434748364525,100.08696857351903,19,0.13793103448275862,0.034482758620689655,1.730342954797089,2.2951547198565825,0.08620689655172414,0.15517241379310345,0.1724137931034483,0.10344827586206896,7.542390077628079,56.887648083102505,0.08620689655172414,0.10344827586206896,0.29310344827586204,1.7593796183542374,Eriocheir sinensis (Chinese mitten crab),coastal_estuarine,moderate,,missing,pending_biooracle,,missing,pending_biooracle,,missing,pending_biooracle,0,obis_aggregate,obis:depth_median,,missing,pending_obis,,missing,pending_obis,new_candidate,22.0,habitat_default,habitat_default:coastal_estuarine,32.0,habitat_default,habitat_default:coastal_estuarine,8.1,habitat_default,habitat_default:coastal_estuarine,0,obis_aggregate,obis:depth_median_m,6.5,habitat_default,habitat_default:coastal_estuarine
Q95U93,0.017241379310344827,0.0,0.05172413793103448,0.1111111111111111,0.3103448275862069,0.23784804211532884,0.08620689655172414,0.06896551724137931,0.3684210526315789,0.3684210526315789,0.0,0.34234234234234234,0.16216216216216217,0.17117117117117117,0.2631578947368421,0.4741856925360752,6.0,2.888888888888889,1.0,1.3698697784375504,0.3275862068965517,2.555726885253883,3.3542142011138023,0.06896551724137931,0.15517241379310345,0.15517241379310345,2.4194059052284715,2.1749440435675833,0.15517241379310345,2,10.239180192873713,104.84081102213736,19,0.13793103448275862,0.034482758620689655,1.789831032594115,2.3490290381810426,0.08620689655172414,0.13793103448275862,0.1724137931034483,0.10344827586206896,7.801692597090801,60.8664073795014,0.08620689655172414,0.10344827586206896,0.29310344827586204,1.7224741123368104,Portunus pelagicus (Blue swimmer crab),coastal_estuarine,moderate,,missing,pending_biooracle,,missing,pending_biooracle,,missing,pending_biooracle,21,obis_aggregate,obis:depth_median,,missing,pending_obis,,missing,pending_obis,new_candidate,22.0,habitat_default,habitat_default:coastal_estuarine,32.0,habitat_default,habitat_default:coastal_estuarine,8.1,habitat_default,habitat_default:coastal_estuarine,21,obis_aggregate,obis:depth_median_m,6.5,habitat_default,habitat_default:coastal_estuarine
Q962G0,0.02,0.02,0.0,0.2,0.2,0.12391311607828505,0.1,0.02,0.37037037037037035,0.3333333333333333,0.00625,0.25,0.11875,0.325,0.2962962962962963,0.38618104882183923,6.0,3.4615384615384617,2.0,1.336780553614059,0.27,3.571688347966547,4.447341274379362,0.13,0.13,0.13,2.8605786715477857,2.655245263904751,0.1,1,16.47163434955319,271.3147381453806,27,0.08,0.04,2.5458212705678216,3.169967508569207,0.02,0.26,0.12,0.03,13.228475362839063,174.99256042524007,0.08,0.11,0.33,1.550435844164307,Littorina littorea (Common periwinkle),coastal_estuarine,moderate,,missing,pending_biooracle,,missing,pending_biooracle,,missing,pending_biooracle,1.4,obis_aggregate,obis:depth_median,,missing,pending_obis,,missing,pending_obis,new_candidate,22.0,habitat_default,habitat_default:coastal_estuarine,32.0,habitat_default,habitat_default:coastal_estuarine,8.1,habitat_default,habitat_default:coastal_estuarine,1.4,obis_aggregate,obis:depth_median_m,6.5,habitat_default,habitat_default:coastal_estuarine
Q966Z5,0.0,0.0,0.06060606060606061,0.0,0.18181818181818182,0.1593852357601145,0.09090909090909091,0.030303030303030304,0.35,0.35,0.0,0.19827586206896552,0.13793103448275862,0.25862068965517243,0.3,0.5835713800003866,7.0,3.1578947368421053,1.0,1.842856989474905,0.30303030303030304,2.9874069096538505,3.8570888713717184,0.15151515151515152,0.15151515151515152,0.10606060606060606,2.6194661900280627,2.3849429158137956,0.09090909090909091,2,12.72839327552667,162.01199537647256,20,0.09090909090909091,0.0,2.204414825724732,2.8461552608428846,0.030303030303030304,0.21212121212121213,0.09090909090909091,0.030303030303030304,9.858442801857706,97.18889447750001,0.015151515151515152,0.030303030303030304,0.2727272727272727,1.666980535661712,Paracentrotus lividus (Common sea urchin),open_ocean,low,,missing,pending_biooracle,,missing,pending_biooracle,,missing,pending_biooracle,12.5,obis_aggregate,obis:depth_median,,missing,pending_obis,,missing,pending_obis,new_candidate,15.0,habitat_default,habitat_default:open_ocean,35.0,habitat_default,habitat_default:open_ocean,8.1,habitat_default,habitat_default:open_ocean,12.5,obis_aggregate,obis:depth_median_m,7.0,habitat_default,habitat_default:open_ocean
Q967H8,0.0,0.0,0.0,0.0,0.2222222222222222,0.2926093386510966,0.12962962962962962,0.018518518518518517,0.3125,0.375,0.0,0.25806451612903225,0.17204301075268819,0.1935483870967742,0.3125,0.43358966777357594,6.0,3.3333333333333335,2.0,1.4452988925785866,0.2962962962962963,1.9161272168031893,2.505300967363813,0.16666666666666666,0.14814814814814814,0.18518518518518517,2.2465850301673376,2.010483851276357,0.1111111111111111,1,8.45539076485287,71.4936329863592,16,0.1111111111111111,0.0,1.616732339177691,2.1138476912132176,0.037037037037037035,0.16666666666666666,0.1111111111111111,0.05555555555555555,6.466929356710764,41.8211753046875,0.037037037037037035,0.05555555555555555,0.3148148148148148,1.7095079816741994,Crassostrea rhizophorae (Mangrove oyster),coastal_estuarine,moderate,,missing,pending_biooracle,,missing,pending_biooracle,,missing,pending_biooracle,1.5,obis_aggregate,obis:depth_median,,missing,pending_obis,,missing,pending_obis,new_candidate,22.0,habitat_default,habitat_default:coastal_estuarine,32.0,habitat_default,habitat_default:coastal_estuarine,8.1,habitat_default,habitat_default:coastal_estuarine,1.5,obis_aggregate,obis:depth_median_m,6.5,habitat_default,habitat_default:coastal_estuarine
Q967T9,0.02857142857142857,0.0,0.0,0.3333333333333333,0.17142857142857143,0.19933759200234533,0.12857142857142856,0.014285714285714285,0.3333333333333333,0.3333333333333333,0.0,0.1885245901639344,0.16393442622950818,0.3114754098360656,0.3333333333333333,0.41443114557954686,6.0,3.35,2.0,1.388344337691482,0.3,2.724504930201793,3.4800461104202,0.14285714285714285,0.14285714285714285,0.07142857142857142,2.5337090124068933,2.31072022297765,0.08571428571428572,1,11.600153701400666,134.56356589611957,21,0.05714285714285714,0.05714285714285714,1.98178572602065,2.531361067132891,0.014285714285714285,0.24285714285714285,0.11428571428571428,0.04285714285714286,9.081683100672644,82.47696794104309,0.18571428571428572,0.18571428571428572,0.44285714285714284,1.63152901052703,Tegillarca granosa (Malaysian cockle) (Anadara granosa),coastal_estuarine,moderate,28.4114,biooracle_sampled,biooracle:BO22_tempmean_ss,8.0684,biooracle_sampled,biooracle:BO22_phmean_ss,34.0447,biooracle_sampled,biooracle:BO22_salinitymean_ss,16.5,obis_aggregate,obis:depth_median,,missing,pending_obis,,missing,pending_obis,new_candidate,28.4114,biooracle_sampled,biooracle:sst_mean_c,34.0447,biooracle_sampled,biooracle:salinity_mean_psu,8.0684,biooracle_sampled,biooracle:ph_mean,42.0556,biooracle_sampled,biooracle:depth_mean_m,4.4899,biooracle_sampled,biooracle:do_mean_mlL
Q98TC0,0.0,0.0,0.041666666666666664,0.7142857142857143,0.14583333333333334,0.17116930859417775,0.10416666666666667,0.08333333333333333,0.25,0.4375,0.0,0.1276595744680851,0.11702127659574468,0.3617021276595745,0.3125,0.41649656391752143,5.0,2.8,1.0,1.16619037896906,0.3333333333333333,2.797725104046589,3.7123296752865724,0.125,0.08333333333333333,0.0625,2.4962577339349483,2.239983394964658,0.125,2,11.136989025859718,124.03252456211979,16,0.020833333333333332,0.10416666666666667,2.098293828034942,2.7842472564649294,0.0625,0.3125,0.125,0.041666666666666664,8.393175312139768,70.44539182031248,0.08333333333333333,0.10416666666666667,0.2916666666666667,1.7606903923324586,Seriola quinqueradiata (Five-ray yellowtail),coastal_estuarine,moderate,24.982,biooracle_sampled,biooracle:BO22_tempmean_ss,8.0919,biooracle_sampled,biooracle:BO22_phmean_ss,34.5637,biooracle_sampled,biooracle:BO22_salinitymean_ss,200.5,obis_aggregate,obis:depth_median,,missing,pending_obis,,missing,pending_obis,new_candidate,24.982,biooracle_sampled,biooracle:sst_mean_c,34.5637,biooracle_sampled,biooracle:salinity_mean_psu,8.0919,biooracle_sampled,biooracle:ph_mean,544.5278,biooracle_sampled,biooracle:depth_mean_m,4.7712,biooracle_sampled,biooracle:do_mean_mlL
Q98TP9,0.0,0.025,0.05,1.0,0.1,0.156758613555995,0.125,0.1,0.26666666666666666,0.4,0.03488372093023256,0.11627906976744186,0.18604651162790697,0.3023255813953488,0.3333333333333333,0.39444647349530876,4.0,2.642857142857143,1.0,1.0424656799518874,0.375,3.1921518026638402,4.215400519923655,0.1,0.15,0.075,2.50479653251994,2.2525967160001317,0.1,2,11.241068053129746,126.36161097509418,15,0.0,0.1,2.1978934702725397,2.9024312908903824,0.1,0.275,0.1,0.075,8.512404807103573,72.46103560000003,0.1,0.1,0.3,1.743855990033548,Platichthys flesus (European flounder) (Pleuronectes flesus),coastal_estuarine,moderate,9.9472,biooracle_sampled,biooracle:BO22_tempmean_ss,8.1162,biooracle_sampled,biooracle:BO22_phmean_ss,8.4987,biooracle_sampled,biooracle:BO22_salinitymean_ss,24,obis_aggregate,obis:depth_median,,missing,pending_obis,,missing,pending_obis,new_candidate,9.9472,biooracle_sampled,biooracle:sst_mean_c,8.4987,biooracle_sampled,biooracle:salinity_mean_psu,8.1162,biooracle_sampled,biooracle:ph_mean,21.2778,biooracle_sampled,biooracle:depth_mean_m,7.5848,biooracle_sampled,biooracle:do_mean_mlL
Q9BIV4,0.0,0.0,0.0,0.2,0.1875,0.15658498179902128,0.125,0.0125,0.30434782608695654,0.391304347826087,0.0,0.22058823529411764,0.15441176470588236,0.25,0.30434782608695654,0.4256220472438817,6.0,3.3636363636363638,2.0,1.431637795274875,0.2875,3.127260137484568,3.8823029227843944,0.1625,0.15,0.15,2.674401192715452,2.4746396713752308,0.1125,1,13.503662340119634,182.34889659596527,23,0.075,0.0375,2.2681002266839716,2.815708240474633,0.025,0.2125,0.1125,0.0375,10.877426565163715,118.31840868052929,0.075,0.1,0.325,1.5411709693317819,Magallana gigas (Pacific oyster) (Crassostrea gigas),coastal_estuarine,moderate,,missing,pending_biooracle,,missing,pending_biooracle,,missing,pending_biooracle,0,obis_aggregate,obis:depth_median,,missing,pending_obis,,missing,pending_obis,new_candidate,22.0,habitat_default,habitat_default:coastal_estuarine,32.0,habitat_default,habitat_default:coastal_estuarine,8.1,habitat_default,habitat_default:coastal_estuarine,0,obis_aggregate,obis:depth_median_m,6.5,habitat_default,habitat_default:coastal_estuarine
Q9N9H0,0.0,0.0,0.0,0.25,0.1702127659574468,0.5064532493822721,0.1276595744680851,0.0,0.2857142857142857,0.35714285714285715,0.0,0.2,0.175,0.25,0.35714285714285715,0.46511627906976744,6.0,3.3076923076923075,2.0,1.5384615384615383,0.2978723404255319,1.333588282287526,1.8391928012781988,0.14893617021276595,0.1702127659574468,0.19148936170212766,1.9705237307485635,1.7005659732207257,0.10638297872340426,1,6.174432975719668,38.12362257165444,14,0.06382978723404255,0.0425531914893617,1.1965409746163562,1.6501866251958646,0.02127659574468085,0.2127659574468085,0.10638297872340426,0.0425531914893617,4.47704637625098,20.043944255102033,0.0851063829787234,0.10638297872340426,0.3404255319148936,1.9020020254721255,Venerupis corrugata,coastal_estuarine,moderate,10.9293,biooracle_sampled,biooracle:BO22_tempmean_ss,8.0769,biooracle_sampled,biooracle:BO22_phmean_ss,32.9234,biooracle_sampled,biooracle:BO22_salinitymean_ss,0.0,obis_aggregate,obis:depth_median,,missing,pending_obis,,missing,pending_obis,new_candidate,10.9293,biooracle_sampled,biooracle:sst_mean_c,32.9234,biooracle_sampled,biooracle:salinity_mean_psu,8.0769,biooracle_sampled,biooracle:ph_mean,4.6944,biooracle_sampled,biooracle:depth_mean_m,6.2966,biooracle_sampled,biooracle:do_mean_mlL
Q9N9H1,0.0,0.0,0.0,0.3333333333333333,0.15254237288135594,0.22408537875877904,0.11864406779661017,0.01694915254237288,0.2777777777777778,0.3888888888888889,0.0,0.16981132075471697,0.14150943396226415,0.2641509433962264,0.3333333333333333,0.39283710065919303,6.0,3.176470588235294,2.0,1.2478354962115543,0.3050847457627119,2.3825469998616695,3.138040143656658,0.2033898305084746,0.13559322033898305,0.13559322033898305,2.4235451431380417,2.175826099889492,0.1016949152542373,1,10.285798248652378,105.79764561198034,18,0.05084745762711865,0.05084745762711865,1.8407072826995037,2.424385897179604,0.03389830508474576,0.2033898305084746,0.1016949152542373,0.06779661016949153,7.809459610657694,60.98765941049382,0.11864406779661017,0.1016949152542373,0.3898305084745763,1.734738578830856,Ruditapes decussatus,coastal_estuarine,moderate,17.8339,biooracle_sampled,biooracle:BO22_tempmean_ss,8.0986,biooracle_sampled,biooracle:BO22_phmean_ss,37.9193,biooracle_sampled,biooracle:BO22_salinitymean_ss,0.5,obis_aggregate,obis:depth_median,,missing,pending_obis,,missing,pending_obis,new_candidate,17.8339,biooracle_sampled,biooracle:sst_mean_c,37.9193,biooracle_sampled,biooracle:salinity_mean_psu,8.0986,biooracle_sampled,biooracle:ph_mean,21.6944,biooracle_sampled,biooracle:depth_mean_m,5.3707,biooracle_sampled,biooracle:do_mean_mlL
Q9N9H2,0.0,0.0,0.0,0.3333333333333333,0.15789473684210525,0.30104296322577945,0.12280701754385964,0.017543859649122806,0.29411764705882354,0.4117647058823529,0.0,0.18,0.12,0.27,0.29411764705882354,0.38461538461538464,6.0,3.25,2.0,1.25,0.2982456140350877,1.9550190495616577,2.5693163414990265,0.21052631578947367,0.12280701754385964,0.14035087719298245,2.263300099681088,2.022218049965561,0.10526315789473684,1,8.614766556790855,74.21420282800216,17,0.05263157894736842,0.05263157894736842,1.5898365133630787,2.089387791393368,0.03508771929824561,0.21052631578947367,0.10526315789473684,0.07017543859649122,6.5550638720596766,42.968862366782,0.08771929824561403,0.08771929824561403,0.38596491228070173,1.727162385508606,Ruditapes philippinarum (Japanese carpet shell) (Venerupis philippinarum),coastal_estuarine,moderate,,missing,pending_biooracle,,missing,pending_biooracle,,missing,pending_biooracle,3.4,obis_aggregate,obis:depth_median,,missing,pending_obis,,missing,pending_obis,new_candidate,22.0,habitat_default,habitat_default:coastal_estuarine,32.0,habitat_default,habitat_default:coastal_estuarine,8.1,habitat_default,habitat_default:coastal_estuarine,3.4,obis_aggregate,obis:depth_median_m,6.5,habitat_default,habitat_default:coastal_estuarine
Q9NG19,0.0,0.0,0.0,0.23809523809523808,0.19626168224299065,0.14589848924936047,0.12149532710280374,0.009345794392523364,0.3333333333333333,0.3333333333333333,0.0,0.22346368715083798,0.11731843575418995,0.25139664804469275,0.3333333333333333,0.4347413023856832,6.0,3.4482758620689653,2.0,1.4991079392609765,0.2803738317757009,3.6090862161215718,4.478660650084259,0.19626168224299065,0.11214953271028037,0.14018691588785046,2.831676260522889,2.6299017956279807,0.12149532710280374,1,15.973889651967191,255.1651506132245,30,0.07476635514018691,0.04672897196261682,2.350169319810336,2.916419897826926,0.018691588785046728,0.21495327102803738,0.12149532710280374,0.04672897196261682,12.87240750416694,165.69887495333336,0.06542056074766354,0.09345794392523364,0.3644859813084112,1.5399329095329586,Magallana gigas (Pacific oyster) (Crassostrea gigas),coastal_estuarine,moderate,,missing,pending_biooracle,,missing,pending_biooracle,,missing,pending_biooracle,0,obis_aggregate,obis:depth_median,,missing,pending_obis,,missing,pending_obis,new_candidate,22.0,habitat_default,habitat_default:coastal_estuarine,32.0,habitat_default,habitat_default:coastal_estuarine,8.1,habitat_default,habitat_default:coastal_estuarine,0,obis_aggregate,obis:depth_median_m,6.5,habitat_default,habitat_default:coastal_estuarine
Q9U1N5,0.0,0.0,0.0,0.2,0.2,0.14506467491760563,0.12,0.013333333333333334,0.2857142857142857,0.42857142857142855,0.0,0.216,0.12,0.256,0.2857142857142857,0.4302570246566998,6.0,3.4,2.0,1.4628738838327793,0.28,3.0395613348420305,3.7339008106388567,0.18666666666666668,0.12,0.14666666666666667,2.6627292150294126,2.472798321951974,0.12,1,13.335360037995915,177.8318273429784,21,0.08,0.04,2.368880934757588,2.910014133028832,0.02666666666666667,0.21333333333333335,0.12,0.05333333333333334,10.855576195864394,117.84353454421768,0.05333333333333334,0.09333333333333334,0.36,1.5090503524930485,Magallana gigas (Pacific oyster) (Crassostrea gigas),coastal_estuarine,moderate,,missing,pending_biooracle,,missing,pending_biooracle,,missing,pending_biooracle,0,obis_aggregate,obis:depth_median,,missing,pending_obis,,missing,pending_obis,new_candidate,22.0,habitat_default,habitat_default:coastal_estuarine,32.0,habitat_default,habitat_default:coastal_estuarine,8.1,habitat_default,habitat_default:coastal_estuarine,0,obis_aggregate,obis:depth_median_m,6.5,habitat_default,habitat_default:coastal_estuarine
Q9U623,0.034482758620689655,0.0,0.034482758620689655,0.23076923076923078,0.22413793103448276,0.1534271956886703,0.08620689655172414,0.05172413793103448,0.3333333333333333,0.3888888888888889,0.0,0.24761904761904763,0.19047619047619047,0.24761904761904763,0.2777777777777778,0.4410517285069121,6.0,3.0588235294117645,1.0,1.3490994048446723,0.3103448275862069,2.9797299619687787,3.792121756388467,0.08620689655172414,0.1896551724137931,0.06896551724137931,2.5816596513157473,2.360981549556692,0.10344827586206896,2,12.219058992807282,149.3054026697045,18,0.08620689655172414,0.05172413793103448,2.2630603927471427,2.8800598245108318,0.08620689655172414,0.1896551724137931,0.13793103448275862,0.10344827586206896,9.601352099677175,92.1859621419753,0.034482758620689655,0.06896551724137931,0.3103448275862069,1.6196110470676623,Pacifastacus leniusculus (Signal crayfish),coastal_estuarine,moderate,6.8088,biooracle_sampled,biooracle:BO22_tempmean_ss,8.0412,biooracle_sampled,biooracle:BO22_phmean_ss,31.288,biooracle_sampled,biooracle:BO22_salinitymean_ss,137.5278,biooracle_sampled,biooracle:BO_bathymean,,missing,pending_obis,,missing,pending_obis,new_candidate,6.8088,biooracle_sampled,biooracle:sst_mean_c,31.288,biooracle_sampled,biooracle:salinity_mean_psu,8.0412,biooracle_sampled,biooracle:ph_mean,137.5278,biooracle_sampled,biooracle:depth_mean_m,7.2082,biooracle_sampled,biooracle:do_mean_mlL
R4J2G3,0.0,0.0,0.0,0.1111111111111111,0.1956521739130435,0.5973030894718334,0.10869565217391304,0.021739130434782608,0.4166666666666667,0.3333333333333333,0.0,0.19718309859154928,0.19718309859154928,0.23943661971830985,0.25,0.4138795673819816,6.0,3.272727272727273,2.0,1.3545149477955762,0.2608695652173913,0.985261709688573,1.38765565097982,0.13043478260869565,0.21739130434782608,0.15217391304347827,1.8436158265633815,1.5637785185840771,0.10869565217391304,1,5.31934666208931,28.295448911480683,12,0.08695652173913043,0.021739130434782608,1.090278800512613,1.5355631136351002,0.043478260869565216,0.1956521739130435,0.10869565217391304,0.06521739130434782,3.7768365538061963,14.264494354166665,0.043478260869565216,0.043478260869565216,0.30434782608695654,1.9836278951742559,Crassostrea virginica (Eastern oyster),coastal_estuarine,moderate,22.0622,biooracle_sampled,biooracle:BO22_tempmean_ss,8.1105,biooracle_sampled,biooracle:BO22_phmean_ss,35.9989,biooracle_sampled,biooracle:BO22_salinitymean_ss,3.0,obis_aggregate,obis:depth_median,,missing,pending_obis,,missing,pending_obis,new_candidate,22.0622,biooracle_sampled,biooracle:sst_mean_c,35.9989,biooracle_sampled,biooracle:salinity_mean_psu,8.1105,biooracle_sampled,biooracle:ph_mean,25.7222,biooracle_sampled,biooracle:depth_mean_m,4.9358,biooracle_sampled,biooracle:do_mean_mlL
R9WS48,0.0,0.0,0.03125,0.5,0.125,0.16189188329948279,0.125,0.03125,0.38095238095238093,0.23809523809523808,0.0,0.144,0.112,0.344,0.38095238095238093,0.5102982271361636,6.0,2.9,1.0,1.4798648586948742,0.328125,3.3198742975544264,4.206793758585107,0.125,0.140625,0.09375,2.6261678147286864,2.408539525291963,0.09375,3,12.820704788068898,164.37047126281277,21,0.03125,0.0625,2.2078657982812167,2.797707150190881,0.0625,0.28125,0.09375,0.0625,10.117712144927776,102.36809904761901,0.09375,0.125,0.359375,1.605680605501445,Scylla paramamosain (Mud crab),coastal_estuarine,moderate,28.9272,biooracle_sampled,biooracle:BO22_tempmean_ss,8.0627,biooracle_sampled,biooracle:BO22_phmean_ss,35.3643,biooracle_sampled,biooracle:BO22_salinitymean_ss,276.0,obis_aggregate,obis:depth_median,,missing,pending_obis,,missing,pending_obis,new_candidate,28.9272,biooracle_sampled,biooracle:sst_mean_c,35.3643,biooracle_sampled,biooracle:salinity_mean_psu,8.0627,biooracle_sampled,biooracle:ph_mean,3507.8611,biooracle_sampled,biooracle:depth_mean_m,4.4723,biooracle_sampled,biooracle:do_mean_mlL
S5FPE0,0.04054054054054054,0.0,0.013513513513513514,0.06666666666666667,0.20270270270270271,0.22976348462840382,0.0945945945945946,0.04054054054054054,0.35,0.45,0.0,0.25833333333333336,0.15833333333333333,0.26666666666666666,0.2,0.43137917252402774,7.0,3.0526315789473686,1.0,1.316841684547032,0.2702702702702703,2.209080427113299,2.8782864329074576,0.06756756756756757,0.21621621621621623,0.0945945945945946,2.4552769780194637,2.216329529976248,0.06756756756756757,2,10.649659801757592,113.41525389317155,20,0.0945945945945946,0.013513513513513514,1.8276719810321542,2.3813363253976907,0.02702702702702703,0.24324324324324326,0.10810810810810811,0.013513513513513514,8.173597580319207,66.807697405,0.06756756756756757,0.08108108108108109,0.22972972972972974,1.6976375222996887,Pinctada imbricata (Atlantic pearl-oyster) (Pinctada martensii),coastal_estuarine,moderate,27.2899,biooracle_sampled,biooracle:BO22_tempmean_ss,8.0641,biooracle_sampled,biooracle:BO22_phmean_ss,35.6143,biooracle_sampled,biooracle:BO22_salinitymean_ss,5.0,obis_aggregate,obis:depth_median,,missing,pending_obis,,missing,pending_obis,new_candidate,27.2899,biooracle_sampled,biooracle:sst_mean_c,35.6143,biooracle_sampled,biooracle:salinity_mean_psu,8.0641,biooracle_sampled,biooracle:ph_mean,4862.3335,biooracle_sampled,biooracle:depth_mean_m,4.5726,biooracle_sampled,biooracle:do_mean_mlL
T2A7H3,0.0,0.01282051282051282,0.0,0.0,0.07692307692307693,0.14685485068869614,0.11538461538461539,0.02564102564102564,0.3333333333333333,0.3333333333333333,0.024,0.088,0.256,0.384,0.3333333333333333,0.5596708869381839,10.0,3.55,2.0,1.9868316486305526,0.2692307692307692,2.8605326333424044,3.623543473536972,0.07692307692307693,0.23076923076923078,0.05128205128205128,2.671308465357548,2.4531438004289323,0.038461538461538464,1,13.458875758851612,181.14133669220354,21,0.038461538461538464,0.0,2.3185291858826953,2.9369674730449398,0.07692307692307693,0.34615384615384615,0.038461538461538464,0.08974358974358974,10.624835495271789,112.88712930158732,0.11538461538461539,0.16666666666666666,0.38461538461538464,1.604623466048724,Pinctada imbricata (Atlantic pearl-oyster) (Pinctada martensii),coastal_estuarine,moderate,27.2899,biooracle_sampled,biooracle:BO22_tempmean_ss,8.0641,biooracle_sampled,biooracle:BO22_phmean_ss,35.6143,biooracle_sampled,biooracle:BO22_salinitymean_ss,5.0,obis_aggregate,obis:depth_median,,missing,pending_obis,,missing,pending_obis,new_candidate,27.2899,biooracle_sampled,biooracle:sst_mean_c,35.6143,biooracle_sampled,biooracle:salinity_mean_psu,8.0641,biooracle_sampled,biooracle:ph_mean,4862.3335,biooracle_sampled,biooracle:depth_mean_m,4.5726,biooracle_sampled,biooracle:do_mean_mlL
T2BQT3,0.01694915254237288,0.0,0.03389830508474576,0.38461538461538464,0.22033898305084745,0.21972971431382007,0.0847457627118644,0.05084745762711865,0.2777777777777778,0.4444444444444444,0.0,0.24299065420560748,0.17757009345794392,0.27102803738317754,0.2777777777777778,0.4410517285069121,6.0,3.0588235294117645,1.0,1.3490994048446723,0.3050847457627119,2.422411255133491,3.1475803493346945,0.0847457627118644,0.1694915254237288,0.0847457627118644,2.426312110167546,2.1905496585176945,0.13559322033898305,2,10.317068922819276,106.4419111582033,18,0.06779661016949153,0.0847457627118644,1.8715055943393137,2.4317564657648334,0.06779661016949153,0.22033898305084745,0.15254237288135594,0.0847457627118644,7.940125780715332,63.04559741358025,0.0847457627118644,0.0847457627118644,0.3050847457627119,1.6883321837676062,Portunus trituberculatus (Swimming crab) (Neptunus trituberculatus),coastal_estuarine,moderate,15.0903,biooracle_sampled,biooracle:BO22_tempmean_ss,8.1203,biooracle_sampled,biooracle:BO22_phmean_ss,30.7333,biooracle_sampled,biooracle:BO22_salinitymean_ss,90,obis_aggregate,obis:depth_median,,missing,pending_obis,,missing,pending_obis,new_candidate,15.0903,biooracle_sampled,biooracle:sst_mean_c,30.7333,biooracle_sampled,biooracle:salinity_mean_psu,8.1203,biooracle_sampled,biooracle:ph_mean,19.1667,biooracle_sampled,biooracle:depth_mean_m,5.923,biooracle_sampled,biooracle:do_mean_mlL
U3N546,0.04,0.0,0.0,0.1111111111111111,0.24,0.16555406850082147,0.12,0.013333333333333334,0.3333333333333333,0.38095238095238093,0.0,0.256,0.136,0.264,0.2857142857142857,0.43025702465669985,6.0,3.4,2.0,1.4628738838327795,0.28,2.827993774816345,3.5165520523075076,0.14666666666666667,0.12,0.10666666666666667,2.607058975993897,2.4069431053614387,0.09333333333333334,1,12.559114472526812,157.73135633403243,21,0.10666666666666667,0.02666666666666667,2.2039958397890818,2.740623463427119,0.02666666666666667,0.21333333333333335,0.13333333333333333,0.04,10.099977767201231,102.00955089795917,0.06666666666666667,0.09333333333333334,0.3333333333333333,1.5462410621904623,Ruditapes philippinarum (Japanese carpet shell) (Venerupis philippinarum),coastal_estuarine,moderate,,missing,pending_biooracle,,missing,pending_biooracle,,missing,pending_biooracle,3.4,obis_aggregate,obis:depth_median,,missing,pending_obis,,missing,pending_obis,new_candidate,22.0,habitat_default,habitat_default:coastal_estuarine,32.0,habitat_default,habitat_default:coastal_estuarine,8.1,habitat_default,habitat_default:coastal_estuarine,3.4,obis_aggregate,obis:depth_median_m,6.5,habitat_default,habitat_default:coastal_estuarine
W5U1U9,0.014084507042253521,0.0,0.014084507042253521,0.05263157894736842,0.2676056338028169,0.1588954170256772,0.1267605633802817,0.028169014084507043,0.3333333333333333,0.38095238095238093,0.0,0.31451612903225806,0.13709677419354838,0.18548387096774194,0.2857142857142857,0.4949448597583204,7.0,3.25,1.0,1.6085707942145413,0.29577464788732394,3.052882578756456,3.7872128574436,0.14084507042253522,0.11267605633802817,0.16901408450704225,2.624986391481882,2.426716876934377,0.1267605633802817,2,12.804386327547409,163.952309225083,21,0.1267605633802817,0.014084507042253521,2.252368822794568,2.794146170163982,0.014084507042253521,0.18309859154929578,0.14084507042253522,0.028169014084507043,10.321650623414685,106.53647159183676,0.056338028169014086,0.11267605633802817,0.30985915492957744,1.5389312859282425,Sinohyriopsis schlegelii (Biwa pearly mussel) (Hyriopsis schlegelii),coastal_estuarine,moderate,18.6431,biooracle_sampled,biooracle:BO22_tempmean_ss,8.1554,biooracle_sampled,biooracle:BO22_phmean_ss,32.8515,biooracle_sampled,biooracle:BO22_salinitymean_ss,34.1944,biooracle_sampled,biooracle:BO_bathymean,,missing,pending_obis,,missing,pending_obis,new_candidate,18.6431,biooracle_sampled,biooracle:sst_mean_c,32.8515,biooracle_sampled,biooracle:salinity_mean_psu,8.1554,biooracle_sampled,biooracle:ph_mean,34.1944,biooracle_sampled,biooracle:depth_mean_m,5.558,biooracle_sampled,biooracle:do_mean_mlL
W5U2P4,0.0410958904109589,0.0,0.0,0.3333333333333333,0.2876712328767123,0.1121179150147648,0.1095890410958904,0.0,0.35,0.35,0.0,0.3135593220338983,0.11016949152542373,0.3389830508474576,0.3,0.4541828076030728,8.0,3.526315789473684,2.0,1.601592005758204,0.273972602739726,3.2709046190078137,4.093562012308953,0.0547945205479452,0.1232876712328767,0.0684931506849315,2.768925856186933,2.5602306927749163,0.0547945205479452,1,14.94150134492768,223.24846244047566,20,0.1917808219178082,-0.0958904109589041,2.6695972527471254,3.341021269316282,0.0,0.2328767123287671,0.0958904109589041,0.0273972602739726,11.93880185937852,142.5349898375,0.0684931506849315,0.0821917808219178,0.1780821917808219,1.5662712902634979,Sinohyriopsis schlegelii (Biwa pearly mussel) (Hyriopsis schlegelii),coastal_estuarine,moderate,18.6431,biooracle_sampled,biooracle:BO22_tempmean_ss,8.1554,biooracle_sampled,biooracle:BO22_phmean_ss,32.8515,biooracle_sampled,biooracle:BO22_salinitymean_ss,34.1944,biooracle_sampled,biooracle:BO_bathymean,,missing,pending_obis,,missing,pending_obis,new_candidate,18.6431,biooracle_sampled,biooracle:sst_mean_c,32.8515,biooracle_sampled,biooracle:salinity_mean_psu,8.1554,biooracle_sampled,biooracle:ph_mean,34.1944,biooracle_sampled,biooracle:depth_mean_m,5.558,biooracle_sampled,biooracle:do_mean_mlL
